company_number,company_name,company_type,company_subtype,company_status,date_of_creation,date_of_cessation,sic_codes,is_community_interest_company,has_insolvency_history,governed_by,business_activity,branch_parent_company_name,branch_parent_company_number,registered_office_address,address_premises,address_line_1,address_line_2,address_locality,address_region,address_postal_code,address_country,insolvency_case_count,most_recent_case_type,most_recent_case_number,case_date_1_type,case_date_1_value,case_date_2_type,case_date_2_value,case_date_3_type,case_date_3_value,case_date_4_type,case_date_4_value,case_date_5_type,case_date_5_value,practitioners_count,practitioner_1_name,practitioner_1_role,practitioner_1_appointed_on,practitioner_1_ceased_to_act_on,practitioner_1_address,practitioner_2_name,practitioner_2_role,practitioner_2_appointed_on,practitioner_2_ceased_to_act_on,practitioner_2_address,practitioner_3_name,practitioner_3_role,practitioner_3_appointed_on,practitioner_3_ceased_to_act_on,practitioner_3_address,case_notes,all_case_types,earliest_insolvency_date,latest_insolvency_date
12850579,PADDOCK AND LONGWOOD FAMILY PRACTICE LIMITED,ltd,,active,2020-09-01,,86210,False,False,,,,,"Speedwell Surgery 1 Speedwell Street, Paddock, Huddersfield, HD1 4TS, England",,Speedwell Surgery 1 Speedwell Street,Paddock,Huddersfield,,HD1 4TS,England,,,,,,,,,,,,,,,,,,,,,,,,,,,,,,,,,
09644619,SSP HEALTH GPMS LTD,ltd,,active,2015-06-17,,86210,False,False,,,,,"3rd Floor Waterside House, Waterside Drive, Wigan, WN3 5AZ, England",,3rd Floor Waterside House,Waterside Drive,Wigan,,WN3 5AZ,England,,,,,,,,,,,,,,,,,,,,,,,,,,,,,,,,,
11695322,SUSSEX PRIMARY CARE LTD,ltd,,active,2018-11-26,,86210; 86220; 86900,False,False,,,,,"Sussex Community Nhs Foundation Trust Sussex Primary Care, Arundel Building, 1st Floor, Elm Grove, Brighton, BN2 3EW, England",,"Sussex Community Nhs Foundation Trust Sussex Primary Care, Arundel Building, 1st Floor",Elm Grove,Brighton,,BN2 3EW,England,,,,,,,,,,,,,,,,,,,,,,,,,,,,,,,,,
12142019,DRS S BASSI & H KAMBOJ LTD,ltd,,active,2019-08-06,,86210,False,False,,,,,"Hanwell Health Centre 20, Church Road, Hanwell, London, W7 1DR",,Hanwell Health Centre 20,Church Road,Hanwell,London,W7 1DR,,,,,,,,,,,,,,,,,,,,,,,,,,,,,,,,,,
12843905,ST AUSTELL HEALTHCARE GROUP (MEVAGISSEY) LIMITED,ltd,,active,2020-08-28,,86220,False,False,,,,,"1 Wheal Northey 1 Wheal Northey, Wheal Northey Surgery, St. Austell, Cornwall, PL25 3EF, England",,1 Wheal Northey 1 Wheal Northey,Wheal Northey Surgery,St. Austell,Cornwall,PL25 3EF,England,,,,,,,,,,,,,,,,,,,,,,,,,,,,,,,,,
07227455,SALFORD PRIMARY CARE TOGETHER CIC,ltd,community-interest-company,active,2010-04-19,,86210; 86220,True,False,,,,,"3rd Floor 2 City Approach Albert Street, Eccles, Manchester, M30 0BL, England",,3rd Floor 2 City Approach Albert Street,Eccles,Manchester,,M30 0BL,England,,,,,,,,,,,,,,,,,,,,,,,,,,,,,,,,,
07584906,LOCALA COMMUNITY PARTNERSHIPS C.I.C.,ltd,community-interest-company,active,2011-03-30,,86101; 86210; 86230; 86900,True,False,,,,,"Eddercliffe Health Centre, Bradford Road, Liversedge, WF15 6LP, England",,Eddercliffe Health Centre,Bradford Road,Liversedge,,WF15 6LP,England,,,,,,,,,,,,,,,,,,,,,,,,,,,,,,,,,
12902524,EIGHTLANDS SURGERY LTD,ltd,,active,2020-09-24,,86900,False,False,,,,,"Eightlands Surgery Dewsbury Health Centre, Wellington Road, Dewsbury, WF13 1HN, England",,Eightlands Surgery Dewsbury Health Centre,Wellington Road,Dewsbury,,WF13 1HN,England,,,,,,,,,,,,,,,,,,,,,,,,,,,,,,,,,
12412597,OSWALD MEDICAL CENTRE LIMITED,ltd,,active,2020-01-20,,86210,False,False,,,,,"1 Hardman Street, Spinningfields, Manchester, Greater Manchester, M3 3HF, United Kingdom",,1 Hardman Street,Spinningfields,Manchester,Greater Manchester,M3 3HF,United Kingdom,,,,,,,,,,,,,,,,,,,,,,,,,,,,,,,,,
10747880,MKGP PLUS LIMITED,ltd,,dissolved,2017-05-02,2026-01-30,86210; 86220; 86900,False,True,,,,,"Cmb Partners Uk Ltd, 49 Tabernacle Street, London, EC2A 4AA",,Cmb Partners Uk Ltd,49 Tabernacle Street,London,,EC2A 4AA,,1,creditors-voluntary-liquidation,1,due-to-be-dissolved-on,2026-01-30,wound-up-on,2023-02-27,,,,,,,2,Lane Gary Bednash,practitioner,2023-02-27,,"Craftwork Studios  1-3 Dufferin Street, London, EC1Y 8NA",Adam Price,practitioner,2023-02-27,,"Craftwork Studios 1-3 Dufferin Street, London, EC1Y 8NA",,,,,,,creditors-voluntary-liquidation,2023-02-27,2026-01-30
06545745,THE PRACTICE SURGERIES LIMITED,ltd,,active,2008-03-27,,86210,False,False,,,,,"Prospect House, 108 High Street, Great Missenden, HP16 0BG, England",,Prospect House,108 High Street,Great Missenden,,HP16 0BG,England,,,,,,,,,,,,,,,,,,,,,,,,,,,,,,,,,
07087850,VH DOCTORS LIMITED,ltd,,dissolved,2009-11-26,2020-12-15,86210,False,False,,,,,"The Heath Business And Technical Park, Runcorn, Cheshire, WA7 4QX, United Kingdom",,The Heath Business And Technical Park,,Runcorn,Cheshire,WA7 4QX,United Kingdom,,,,,,,,,,,,,,,,,,,,,,,,,,,,,,,,,
06633460,SYMPHONY HEALTHCARE SERVICES LIMITED,ltd,,active,2008-06-30,,86210,False,False,,,,,"Wincanton Health Centre, Dyke's Way, Wincanton, Somerset, BA9 9FQ, England",,Wincanton Health Centre,Dyke's Way,Wincanton,Somerset,BA9 9FQ,England,,,,,,,,,,,,,,,,,,,,,,,,,,,,,,,,,
05057581,AT MEDICS LIMITED,ltd,,active,2004-02-27,,86210,False,False,,,,,"108 High Street, Great Missenden, HP16 0BG, England",,108 High Street,,Great Missenden,,HP16 0BG,England,,,,,,,,,,,,,,,,,,,,,,,,,,,,,,,,,
03156031,SOUTH EAST LONDON DOCTORS CO OPERATIVE LIMITED,private-limited-guarant-nsc,,active,1996-02-01,,86210,False,False,,,,,"Hanover House, 76 Coombe Road, Kingston Upon Thames, KT2 7AZ, England",,"Hanover House, 76 Coombe Road",,Kingston Upon Thames,,KT2 7AZ,England,,,,,,,,,,,,,,,,,,,,,,,,,,,,,,,,,
06510296,DURHAM DALES HEALTH,private-limited-guarant-nsc-limited-exemption,,active,2008-02-20,,70221; 70229; 86210; 86900,False,False,,,,,"51-55 Innovation House 26 Longfield Road, South Church Enterprise Park, Bishop Auckland, County Durham, DL14 6XB, England",,51-55 Innovation House 26 Longfield Road,South Church Enterprise Park,Bishop Auckland,County Durham,DL14 6XB,England,,,,,,,,,,,,,,,,,,,,,,,,,,,,,,,,,
06259954,SPIRIT HEALTHCARE LTD,ltd,,active,2007-05-25,,46460; 86900,False,False,,,,,"Spirit House, Saffron Way, Leicester, LE2 6UP, United Kingdom",,Spirit House,Saffron Way,Leicester,,LE2 6UP,United Kingdom,,,,,,,,,,,,,,,,,,,,,,,,,,,,,,,,,
13074092,LINDLEY VILLAGE SURGERY LTD,ltd,,active,2020-12-09,,86210,False,False,,,,,"The Lindley Village Surgery Thomas Street, Lindley, Huddersfield, West Yorkshire, HD3 3JD, United Kingdom",,The Lindley Village Surgery Thomas Street,Lindley,Huddersfield,West Yorkshire,HD3 3JD,United Kingdom,,,,,,,,,,,,,,,,,,,,,,,,,,,,,,,,,
07384595,THE ISLINGTON GP GROUP LIMITED,ltd,,active,2010-09-22,,86210,False,False,,,,,"Unit 16- 18 The Studios 8 Hornsey Street, London, N7 8EG, England",,Unit 16- 18 The Studios 8 Hornsey Street,,London,,N7 8EG,England,,,,,,,,,,,,,,,,,,,,,,,,,,,,,,,,,
12958615,WEST POTTERGATE MEDICAL PRACTICE LIMITED,ltd,,active,2020-10-19,,86210,False,False,,,,,"West Pottergate Medical Practice 137 West Pottergate, Earlham Road, Norwich, Norfolk, NR2 4BX, United Kingdom",,West Pottergate Medical Practice 137 West Pottergate,Earlham Road,Norwich,Norfolk,NR2 4BX,United Kingdom,,,,,,,,,,,,,,,,,,,,,,,,,,,,,,,,,
13139376,SLAG LANE MEDICAL LTD,ltd,,active,2021-01-18,,86900,False,False,,,,,"216 Slag Lane, Lowton, Warrington, WA3 2EZ, England",,216 Slag Lane,Lowton,Warrington,,WA3 2EZ,England,,,,,,,,,,,,,,,,,,,,,,,,,,,,,,,,,
08244108,HMC (KIMBERLEY) LIMITED,ltd,,dissolved,2012-10-08,2024-02-06,86210,False,False,,,,,"11a Nottingham Road Kimberley, Nottingham, NG16 2NB, England",,11a Nottingham Road Kimberley,,Nottingham,,NG16 2NB,England,,,,,,,,,,,,,,,,,,,,,,,,,,,,,,,,,
06080313,SALFORD HEALTH MATTERS COMMUNITY INTEREST COMPANY,ltd,community-interest-company,dissolved,2007-02-02,2020-10-13,86210,True,False,,,,,"1st Floor Eccles Gateway 28 Barton Lane, Eccles, Manchester, M30 0TU",,1st Floor Eccles Gateway 28 Barton Lane,Eccles,Manchester,,M30 0TU,,,,,,,,,,,,,,,,,,,,,,,,,,,,,,,,,,
13195517,CMP MEDICAL LIMITED,ltd,,active,2021-02-11,,86900,False,False,,,,,"1 Hardman Street, Spinningfields, Manchester, Greater Manchester, M3 3HF, United Kingdom",,1 Hardman Street,Spinningfields,Manchester,Greater Manchester,M3 3HF,United Kingdom,,,,,,,,,,,,,,,,,,,,,,,,,,,,,,,,,
03121117,CUMBRIA HEALTH LIMITED,private-limited-guarant-nsc,,active,1995-11-02,,86210,False,False,,,,,"4 Wavell Drive, Rosehill Industrial Estate, Carlisle, CA1 2SE, England",,4 Wavell Drive,Rosehill Industrial Estate,Carlisle,,CA1 2SE,England,,,,,,,,,,,,,,,,,,,,,,,,,,,,,,,,,
09490093,PRIMARY CARE SHEFFIELD LIMITED,ltd,,active,2015-03-14,,86900,False,False,,,,,"28 Kenwood Park Road, Sheffield, S7 1NF, England",,28 Kenwood Park Road,,Sheffield,,S7 1NF,England,,,,,,,,,,,,,,,,,,,,,,,,,,,,,,,,,
11357557,FIELDHEAD MEDICAL SERVICES LTD,ltd,,active,2018-05-11,,86210,False,False,,,,,"255 The Longshoot, Nuneaton, CV11 6JH, United Kingdom",,255 The Longshoot,,Nuneaton,,CV11 6JH,United Kingdom,,,,,,,,,,,,,,,,,,,,,,,,,,,,,,,,,
IP29888R,WALDOC LIMITED,registered-society-non-jurisdictional,,converted-closed,,,,False,False,,,,,,,,,,,,,,,,,,,,,,,,,,,,,,,,,,,,,,,,,,,,,
08230041,G DOC LTD,ltd,,active,2012-09-26,,86210,False,False,,,,,"Quayside House, Quay Street, Gloucester, GL1 2TZ, England",,Quayside House,Quay Street,Gloucester,,GL1 2TZ,England,,,,,,,,,,,,,,,,,,,,,,,,,,,,,,,,,
02969668,NEWHAM GP CO-OPERATIVE LTD.,private-limited-guarant-nsc,,active,1994-09-20,,86210,False,False,,,,,"Ramsay Brown Llp The Brentano Suite, Solar House, 915 High Road, North Finchley, London, N12 8QJ, United Kingdom",,Ramsay Brown Llp The Brentano Suite,"Solar House, 915 High Road",North Finchley,London,N12 8QJ,United Kingdom,,,,,,,,,,,,,,,,,,,,,,,,,,,,,,,,,
06728444,COLLEGE HEALTH LIMITED,ltd,,active,2008-10-21,,86210,False,False,,,,,"St Marys Medical Centre Vicarage Road, Strood, Rochester, Kent, ME2 4DG, England",,St Marys Medical Centre Vicarage Road,Strood,Rochester,Kent,ME2 4DG,England,,,,,,,,,,,,,,,,,,,,,,,,,,,,,,,,,
11807384,RICHMOND HILL PRACTICE LIMITED,ltd,,active,2019-02-05,,86210,False,False,,,,,"Colne Health Centre, Craddock Road, Colne, BB8 0JZ, United Kingdom",,Colne Health Centre,Craddock Road,Colne,,BB8 0JZ,United Kingdom,,,,,,,,,,,,,,,,,,,,,,,,,,,,,,,,,
06092012,CARE PLUS GROUP PRIMARY CARE LTD,ltd,,active,2007-02-09,,86220,False,False,,,,,"Westgate Park, Charlton Street, Grimsby, DN31 1SQ, England",,Westgate Park,Charlton Street,Grimsby,,DN31 1SQ,England,,,,,,,,,,,,,,,,,,,,,,,,,,,,,,,,,
05085990,FCMS (NW) LIMITED,private-limited-guarant-nsc,,active,2004-03-26,,82990; 86900,False,False,,,,,"Newfield House, Vicarage Lane, Blackpool, FY4 4EW, England",,Newfield House,Vicarage Lane,Blackpool,,FY4 4EW,England,,,,,,,,,,,,,,,,,,,,,,,,,,,,,,,,,
12942713,CROFT MEDICAL SERVICES LIMITED,ltd,,active,2020-10-12,,86900,False,False,,,,,"Croft Medical Centre, 5 Cobcroft Road, Huddersfield, HD2 2RU, England",,Croft Medical Centre,5 Cobcroft Road,Huddersfield,,HD2 2RU,England,,,,,,,,,,,,,,,,,,,,,,,,,,,,,,,,,
07751362,OMNES HEALTHCARE LTD,ltd,,active,2011-08-24,,86220,False,False,,,,,"Evergreen House The Edge, Clowes Street, Manchester, M3 5NA, United Kingdom",,Evergreen House The Edge,Clowes Street,Manchester,,M3 5NA,United Kingdom,,,,,,,,,,,,,,,,,,,,,,,,,,,,,,,,,
13440795,CLEGGS LANE MEDICAL PRACTICE LIMITED,ltd,,active,2021-06-07,,86210,False,False,,,,,"129/131 Cleggs Lane, Little Hulton, Manchester, M38 9RS, England",,129/131 Cleggs Lane,Little Hulton,Manchester,,M38 9RS,England,,,,,,,,,,,,,,,,,,,,,,,,,,,,,,,,,
05834163,DHU HEALTH CARE C.I.C.,private-limited-guarant-nsc,community-interest-company,active,2006-06-01,,86210,True,False,,,,,"No: 2 Roundhouse Road, Pride Park, Derby, Derbyshire, DE24 8JE, England",,No: 2 Roundhouse Road,Pride Park,Derby,Derbyshire,DE24 8JE,England,,,,,,,,,,,,,,,,,,,,,,,,,,,,,,,,,
13367899,PENDLETON MEDICAL SERVICES LIMITED,ltd,,active,2021-04-29,,86210,False,False,,,,,"Pendleton Gateway, 1 Broadwalk, Salford, M6 5FX, England",,Pendleton Gateway,1 Broadwalk,Salford,,M6 5FX,England,,,,,,,,,,,,,,,,,,,,,,,,,,,,,,,,,
07557877,HCRG CARE SERVICES LTD,ltd,,active,2011-03-09,,86210,False,False,,,,,"The Heath Business And Technical Park, Runcorn, Cheshire, WA7 4QX, United Kingdom",,The Heath Business And Technical Park,,Runcorn,Cheshire,WA7 4QX,United Kingdom,,,,,,,,,,,,,,,,,,,,,,,,,,,,,,,,,
06560148,HOPE CITADEL HEALTHCARE COMMUNITY INTEREST COMPANY,ltd,community-interest-company,active,2008-04-09,,86210,True,False,,,,,"Hill Top Surgery, Fircroft Road, Oldham, OL8 2QD, England",,Hill Top Surgery,Fircroft Road,Oldham,,OL8 2QD,England,,,,,,,,,,,,,,,,,,,,,,,,,,,,,,,,,
09960882,NOTTINGHAM CITY GP ALLIANCE LIMITED,ltd,,active,2016-01-20,,86210,False,False,,,,,"Nhs Upper Parliament Street, 79a Upper Parliament Street, Nottingham, NG1 6LD, England",,Nhs Upper Parliament Street,79a Upper Parliament Street,Nottingham,,NG1 6LD,England,,,,,,,,,,,,,,,,,,,,,,,,,,,,,,,,,
08540310,SMGPF LIMITED,ltd,,active,2013-05-22,,86210,False,False,,,,,"Parkway House, Palatine Road, Manchester, M22 4DB, England",,Parkway House,Palatine Road,Manchester,,M22 4DB,England,,,,,,,,,,,,,,,,,,,,,,,,,,,,,,,,,
04404672,ONE MEDICARE LTD,ltd,,active,2002-03-27,,86210,False,False,,,,,"Bank Top Farm, Blackhill Road, Leeds, West Yorkshire, LS21 1PY",,Bank Top Farm,Blackhill Road,Leeds,West Yorkshire,LS21 1PY,,,,,,,,,,,,,,,,,,,,,,,,,,,,,,,,,,
13635391,THE TOWN SURGERY LTD,ltd,,active,2021-09-21,,86210,False,False,,,,,"First Floor, Middlesex House, 130 College Road, Harrow, HA1 1BQ, England",,"First Floor, Middlesex House",130 College Road,Harrow,,HA1 1BQ,England,,,,,,,,,,,,,,,,,,,,,,,,,,,,,,,,,
12097885,BRAMLEY VILLAGE HEALTH AND WELLBEING CENTRE LTD,ltd,,active,2019-07-11,,86210; 86220; 86900,False,False,,,,,"Bramley Village Health And Wellbeing Centre, Highfield Road, Leeds, LS13 2BL, England",,Bramley Village Health And Wellbeing Centre,Highfield Road,Leeds,,LS13 2BL,England,,,,,,,,,,,,,,,,,,,,,,,,,,,,,,,,,
07300133,SPECTRUM COMMUNITY HEALTH C.I.C.,ltd,community-interest-company,active,2010-06-30,,86220,True,False,,,,,"1 Navigation Walk, Wakefield, West Yorkshire, WF1 5RH",,1 Navigation Walk,,Wakefield,West Yorkshire,WF1 5RH,,,,,,,,,,,,,,,,,,,,,,,,,,,,,,,,,,
05418732,OMNES HEALTHCARE GENERAL PRACTICE LTD,ltd,,active,2005-04-08,,86210,False,False,,,,,"Evergreen House The Edge, Clowes Street, Manchester, M3 5NA, United Kingdom",,Evergreen House The Edge,Clowes Street,Manchester,,M3 5NA,United Kingdom,,,,,,,,,,,,,,,,,,,,,,,,,,,,,,,,,
09359489,MILLENNIUM HEALTH LTD,ltd,,active,2014-12-17,,86210,False,False,,,,,"244 Beaumont Lodge Medical Practice, Astill Lodge Road, Leicester, LE4 1EF, England",,244 Beaumont Lodge Medical Practice,Astill Lodge Road,Leicester,,LE4 1EF,England,,,,,,,,,,,,,,,,,,,,,,,,,,,,,,,,,
10600086,SOUTH TYNESIDE HEALTH COLLABORATION LTD,ltd,,active,2017-02-03,,86210,False,False,,,,,"Stanhope Parade Health Centre, Gordon Street, South Shields, NE33 4JP, England",,Stanhope Parade Health Centre,Gordon Street,South Shields,,NE33 4JP,England,,,,,,,,,,,,,,,,,,,,,,,,,,,,,,,,,
11071569,HOMELESS HEALTH C.I.C.,ltd,community-interest-company,active,2017-11-20,,86210,True,False,,,,,"4th Floor, Soho Centre For Health 1 Frith Street, Soho, London, W1D 3HZ, England",,"4th Floor, Soho Centre For Health 1 Frith Street",Soho,London,,W1D 3HZ,England,,,,,,,,,,,,,,,,,,,,,,,,,,,,,,,,,
03462881,PRACTICE PLUS GROUP HOSPITALS LIMITED,ltd,,active,1997-11-10,,86900; 96090,False,False,,,,,"Unit H2, Harlequin Office Park, Fieldfair,, Emersons Green,, Bristol, BS16 7FN, England",,"Unit H2, Harlequin Office Park, Fieldfair,","Emersons Green,",Bristol,,BS16 7FN,England,,,,,,,,,,,,,,,,,,,,,,,,,,,,,,,,,
05675250,CUCKOO LANE HEALTH CARE LIMITED,ltd,,active,2006-01-13,,86210,False,False,,,,,"Charles Rippin And Turner Middlesex House, 130 College Road, Harrow, Middlesex, HA1 1BQ, England",,Charles Rippin And Turner Middlesex House,130 College Road,Harrow,Middlesex,HA1 1BQ,England,,,,,,,,,,,,,,,,,,,,,,,,,,,,,,,,,
13758734,PUTNOE AND LINDEN GROUP LTD,ltd,,active,2021-11-22,,86210,False,False,,,,,"1 Hardman Street, Spinningfields, Manchester, Greater Manchester, M3 3HF, United Kingdom",,1 Hardman Street,Spinningfields,Manchester,Greater Manchester,M3 3HF,United Kingdom,,,,,,,,,,,,,,,,,,,,,,,,,,,,,,,,,
13902901,LIVEWELL PRIMARY CARE GROUP LIMITED,ltd,,active,2022-02-09,,86210,False,False,,,,,"200 Mount Gould Road, Plymouth, PL4 7PY, England",,200 Mount Gould Road,,Plymouth,,PL4 7PY,England,,,,,,,,,,,,,,,,,,,,,,,,,,,,,,,,,
13429263,ZENITH MEDCARE LTD,ltd,,dissolved,2021-05-31,2025-07-29,86210,False,True,,,,,"Craftwork Studios 1-3 Dufferin Street, London, EC1Y 8NA",,Craftwork Studios 1-3 Dufferin Street,,London,,EC1Y 8NA,,1,members-voluntary-liquidation,1,due-to-be-dissolved-on,2025-07-29,wound-up-on,2024-10-29,,,,,,,2,Lane Gary Bednash,practitioner,2024-10-29,,"Craftwork Studios  1-3 Dufferin Street, London, EC1Y 8NA",Adam Price,practitioner,2024-10-29,,"Craftwork Studios 1-3 Dufferin Street, London, EC1Y 8NA",,,,,,,members-voluntary-liquidation,2024-10-29,2025-07-29
05174987,HUC SOUTH WEST LIMITED,private-limited-guarant-nsc,,active,2004-07-09,,86900,False,False,,,,,"Huc Hq, Ascots Lane, Welwyn Garden City, AL7 4HL, England",,Huc Hq,Ascots Lane,Welwyn Garden City,,AL7 4HL,England,,,,,,,,,,,,,,,,,,,,,,,,,,,,,,,,,
08985903,NORTHUMBRIA PRIMARY CARE LIMITED,ltd,,active,2014-04-08,,86210,False,False,,,,,"Northumbria House Silver Fox Way, Cobalt Business Park, Newcastle Upon Tyne, NE27 0QJ",,Northumbria House Silver Fox Way,Cobalt Business Park,Newcastle Upon Tyne,,NE27 0QJ,,,,,,,,,,,,,,,,,,,,,,,,,,,,,,,,,,
05868816,LIME TREE AND SINNOTT HEALTHCARE LTD,ltd,,active,2006-07-06,,86210,False,False,,,,,"Lime Tree Surgery, 321 High Road, Leytonstone, London, E11 4JT, England",,Lime Tree Surgery,321 High Road,Leytonstone,London,E11 4JT,England,,,,,,,,,,,,,,,,,,,,,,,,,,,,,,,,,
06676854,INVICTA HEALTH COMMUNITY INTEREST COMPANY,ltd,community-interest-company,active,2008-08-19,,86210,True,False,,,,,"Camburgh House, 27 New Dover Road, Canterbury, Kent, CT1 3DN",,Camburgh House,27 New Dover Road,Canterbury,Kent,CT1 3DN,,,,,,,,,,,,,,,,,,,,,,,,,,,,,,,,,,
07034946,MALLING HEALTH (UK) LIMITED,ltd,,active,2009-09-30,,82990,False,False,,,,,"Onyx 12, Little Park Farm Rd Segensworth Roundabout, West, Fareham, PO15 5TD, United Kingdom",,Onyx 12,Little Park Farm Rd Segensworth Roundabout,"West, Fareham",,PO15 5TD,United Kingdom,,,,,,,,,,,,,,,,,,,,,,,,,,,,,,,,,
13570238,PARKS SURGERY LIMITED,ltd,,active,2021-08-17,,86900,False,False,,,,,"Lilford Park Surgery 1st Floor Leigh Health Centre, The Avenue, Leigh, WN7 1HR, England",,Lilford Park Surgery 1st Floor Leigh Health Centre,The Avenue,Leigh,,WN7 1HR,England,,,,,,,,,,,,,,,,,,,,,,,,,,,,,,,,,
13910282,LHMC SERVICES LTD,ltd,,active,2022-02-11,,86210,False,False,,,,,"49 Scott Street, Keighley, BD21 2JH, England",,49 Scott Street,,Keighley,,BD21 2JH,England,,,,,,,,,,,,,,,,,,,,,,,,,,,,,,,,,
09559628,CITY HEALTH PRACTICE LIMITED,ltd,,active,2015-04-24,,86210,False,False,,,,,"Business Support Centre, 5 Beacon Way, Hull, HU3 4AE, England",,Business Support Centre,5 Beacon Way,Hull,,HU3 4AE,England,,,,,,,,,,,,,,,,,,,,,,,,,,,,,,,,,
03783310,INTRAHEALTH LIMITED,ltd,,active,1999-06-07,,86210,False,False,,,,,"William Brown Centre, Manor Way, Peterlee, County Durham, SR8 5TW",,William Brown Centre,Manor Way,Peterlee,County Durham,SR8 5TW,,,,,,,,,,,,,,,,,,,,,,,,,,,,,,,,,,
14063686,SHEPLEY PRIMARY CARE LIMITED,ltd,,active,2022-04-22,,86210,False,False,,,,,"Shepley Health Centre 25 Jos Lane, Shepley, Huddersfield, HD8 8DJ, United Kingdom",,Shepley Health Centre 25 Jos Lane,Shepley,Huddersfield,,HD8 8DJ,United Kingdom,,,,,,,,,,,,,,,,,,,,,,,,,,,,,,,,,
12224186,HBS HEALTH LIMITED,ltd,,active,2019-09-24,,86210,False,False,,,,,"Carlyle House, 78 Chorley New Road, Bolton, BL1 4BY, England",,Carlyle House,78 Chorley New Road,Bolton,,BL1 4BY,England,,,,,,,,,,,,,,,,,,,,,,,,,,,,,,,,,
09188442,MEDWAY PRACTICES ALLIANCE LIMITED,ltd,,active,2014-08-28,,86210,False,False,,,,,"9 Park Lane Business Centre, Park Lane, Langham, Colchester, CO4 5WR, England",,"9 Park Lane Business Centre, Park Lane",Langham,Colchester,,CO4 5WR,England,,,,,,,,,,,,,,,,,,,,,,,,,,,,,,,,,
14128063,HUDDERSFIELD UNIVERSITY HEALTH CENTRE LIMITED,ltd,,active,2022-05-24,,86210,False,False,,,,,"The University Health Centre, 12 Sand Street, Huddersfield, HD1 3AL, United Kingdom",,The University Health Centre,12 Sand Street,Huddersfield,,HD1 3AL,United Kingdom,,,,,,,,,,,,,,,,,,,,,,,,,,,,,,,,,
13425706,SHIFA SURGERY LIMITED,ltd,,active,2021-05-27,,86210,False,False,,,,,"1 Hardman Street, Spinningfields, Manchester, Greater Manchester, M3 3HF, United Kingdom",,1 Hardman Street,Spinningfields,Manchester,Greater Manchester,M3 3HF,United Kingdom,,,,,,,,,,,,,,,,,,,,,,,,,,,,,,,,,
02897217,COMMUNITY BASED CARE HEALTH FEDERATION LIMITED,private-limited-guarant-nsc,,active,1994-02-11,,86210,False,False,,,,,"Building 7 Queens Park, Team Valley Trading Estate, Gateshead, NE11 0QD, England",,Building 7 Queens Park,Team Valley Trading Estate,Gateshead,,NE11 0QD,England,,,,,,,,,,,,,,,,,,,,,,,,,,,,,,,,,
04675603,BK HEALTH LIMITED,ltd,,active,2003-02-24,,86210,False,False,,,,,"Berrycroft Community Health Centre, 2 Nimrod Street, Aylesbury, Buckinghamshire, HP18 1BB, England",,Berrycroft Community Health Centre,2 Nimrod Street,Aylesbury,Buckinghamshire,HP18 1BB,England,,,,,,,,,,,,,,,,,,,,,,,,,,,,,,,,,
11060700,REIMAGINING GENERAL PRACTICE GPMS SERVICES LTD,ltd,,active,2017-11-13,,70100; 86210; 86220; 86900,False,False,,,,,"Briercliffe Gp Surgery, Briercliffe Road, Burnley, BB10 2EZ, England",,Briercliffe Gp Surgery,Briercliffe Road,Burnley,,BB10 2EZ,England,,,,,,,,,,,,,,,,,,,,,,,,,,,,,,,,,
06280242,PHOENIX PRIMARY CARE LIMITED,ltd,,active,2007-06-14,,86210,False,False,,,,,"Prospect House, 108 High Street, Great Missenden, HP16 0BG, England",,Prospect House,108 High Street,Great Missenden,,HP16 0BG,England,,,,,,,,,,,,,,,,,,,,,,,,,,,,,,,,,
13648230,STATION ROAD SURGERY LIMITED,ltd,,active,2021-09-28,,86210,False,False,,,,,"1 Hardman Street, Spinningfields, Manchester, Greater Manchester, M3 3HF, United Kingdom",,1 Hardman Street,Spinningfields,Manchester,Greater Manchester,M3 3HF,United Kingdom,,,,,,,,,,,,,,,,,,,,,,,,,,,,,,,,,
03193182,INTEGRATED CARE 24,private-limited-guarant-nsc-limited-exemption,,active,1996-05-01,,86900,False,False,,,,,"Kingston House The Long Barrow, Orbital Park, Ashford, Kent, TN24 0GP",,Kingston House The Long Barrow,Orbital Park,Ashford,Kent,TN24 0GP,,,,,,,,,,,,,,,,,,,,,,,,,,,,,,,,,,
13677176,CENTRAL NORTH LEEDS PRIMARY CARE NETWORK LTD,ltd,,active,2021-10-13,,86900,False,False,,,,,"Shadwell Medical Centre, 137 Shadwell Lane, Leeds, LS17 8AE, England",,Shadwell Medical Centre,137 Shadwell Lane,Leeds,,LS17 8AE,England,,,,,,,,,,,,,,,,,,,,,,,,,,,,,,,,,
07629051,DR MAASSARANI & PARTNERS LTD,ltd,,active,2011-05-10,,86210,False,False,,,,,"Oriel House, 2 - 8 Oriel Road, Bootle, Merseyside, L20 7EP, England",,Oriel House,2 - 8 Oriel Road,Bootle,Merseyside,L20 7EP,England,,,,,,,,,,,,,,,,,,,,,,,,,,,,,,,,,
09196407,PRIME PRACTICE PARTNERSHIP LIMITED,ltd,,active,2014-08-30,,86900,False,False,,,,,"416 Green Lane, Ilford, IG3 9JX",,416 Green Lane,,Ilford,,IG3 9JX,,,,,,,,,,,,,,,,,,,,,,,,,,,,,,,,,,
09064877,YORKSHIRE HEALTH NETWORK CIC,ltd,community-interest-company,active,2014-06-02,,86210,True,False,,,,,"5 Grove Park Court, Harrogate, HG1 4DP, England",,5 Grove Park Court,,Harrogate,,HG1 4DP,England,,,,,,,,,,,,,,,,,,,,,,,,,,,,,,,,,
13828732,SIDINGS HEALTHCARE LIMITED,ltd,,active,2022-01-05,,86210,False,False,,,,,"Sidings Healthcare Centre, The Sidings, Dewsbury, West Yorkshire, WF17 9QU, United Kingdom",,Sidings Healthcare Centre,The Sidings,Dewsbury,West Yorkshire,WF17 9QU,United Kingdom,,,,,,,,,,,,,,,,,,,,,,,,,,,,,,,,,
08912384,FAMILY CENTRE (KIRKBY) LIMITED,ltd,,dissolved,2014-02-26,2017-06-06,74990,False,False,,,,,"9a Derby Street, Ormskirk, Lancashire, L39 2BJ",,9a Derby Street,,Ormskirk,Lancashire,L39 2BJ,,,,,,,,,,,,,,,,,,,,,,,,,,,,,,,,,,
13968145,SPIRIT PRIMARY CARE LIMITED,ltd,,active,2022-03-10,,86210,False,False,,,,,"Spirit House, Saffron Way, Leicester, LE2 6UP, United Kingdom",,Spirit House,Saffron Way,Leicester,,LE2 6UP,United Kingdom,,,,,,,,,,,,,,,,,,,,,,,,,,,,,,,,,
RS008827,BEVAN COMMUNITY BENEFIT SOCIETY,registered-society-non-jurisdictional,,,,,,False,False,,,,,,,,,,,,,,,,,,,,,,,,,,,,,,,,,,,,,,,,,,,,,
13249402,ISLAND HEALTH PRIMARY CARE LTD,ltd,,active,2021-03-08,,86210,False,False,,,,,"Island Health, 145 East Ferry Road, London, E14 3BQ, United Kingdom",,Island Health,145 East Ferry Road,London,,E14 3BQ,United Kingdom,,,,,,,,,,,,,,,,,,,,,,,,,,,,,,,,,
10498997,PRACTICE PLUS GROUP HEALTH AND REHABILITATION SERVICES LIMITED,ltd,,active,2016-11-28,,86900,False,False,,,,,"Ground Floor, 1330 Arlington Business Park, Theale, Reading, RG7 4SA, England",,"Ground Floor, 1330 Arlington Business Park",Theale,Reading,,RG7 4SA,England,,,,,,,,,,,,,,,,,,,,,,,,,,,,,,,,,
14270043,LINDLEY GROUP PRACTICE LIMITED,ltd,,active,2022-08-02,,86210,False,False,,,,,"35 Westgate, Huddersfield, West Yorkshire, HD1 1PA, United Kingdom",,35 Westgate,,Huddersfield,West Yorkshire,HD1 1PA,United Kingdom,,,,,,,,,,,,,,,,,,,,,,,,,,,,,,,,,
05232967,PRACTICE PLUS GROUP URGENT CARE LIMITED,ltd,,active,2004-09-16,,86210,False,False,,,,,"Ground Floor, 1330 Arlington Business Park, Theale, Reading, RG7 4SA, England",,"Ground Floor, 1330 Arlington Business Park",Theale,Reading,,RG7 4SA,England,,,,,,,,,,,,,,,,,,,,,,,,,,,,,,,,,
09933257,VOC REALISATIONS LIMITED,ltd,,administration,2015-12-31,,86210,False,True,,,,,"Ernst & Young Limited, 12 Wellington Place, Leeds, West Yorkshire, LS1 4AP",,Ernst & Young Limited,12 Wellington Place,Leeds,West Yorkshire,LS1 4AP,,1,in-administration,1,administration-started-on,2025-06-06,,,,,,,,,2,Timothy Vance,practitioner,,,"12 Wellington Place, Leeds, LS1 4AP",Samuel James Woodward,practitioner,,,"2 St Peters Square, Manchester, M2 3EY",,,,,,,in-administration,2025-06-06,2025-06-06
14505888,NEWSOME SURGERY LIMITED,ltd,,active,2022-11-25,,86210,False,False,,,,,"1 Church Lane, Newsome, Huddersfield, HD4 6JE, England",,1 Church Lane,Newsome,Huddersfield,,HD4 6JE,England,,,,,,,,,,,,,,,,,,,,,,,,,,,,,,,,,
14602465,BEACON HEALTH KENSINGTON LIMITED,ltd,,active,2023-01-18,,86210,False,False,,,,,"1 Hardman Street, Spinningfields, Manchester, Greater Manchester, M3 3HF, United Kingdom",,1 Hardman Street,Spinningfields,Manchester,Greater Manchester,M3 3HF,United Kingdom,,,,,,,,,,,,,,,,,,,,,,,,,,,,,,,,,
14682252,THE MEDICAL CENTRE (DONCASTER) LIMITED,ltd,,active,2023-02-22,,86210,False,False,,,,,"The Medical Centre (Doncaster) Ltd, 2 Frances Street, Doncaster, DN1 1JS, England",,The Medical Centre (Doncaster) Ltd,2 Frances Street,Doncaster,,DN1 1JS,England,,,,,,,,,,,,,,,,,,,,,,,,,,,,,,,,,
14708485,ELSWICK FAMILY HEALTH LIMITED,ltd,,active,2023-03-06,,86210,False,False,,,,,"Elswick Family Practice, Meldon Street, Newcastle Upon Tyne, NE4 6SH, United Kingdom",,Elswick Family Practice,Meldon Street,Newcastle Upon Tyne,,NE4 6SH,United Kingdom,,,,,,,,,,,,,,,,,,,,,,,,,,,,,,,,,
11477944,BROOK MEDICAL PARTNERSHIP LIMITED,ltd,,active,2018-07-23,,86210,False,False,,,,,"Brook Medical Centre, Ecton Brook Road, Northampton, NN3 5EN, United Kingdom",,Brook Medical Centre,Ecton Brook Road,Northampton,,NN3 5EN,United Kingdom,,,,,,,,,,,,,,,,,,,,,,,,,,,,,,,,,
10365747,GREENWICH HEALTH LIMITED,ltd,,active,2016-09-08,,86210,False,False,,,,,"C/O Azets River House, 1 Maidstone Road, Sidcup, Kent, DA14 5RH, United Kingdom",,C/O Azets River House,1 Maidstone Road,Sidcup,Kent,DA14 5RH,United Kingdom,,,,,,,,,,,,,,,,,,,,,,,,,,,,,,,,,
06719898,KINGSTON GENERAL PRACTICE CHAMBERS LIMITED,ltd,,active,2008-10-09,,86210,False,False,,,,,"4th Floor, Cl Tower, St. Georges Square, New Malden, KT3 4HG, England",,"4th Floor, Cl Tower",St. Georges Square,New Malden,,KT3 4HG,England,,,,,,,,,,,,,,,,,,,,,,,,,,,,,,,,,
IP29958R,PRIMARY CARE 24 (MERSEYSIDE) LIMITED,registered-society-non-jurisdictional,,active,,,,False,False,,,,,,,,,,,,,,,,,,,,,,,,,,,,,,,,,,,,,,,,,,,,,
14035881,MINEHEAD MEDICAL LIMITED,ltd,,active,2022-04-08,,86210,False,False,,,,,"17-18 Leach Road Chard Business Park, Chard, Somerset, TA20 1FA, United Kingdom",,17-18 Leach Road Chard Business Park,,Chard,Somerset,TA20 1FA,United Kingdom,,,,,,,,,,,,,,,,,,,,,,,,,,,,,,,,,
IP031528,BARDOC LIMITED,registered-society-non-jurisdictional,,active,,,,False,False,,,,,,,,,,,,,,,,,,,,,,,,,,,,,,,,,,,,,,,,,,,,,
14539276,THE JUBILEE STREET PRACTICE LTD,ltd,,active,2022-12-13,,86210,False,False,,,,,"368-374 Commercial Road, London, E1 0LS, United Kingdom",,368-374 Commercial Road,,London,,E1 0LS,United Kingdom,,,,,,,,,,,,,,,,,,,,,,,,,,,,,,,,,
14652880,ARCHVALE CLINICAL SERVICES LTD,ltd,,active,2023-02-09,,86210,False,False,,,,,"71-75 Shelton Street, Covent Garden, London, WC2H 9JQ, United Kingdom",,71-75 Shelton Street,Covent Garden,London,,WC2H 9JQ,United Kingdom,,,,,,,,,,,,,,,,,,,,,,,,,,,,,,,,,
09409861,BROMLEY GP ALLIANCE LIMITED,ltd,,active,2015-01-28,,74909,False,False,,,,,"Kelsey Park Farmhouse, 379 Croydon Road, Beckenham, BR3 3QL, England",,Kelsey Park Farmhouse,379 Croydon Road,Beckenham,,BR3 3QL,England,,,,,,,,,,,,,,,,,,,,,,,,,,,,,,,,,
07598573,EVERGREEN SURGERY LIMITED,ltd,,active,2011-04-11,,86210,False,False,,,,,"Ramsay Brown Llp The Brentano Suite, Solar House, 915 High Road, North Finchley, London, N12 8QJ, United Kingdom",,Ramsay Brown Llp The Brentano Suite,"Solar House, 915 High Road",North Finchley,London,N12 8QJ,United Kingdom,,,,,,,,,,,,,,,,,,,,,,,,,,,,,,,,,
08326632,STAFFORDSHIRE DOCTORS URGENT CARE LIMITED,ltd,,dissolved,2012-12-11,2026-04-14,86210,False,False,,,,,"Onyx 12 Little Park Farm Road, Segensworth Roundabout, West, Fareham, PO15 5TD, United Kingdom",,Onyx 12 Little Park Farm Road,"Segensworth Roundabout, West",Fareham,,PO15 5TD,United Kingdom,,,,,,,,,,,,,,,,,,,,,,,,,,,,,,,,,
09024189,HEARTBEAT PRIMARY CARE COMMUNITY INTEREST COMPANY,ltd,community-interest-company,active,2014-05-06,,86210,True,False,,,,,"Evolution Centre County Business Park, Darlington Road, Northallerton, DL6 2NQ, England",,Evolution Centre County Business Park,Darlington Road,Northallerton,,DL6 2NQ,England,,,,,,,,,,,,,,,,,,,,,,,,,,,,,,,,,
IP29827R,EAST BERKSHIRE PRIMARY CARE OUT OF HOURS SERVICES LIMITED,registered-society-non-jurisdictional,,active,,,,False,False,,,,,,,,,,,,,,,,,,,,,,,,,,,,,,,,,,,,,,,,,,,,,
00631336,BUPA OCCUPATIONAL HEALTH LIMITED,ltd,,active,1959-06-29,,86900,False,False,,,,,"1 Angel Court, London, EC2R 7HJ, United Kingdom",,1 Angel Court,,London,,EC2R 7HJ,United Kingdom,,,,,,,,,,,,,,,,,,,,,,,,,,,,,,,,,
10448098,BARNSLEY HEALTHCARE FEDERATION CIC,ltd,community-interest-company,active,2016-10-26,,86220,True,False,,,,,"Bhf Priory Centre, Pontefract Road, Barnsley, S71 5PN, England",,Bhf Priory Centre,Pontefract Road,Barnsley,,S71 5PN,England,,,,,,,,,,,,,,,,,,,,,,,,,,,,,,,,,
08926168,IMPROVING HEALTH LIMITED,ltd,,active,2014-03-06,,86210,False,False,,,,,"Ramsay House, Rbp, 18 Vera Avenue, London, Greater London, N21 1RA, England",,"Ramsay House, Rbp",18 Vera Avenue,London,Greater London,N21 1RA,England,,,,,,,,,,,,,,,,,,,,,,,,,,,,,,,,,
12595771,NEMS COMMUNITY BENEFIT SERVICES LIMITED,private-limited-guarant-nsc,,active,2020-05-11,,86210,False,False,,,,,"Forward House, Station Street, Nottingham, NG2 3AJ, England",,Forward House,Station Street,Nottingham,,NG2 3AJ,England,,,,,,,,,,,,,,,,,,,,,,,,,,,,,,,,,
15017129,THE BOUNCES ROAD SURGERY LTD,ltd,,active,2023-07-20,,86210,False,False,,,,,"Unit 4, Stirling Court Yard, Stirling Way, Borehamwood, WD6 2FX, England",,"Unit 4, Stirling Court Yard",Stirling Way,Borehamwood,,WD6 2FX,England,,,,,,,,,,,,,,,,,,,,,,,,,,,,,,,,,
06025335,GBH REALISATIONS LIMITED,ltd,,administration,2006-12-12,,86210,False,True,,,,,"Ernst & Young Llp, 12 Wellington Place, Leeds, LS1 4AP",,Ernst & Young Llp,12 Wellington Place,Leeds,,LS1 4AP,,1,in-administration,1,administration-started-on,2025-06-06,,,,,,,,,2,Timothy Vance,practitioner,,,"12 Wellington Place, Leeds, LS1 4AP",Samuel James Woodward,practitioner,,,"2 St Peters Square, Manchester, M2 3EY",,,,,,,in-administration,2025-06-06,2025-06-06
11250872,LEEDS GENERAL PRACTICE CONFEDERATION LIMITED,ltd,,active,2018-03-12,,86210,False,False,,,,,"Building 3 White Rose Park, Milshaw Park Lane, Leeds, West Yorkshire, LS11 0DL",,Building 3 White Rose Park,Milshaw Park Lane,Leeds,West Yorkshire,LS11 0DL,,,,,,,,,,,,,,,,,,,,,,,,,,,,,,,,,,
06293176,HBG LIMITED,ltd,,active,2007-06-26,,82990; 86210; 86900,False,False,,,,,"Gale Farm Surgery 109-119 Front Street, Acomb, York, North Yorkshire, YO24 3BU",,Gale Farm Surgery 109-119 Front Street,Acomb,York,North Yorkshire,YO24 3BU,,,,,,,,,,,,,,,,,,,,,,,,,,,,,,,,,,
09765871,LUCIE WEDGWOOD SURGERY LIMITED,ltd,,active,2015-09-07,,82990,False,False,,,,,"Chapel Lane, Burslem, Stoke On Trent, ST6 2AB, England",,Chapel Lane,Burslem,Stoke On Trent,,ST6 2AB,England,,,,,,,,,,,,,,,,,,,,,,,,,,,,,,,,,
14828623,ASHTON MEDICAL GROUP LTD,ltd,,active,2023-04-26,,86210,False,False,,,,,"1 Hardman Street, Spinningfields, Manchester, Greater Manchester, M3 3HF, United Kingdom",,1 Hardman Street,Spinningfields,Manchester,Greater Manchester,M3 3HF,United Kingdom,,,,,,,,,,,,,,,,,,,,,,,,,,,,,,,,,
12062003,STOCKTON HEATH MEDICAL SERVICES LIMITED,ltd,,active,2019-06-20,,86900,False,False,,,,,"1 Hardman Street, Spinningfields, Manchester, Greater Manchester, M3 3HF, United Kingdom",,1 Hardman Street,Spinningfields,Manchester,Greater Manchester,M3 3HF,United Kingdom,,,,,,,,,,,,,,,,,,,,,,,,,,,,,,,,,
14661399,MMN & R LIMITED,ltd,,active,2023-02-14,,86210,False,False,,,,,"176-178 Pontefract Road, Cudworth, Barnsley, South Yorkshire, S72 8BE, England",,176-178 Pontefract Road,Cudworth,Barnsley,South Yorkshire,S72 8BE,England,,,,,,,,,,,,,,,,,,,,,,,,,,,,,,,,,
06069186,DANUM MEDICAL SERVICES LIMITED,ltd,,dissolved,2007-01-26,2025-07-03,86210; 86220,False,True,,,,,"Suite E10 Josephs Well, Westgate, Leeds, LS3 1AB",,Suite E10 Josephs Well,,Westgate,Leeds,LS3 1AB,,2,creditors-voluntary-liquidation,2,wound-up-on,2017-02-16,dissolved-on,2025-07-03,,,,,,,4,Gareth James Lewis,proposed-liquidator,2017-02-16,,"Suite E12 Josephs Well, Westgate, Leeds, West Yorkshire, LS3 1AB",Andrew Timothy Clay,proposed-liquidator,2017-02-16,,"12 Granby Road, Harrogate, North Yorkshire, HG1 4ST",Gareth James Lewis,practitioner,2017-02-16,,"Suite E12 Josephs Well, Westgate, Leeds, West Yorkshire, LS3 1AB",,in-administration; creditors-voluntary-liquidation,2016-03-14,2025-07-03
07545386,LANTERN HEALTH CIC,ltd,community-interest-company,active,2011-02-28,,86210,True,False,,,,,"Lynwood House, 373-375 Station Road, Harrow, Middlesex, HA1 2AW, United Kingdom",,Lynwood House,373-375 Station Road,Harrow,Middlesex,HA1 2AW,United Kingdom,,,,,,,,,,,,,,,,,,,,,,,,,,,,,,,,,
04133508,GREAT BRIDGE PARTNERSHIPS FOR HEALTH LIMITED,ltd,,active,2000-12-29,,86210,False,False,,,,,"78 Birmingham Street, Oldbury, West Midlands, B69 4EB, England",,78 Birmingham Street,,Oldbury,West Midlands,B69 4EB,England,,,,,,,,,,,,,,,,,,,,,,,,,,,,,,,,,
05720179,ACCESS HEALTH CARE LTD,private-limited-guarant-nsc,,dissolved,2006-02-23,2025-12-02,86210,False,True,,,,,"Brook House Winslade Park, Clyst St. Mary, Exeter, EX5 1GD",,Brook House Winslade Park,Clyst St. Mary,Exeter,,EX5 1GD,,1,members-voluntary-liquidation,1,due-to-be-dissolved-on,2025-12-02,wound-up-on,2024-08-29,,,,,,,2,Malcolm Rhodes,practitioner,2024-08-29,,"2nd Floor Stratus House Emperor Way, Exeter Business Park, Exeter, Devon, EX1 3QS",Luke Venner,practitioner,2024-08-29,,"2nd Floor Stratus House Emperor Way, Exeter Business Park, Exeter, Devon, EX1 3QS",,,,,,,members-voluntary-liquidation,2024-08-29,2025-12-02
09490005,WILLOWS GROUP LTD,ltd,,active,2015-03-14,,86210,False,False,,,,,"184 Coleman Road, Leicester, LE5 4LJ, England",,184 Coleman Road,,Leicester,,LE5 4LJ,England,,,,,,,,,,,,,,,,,,,,,,,,,,,,,,,,,
09989015,SOUTHPORT AND FORMBY HEALTH LIMITED,ltd,,active,2016-02-05,,86210,False,False,,,,,"3 Wight Moss Way, Southport, PR8 4HQ, England",,3 Wight Moss Way,,Southport,,PR8 4HQ,England,,,,,,,,,,,,,,,,,,,,,,,,,,,,,,,,,
09160199,EK HEALTH CARE LTD,ltd,,active,2014-08-04,,68209; 86210,False,False,,,,,"501 Middleton Road, Chadderton, Oldham, OL9 9LY, England",,501 Middleton Road,Chadderton,Oldham,,OL9 9LY,England,,,,,,,,,,,,,,,,,,,,,,,,,,,,,,,,,
14493595,TPC GROUP LIMITED,ltd,,active,2022-11-18,,86101; 86900,False,False,,,,,"98 Harley Street, London, W1G 7HZ, United Kingdom",,98 Harley Street,,London,,W1G 7HZ,United Kingdom,,,,,,,,,,,,,,,,,,,,,,,,,,,,,,,,,
09338748,SOUTH WARWICKSHIRE GP LIMITED,ltd,,active,2014-12-03,,82990,False,False,,,,,"Ballards Llp 11c Kingswood Road, Hampton Lovett, Droitwich Spa, Worcestershire, WR9 0QH, England",,Ballards Llp 11c Kingswood Road,Hampton Lovett,Droitwich Spa,Worcestershire,WR9 0QH,England,,,,,,,,,,,,,,,,,,,,,,,,,,,,,,,,,
15462345,PARKVIEW SURGERY LIMITED,ltd,,active,2024-02-02,,86210,False,False,,,,,"1 Hardman Street, Spinningfields, Manchester, Greater Manchester, M3 3HF, United Kingdom",,1 Hardman Street,Spinningfields,Manchester,Greater Manchester,M3 3HF,United Kingdom,,,,,,,,,,,,,,,,,,,,,,,,,,,,,,,,,
07320006,PROVIDE COMMUNITY INTEREST COMPANY,ltd,community-interest-company,active,2010-07-20,,86900,True,False,,,,,"900 The Crescent, Colchester Business Park, Colchester, Essex, CO4 9YQ",,900 The Crescent,Colchester Business Park,Colchester,Essex,CO4 9YQ,,,,,,,,,,,,,,,,,,,,,,,,,,,,,,,,,,
09085732,COVENTRY AND RUGBY GP ALLIANCE LIMITED,ltd,,active,2014-06-13,,86210; 86220,False,False,,,,,"The Boiler House Electric Wharf, Sandy Lane, Coventry, West Midlands, CV1 4JU, England",,The Boiler House Electric Wharf,Sandy Lane,Coventry,West Midlands,CV1 4JU,England,,,,,,,,,,,,,,,,,,,,,,,,,,,,,,,,,
06400870,NEMS HEALTHCARE LIMITED,ltd,,dissolved,2007-10-16,2026-01-10,86210,False,True,,,,,"Wilson Field Limited The Manor House, 260 Ecclesall Road South, Sheffield, South Yorkshire, S11 9PS",,Wilson Field Limited The Manor House,260 Ecclesall Road South,Sheffield,South Yorkshire,S11 9PS,,1,members-voluntary-liquidation,1,wound-up-on,2024-03-28,dissolved-on,2026-01-10,,,,,,,2,Fiona Grant,practitioner,2024-03-28,,"The Manor House, 260 Ecclesall Road South, Sheffield, S11 9PS",Emma Dowd,practitioner,2024-03-28,,"The Manor House   260 Ecclesall Road South, Sheffield, South Yorkshire, S11 9PS",,,,,,,members-voluntary-liquidation,2024-03-28,2026-01-10
07317036,INCLUSION HEALTHCARE SOCIAL ENTERPRISE CIC,ltd,community-interest-company,active,2010-07-16,,86210; 86900,True,False,,,,,"Charles Berry House, 45 East Bond Street, Leicester, Leicestershire, LE1 4SX",,Charles Berry House,45 East Bond Street,Leicester,Leicestershire,LE1 4SX,,,,,,,,,,,,,,,,,,,,,,,,,,,,,,,,,,
09385457,BEXLEY HEALTH NEIGHBOURHOOD CARE C.I.C.,ltd,community-interest-company,active,2015-01-13,,86900,True,False,,,,,"Henwood House, Henwood, Ashford, Kent, TN24 8DH, United Kingdom",,Henwood House,Henwood,Ashford,Kent,TN24 8DH,United Kingdom,,,,,,,,,,,,,,,,,,,,,,,,,,,,,,,,,
08694165,SW HEALTHCARE LIMITED,ltd,,active,2013-09-17,,86900,False,False,,,,,"38 Kenilworth Close, Redditch, B97 5JX, England",,38 Kenilworth Close,,Redditch,,B97 5JX,England,,,,,,,,,,,,,,,,,,,,,,,,,,,,,,,,,
04103810,MCLAREN PERRY LIMITED,ltd,,liquidation,2000-11-08,,70229,False,True,,,,,"Recovery House, Hainault Business Park, 15-17 Roebuck Road, Ilford, Essex, IG6 3TU",,"Recovery House, Hainault Business Park",15-17 Roebuck Road,Ilford,Essex,IG6 3TU,,1,members-voluntary-liquidation,1,wound-up-on,2021-09-03,declaration-solvent-on,2021-09-02,,,,,,,1,Alan John Clark,practitioner,2021-09-03,,"Carter Clark Recovery House, 15-17 Roebuck Road, Hainault Business Park, Ilford, Essex, IG6 3TU",,,,,,,,,,,,members-voluntary-liquidation,2021-09-02,2021-09-03
06584530,CAMDEN HEALTH PARTNERS LIMITED,ltd,,active,2008-05-06,,86210,False,False,,,,,"Ramsay Brown Llp The Brentano Suite, Solar House, 915 High Road, North Finchley, London, N12 8QJ, United Kingdom",,Ramsay Brown Llp The Brentano Suite,"Solar House, 915 High Road",North Finchley,London,N12 8QJ,United Kingdom,,,,,,,,,,,,,,,,,,,,,,,,,,,,,,,,,
09039776,SUNDERLAND GP ALLIANCE LIMITED,ltd,,active,2014-05-14,,86210,False,False,,,,,"Second Floor Business & Innovation Centre, Wearfield, Sunderland, SR5 2TA, United Kingdom",,Second Floor Business & Innovation Centre,Wearfield,Sunderland,,SR5 2TA,United Kingdom,,,,,,,,,,,,,,,,,,,,,,,,,,,,,,,,,
05401818,GOTODOC LIMITED,private-limited-guarant-nsc,,active,2005-03-23,,86900,False,False,,,,,"New Century House Progress Way, Denton, Manchester, M34 2GP, England",,New Century House Progress Way,Denton,Manchester,,M34 2GP,England,,,,,,,,,,,,,,,,,,,,,,,,,,,,,,,,,
06864333,COMMUNITY BASED CARE LIMITED,ltd,,dissolved,2009-03-31,2022-07-12,86210,False,False,,,,,"Unit 7 Queens Park, Team Valley Trading Estate, Gateshead, NE11 0QD, England",,Unit 7 Queens Park,Team Valley Trading Estate,Gateshead,,NE11 0QD,England,,,,,,,,,,,,,,,,,,,,,,,,,,,,,,,,,
07572335,BEVAN HEALTHCARE C.I.C.,ltd,community-interest-company,dissolved,2011-03-21,2025-06-03,86210,True,False,,,,,"14 Piccadilly, Bradford, West Yorkshire, BD1 3LS, England",,14 Piccadilly,,Bradford,West Yorkshire,BD1 3LS,England,,,,,,,,,,,,,,,,,,,,,,,,,,,,,,,,,
09233500,UNIVERSAL HEALTH LIMITED,ltd,,dissolved,2014-09-24,2019-02-28,86210,False,True,,,,,"4 Cyrus Way, Cygnet Park, Hampton, Peterborough, PE7 8HP, England",,4 Cyrus Way,"Cygnet Park, Hampton",Peterborough,,PE7 8HP,England,1,creditors-voluntary-liquidation,1,wound-up-on,2016-08-23,dissolved-on,2019-02-28,,,,,,,1,Michael James Gregson,practitioner,2016-08-23,,"4 Cyrus Way Cygnet Park, Hampton, Peterborough, Cambridgeshire, PE7 8HP",,,,,,,,,,,,creditors-voluntary-liquidation,2016-08-23,2019-02-28
OC376020,CHILTERN VALE HEALTH (2012) LLP,llp,,dissolved,2012-06-13,2021-03-16,,False,False,,,,,"The Stable Yard Vicarage Road, Stony Stratford, Milton Keynes, Buckinghamshire, MK11 1BN, England",,The Stable Yard Vicarage Road,Stony Stratford,Milton Keynes,Buckinghamshire,MK11 1BN,England,,,,,,,,,,,,,,,,,,,,,,,,,,,,,,,,,
07548602,NOTTINGHAM CITYCARE PARTNERSHIP CIC,private-limited-guarant-nsc,community-interest-company,active,2011-03-02,,86900,True,False,,,,,"Aspect House Aspect Business Park, Bennerley Road, Nottingham, NG6 8WR, England",,Aspect House Aspect Business Park,Bennerley Road,Nottingham,,NG6 8WR,England,,,,,,,,,,,,,,,,,,,,,,,,,,,,,,,,,
06359596,BLUE SHEET LIMITED,ltd,,liquidation,2007-09-03,,86210,False,True,,,,,"RSM UK RESTRUCTURING ADVISORY LLP, Landmark 1 St Peters Square Oxford Street, Manchester, M1 4PB",,RSM UK RESTRUCTURING ADVISORY LLP,Landmark 1 St Peters Square Oxford Street,Manchester,,M1 4PB,,1,compulsory-liquidation,1,petitioned-on,2022-09-06,wound-up-on,2022-10-19,,,,,,,4,Keith Jeffery Algie,practitioner,,,"Landmark, St Peter'S Square 1 Oxford Street, Manchester, M1 4PB",James Ashley Dowers,practitioner,,,"25 Farringdon Street, London, EC4A 4AB",The Official Receiver Or Manchester,practitioner,,,"2nd Floor, 3 Piccadilly Place London Road, Manchester, M1 3BN",,compulsory-liquidation,2022-09-06,2022-10-19
05100601,PDS(MEDICAL) LTD,ltd,,active,2004-04-13,,99999,False,False,,,,,"Newfield House, Vicarage Lane, Blackpool, Lancashire, FY4 4EW, United Kingdom",,Newfield House,Vicarage Lane,Blackpool,Lancashire,FY4 4EW,United Kingdom,,,,,,,,,,,,,,,,,,,,,,,,,,,,,,,,,
OC326636,HCRG CARE VERTIS LLP,llp,,active,2007-03-09,,,False,False,,,,,"The Heath Business And Technical Park, Runcorn, Cheshire, WA7 4QX, United Kingdom",,The Heath Business And Technical Park,,Runcorn,Cheshire,WA7 4QX,United Kingdom,,,,,,,,,,,,,,,,,,,,,,,,,,,,,,,,,
09651047,BARNSLEY HEALTHCARE FEDERATION (BHF) CIC,private-limited-guarant-nsc,community-interest-company,active,2015-06-22,,86210; 86220; 86900,True,False,,,,,"Oaks Park Primary Care Centre Thornton Road, Kendray, Barnsley, South Yorkshire, S70 3NE, England",,Oaks Park Primary Care Centre Thornton Road,Kendray,Barnsley,South Yorkshire,S70 3NE,England,,,,,,,,,,,,,,,,,,,,,,,,,,,,,,,,,
08276411,ENFIELD HEALTHCARE ALLIANCE LIMITED,ltd,,active,2012-11-01,,86210,False,False,,,,,"Ramsay Brown Llp The Brentano Suite, Solar House, 915 High Road, North Finchley, London, N12 8QJ, United Kingdom",,Ramsay Brown Llp The Brentano Suite,"Solar House, 915 High Road",North Finchley,London,N12 8QJ,United Kingdom,,,,,,,,,,,,,,,,,,,,,,,,,,,,,,,,,
09140668,QUAY PRIMARY HEALTHCARE C.I.C.,ltd,community-interest-company,active,2014-07-21,,86210,True,False,,,,,"Unit 10-12 Guardian Point,, Guardian Street,, Warrington, Cheshire, WA5 1SJ, England",,"Unit 10-12 Guardian Point,","Guardian Street,",Warrington,Cheshire,WA5 1SJ,England,,,,,,,,,,,,,,,,,,,,,,,,,,,,,,,,,
05526203,BRISDOC HEALTHCARE SERVICES LIMITED,ltd,,active,2005-08-03,,86210,False,False,,,,,"C/O Bishop Fleming Llp, 10 Temple Back, Bristol, BS1 6FL, United Kingdom",,C/O Bishop Fleming Llp,10 Temple Back,Bristol,,BS1 6FL,United Kingdom,,,,,,,,,,,,,,,,,,,,,,,,,,,,,,,,,
08778124,SSP HEALTH PRIMARY CARE LIMITED,ltd,,active,2013-11-15,,86210,False,False,,,,,"3rd Floor Waterside House, Waterside Drive, Wigan, WN3 5AZ, England",,3rd Floor Waterside House,Waterside Drive,Wigan,,WN3 5AZ,England,,,,,,,,,,,,,,,,,,,,,,,,,,,,,,,,,
09117198,BENTLEY MEDICAL PRACTICE LIMITED,ltd,,active,2014-07-04,,86210,False,False,,,,,"Bentley Medical Practice Redcar Primary Care Hospital, West Dyke Road, Redcar, TS10 4NW",,Bentley Medical Practice Redcar Primary Care Hospital,West Dyke Road,Redcar,,TS10 4NW,,,,,,,,,,,,,,,,,,,,,,,,,,,,,,,,,,
07275637,MEDWAY COMMUNITY HEALTHCARE C.I.C.,ltd,community-interest-company,active,2010-06-07,,86900,True,False,,,,,"Mch House Bailey Drive, Gillingham Business Park, Gillingham, Kent, ME8 0PZ, United Kingdom",,Mch House Bailey Drive,Gillingham Business Park,Gillingham,Kent,ME8 0PZ,United Kingdom,,,,,,,,,,,,,,,,,,,,,,,,,,,,,,,,,
06059636,NORWICH PRACTICES LTD.,ltd,,liquidation,2007-01-22,,86210,False,True,,,,,"The Silverworks, 67-71 Northwood Street, Birmingham, West Midlands, B3 1TX",,The Silverworks,67-71 Northwood Street,Birmingham,West Midlands,B3 1TX,,1,creditors-voluntary-liquidation,1,wound-up-on,2024-01-30,,,,,,,,,1,Andrew Turpin,practitioner,2024-01-30,,"The Silverworks 67-71 Northwood Street, Birmingham, West Midlands, B3 1TX",,,,,,,,,,,,creditors-voluntary-liquidation,2024-01-30,2024-01-30
07201486,THEOMED LIMITED,ltd,,dissolved,2010-03-24,2024-08-27,86210,False,False,,,,,"32 St. Margarets Road, Edgware, HA8 9UU, England",,32 St. Margarets Road,,Edgware,,HA8 9UU,England,,,,,,,,,,,,,,,,,,,,,,,,,,,,,,,,,
07573080,EAST COAST COMMUNITY HEALTHCARE C.I.C.,ltd,community-interest-company,active,2011-03-22,,86101; 86210; 86900,True,False,,,,,"Hamilton House, Battery Green Road, Lowestoft, NR32 1DE, England",,Hamilton House,Battery Green Road,Lowestoft,,NR32 1DE,England,,,,,,,,,,,,,,,,,,,,,,,,,,,,,,,,,
06595268,GENERALMEDICALSERVICES LTD,ltd,,active,2008-05-16,,86210; 86220,False,False,,,,,"Goldenhill Medical Centre High Street, Goldenhill, Stoke-On-Trent, ST6 5QJ",,Goldenhill Medical Centre High Street,Goldenhill,Stoke-On-Trent,,ST6 5QJ,,,,,,,,,,,,,,,,,,,,,,,,,,,,,,,,,,
05770108,THE PRACTICE U SURGERIES LIMITED,ltd,,active,2006-04-05,,86210,False,False,,,,,"Prospect House, 108 High Street, Great Missenden, HP16 0BG, England",,Prospect House,108 High Street,Great Missenden,,HP16 0BG,England,,,,,,,,,,,,,,,,,,,,,,,,,,,,,,,,,
06563486,PARTNERING HEALTH LIMITED,ltd,,active,2008-04-11,,86210,False,False,,,,,"Onyx, 12 Little Park Farm Rd Segensworth Roundabout, West, Fareham, PO15 5TD, United Kingdom",,"Onyx, 12 Little Park Farm Rd Segensworth Roundabout",West,Fareham,,PO15 5TD,United Kingdom,,,,,,,,,,,,,,,,,,,,,,,,,,,,,,,,,
08012530,WESTCLIFFE CARE UK LIMITED,ltd,,active,2012-03-29,,86900,False,False,,,,,"Westcliffe Medical Centre, Westcliffe Road, Shipley, BD18 3EE",,Westcliffe Medical Centre,Westcliffe Road,Shipley,,BD18 3EE,,,,,,,,,,,,,,,,,,,,,,,,,,,,,,,,,,
OC338351,HCRG CARE COVENTRY LLP,llp,,active,2008-06-26,,,False,False,,,,,"The Heath Business And Technical Park, Runcorn, Cheshire, WA7 4QX, United Kingdom",,The Heath Business And Technical Park,,Runcorn,Cheshire,WA7 4QX,United Kingdom,,,,,,,,,,,,,,,,,,,,,,,,,,,,,,,,,
07230653,CORE CARE LINKS LIMITED,private-limited-guarant-nsc,,active,2010-04-21,,86900,False,False,,,,,"Raj Medical Centre, Laceby Road, Grimsby, North East Lincolnshire, DN34 5LP",,Raj Medical Centre,Laceby Road,Grimsby,North East Lincolnshire,DN34 5LP,,,,,,,,,,,,,,,,,,,,,,,,,,,,,,,,,,
09290833,RICHMOND GENERAL PRACTICE ALLIANCE LIMITED,ltd,,active,2014-10-31,,86210,False,False,,,,,"Tudor House, 26 Upper Teddington Road, Hampton Wick, KT1 4DY",,Tudor House,26 Upper Teddington Road,Hampton Wick,,KT1 4DY,,,,,,,,,,,,,,,,,,,,,,,,,,,,,,,,,,
09337374,NORTHERN HEALTH GPPO LIMITED,ltd,,active,2014-12-02,,86210,False,False,,,,,"Victoria Mill, Lower Vickers Street, Manchester, M40 7LH, England",,Victoria Mill,Lower Vickers Street,Manchester,,M40 7LH,England,,,,,,,,,,,,,,,,,,,,,,,,,,,,,,,,,
09362623,IGP CARE LIMITED,ltd,,liquidation,2014-12-19,,86900,False,True,,,,,"The Hub 158 Block Lane, Chadderton, Oldham, OL9 7SG, England",,The Hub 158 Block Lane,Chadderton,Oldham,,OL9 7SG,England,1,compulsory-liquidation,1,petitioned-on,2025-04-02,wound-up-on,2025-07-08,,,,,,,1,The Official Receiver Or Manchester,practitioner,,,"2nd Floor, 3 Piccadilly Place London Road, Manchester, M1 3BN",,,,,,,,,,,,compulsory-liquidation,2025-04-02,2025-07-08
08763136,PRIMARY INTEGRATED COMMUNITY SERVICES LIMITED,ltd,,active,2013-11-05,,86900,False,False,,,,,"Unit H3 Ash Tree Court Mellors Way, Nottingham Business Park, Nottingham, NG8 6PY, England",,Unit H3 Ash Tree Court Mellors Way,Nottingham Business Park,Nottingham,,NG8 6PY,England,,,,,,,,,,,,,,,,,,,,,,,,,,,,,,,,,
08655843,S2S HEALTH LIMITED,ltd,,active,2013-08-19,,96090,False,False,,,,,"6 Margaret Road, Crosby, Liverpool, Merseyside, L23 6TR",,6 Margaret Road,Crosby,Liverpool,Merseyside,L23 6TR,,,,,,,,,,,,,,,,,,,,,,,,,,,,,,,,,,
09680259,CCL-SOLUTIONS LIMITED,ltd,,active,2015-07-10,,86210,False,False,,,,,"Raj Medical Centre, Laceby Road, Grimsby, Lincolnshire, DN34 5LP, United Kingdom",,Raj Medical Centre,Laceby Road,Grimsby,Lincolnshire,DN34 5LP,United Kingdom,,,,,,,,,,,,,,,,,,,,,,,,,,,,,,,,,
06677276,LIVING CARE MEDICAL SERVICES LIMITED,ltd,,dissolved,2008-08-20,2022-05-02,86210,False,True,,,,,"9th Floor 7 Park Row, Leeds, LS1 5HD",,9th Floor 7 Park Row,,Leeds,,LS1 5HD,,1,creditors-voluntary-liquidation,1,wound-up-on,2020-04-28,dissolved-on,2022-05-02,,,,,,,2,Anthony Milnes,practitioner,2020-04-28,,"6th Floor 36 Park Row, Leeds, LS1 5JL",Philip Deyes,practitioner,2020-04-28,,"6th Floor, 36 Park Row, Leeds, LS1 5JL",,,,,,,creditors-voluntary-liquidation,2020-04-28,2022-05-02
07710140,CIGNA HEALTHCARE LTD,ltd,,active,2011-07-19,,86210; 86900,False,False,,,,,"11 Rousden Street, London, NW1 0SU, England",,11 Rousden Street,,London,,NW1 0SU,England,,,,,,,,,,,,,,,,,,,,,,,,,,,,,,,,,
07807964,SOUTH DURHAM HEALTH C.I.C.,private-limited-guarant-nsc,community-interest-company,active,2011-10-12,,86210; 86220,True,False,,,,,"Rmt Accountants & Business Advisors Limited, Gosforth Park Avenue, Newcastle Upon Tyne, NE12 8EG, England",,Rmt Accountants & Business Advisors Limited,Gosforth Park Avenue,Newcastle Upon Tyne,,NE12 8EG,England,,,,,,,,,,,,,,,,,,,,,,,,,,,,,,,,,
07563445,CARE PLUS GROUP (NORTH EAST LINCOLNSHIRE) LIMITED,converted-or-closed,,converted-closed,2011-03-14,2011-08-08,,False,,,,,,"The Port Office, Cleethorpes Road, Grimsby, DN31 3LL, United Kingdom",,The Port Office,Cleethorpes Road,Grimsby,,DN31 3LL,United Kingdom,,,,,,,,,,,,,,,,,,,,,,,,,,,,,,,,,
05644302,NETWORK HEALTHCARE SOLUTIONS LIMITED,ltd,,active,2005-12-05,,86210,False,False,,,,,"Lyme Valley Medical Centre, Lyme Valley Road, Newcastle Under Lyme, Staffordshire, ST5 3TF",,Lyme Valley Medical Centre,Lyme Valley Road,Newcastle Under Lyme,Staffordshire,ST5 3TF,,,,,,,,,,,,,,,,,,,,,,,,,,,,,,,,,,
IP29910R,LONDON CENTRAL & WEST UNSCHEDULED CARE COLLABORATIVE LIMITED,registered-society-non-jurisdictional,,active,,,,False,False,,,,,,,,,,,,,,,,,,,,,,,,,,,,,,,,,,,,,,,,,,,,,
06624528,CORNERSTONE HEALTHCARE COMMUNITY INTEREST COMPANY,ltd,community-interest-company,active,2008-06-19,,86220,True,False,,,,,"22 The Bramhall Centre, Bramhall, Stockport, Cheshire, SK7 1AW",,22 The Bramhall Centre,Bramhall,Stockport,Cheshire,SK7 1AW,,,,,,,,,,,,,,,,,,,,,,,,,,,,,,,,,,
06183049,SUFFOLK GP FEDERATION C.I.C.,ltd,community-interest-company,active,2007-03-26,,86210,True,False,,,,,"Riverside Clinic, 2 Landseer Road, Ipswich, IP3 0AZ",,Riverside Clinic,2 Landseer Road,Ipswich,,IP3 0AZ,,,,,,,,,,,,,,,,,,,,,,,,,,,,,,,,,,
09561513,SOUTH & EAST LEEDS GENERAL PRACTICE GROUP LIMITED,ltd,,active,2015-04-26,,86210,False,False,,,,,"1st Floor,  Park Edge Practice, Asket Drive, Leeds, LS14 1HX, England",,"1st Floor,  Park Edge Practice",Asket Drive,Leeds,,LS14 1HX,England,,,,,,,,,,,,,,,,,,,,,,,,,,,,,,,,,
06584450,HARNESS CARE LTD,ltd,,active,2008-05-06,,86210,False,False,,,,,"Hempsons Llp, Third Floor, 3 Dorset Rise, London, EC4Y 8EN, England",,"Hempsons Llp, Third Floor",3 Dorset Rise,London,,EC4Y 8EN,England,,,,,,,,,,,,,,,,,,,,,,,,,,,,,,,,,
10499563,SOUTHGLADE MEDICAL PRACTICE LTD,ltd,,dissolved,2016-11-28,2019-02-12,86210,False,False,,,,,"2 Lace Market Square, Nottingham, Nottinghamshire, NG1 1PB, United Kingdom",,2 Lace Market Square,,Nottingham,Nottinghamshire,NG1 1PB,United Kingdom,,,,,,,,,,,,,,,,,,,,,,,,,,,,,,,,,
OC336595,HCRG CARE READING LLP,llp,,active,2008-04-17,,,False,False,,,,,"The Heath Business And Technical Park, Runcorn, Cheshire, WA7 4QX, United Kingdom",,The Heath Business And Technical Park,,Runcorn,Cheshire,WA7 4QX,United Kingdom,,,,,,,,,,,,,,,,,,,,,,,,,,,,,,,,,
06853264,CARFAX HEALTH ENTERPRISE COMMUNITY INTEREST COMPANY,ltd,community-interest-company,active,2009-03-20,,68209,True,False,,,,,"Sparcells Surgery Midwinter Close, Peatmoor, Swindon, SN5 5AN, England",,Sparcells Surgery Midwinter Close,Peatmoor,Swindon,,SN5 5AN,England,,,,,,,,,,,,,,,,,,,,,,,,,,,,,,,,,
10196823,ELM ALLIANCE LIMITED,ltd,,active,2016-05-24,,86210,False,False,,,,,"A6 Kingfisher House Kingsway, Team Valley Trading Estate, Gateshead, NE11 0JQ, England",,A6 Kingfisher House Kingsway,Team Valley Trading Estate,Gateshead,,NE11 0JQ,England,,,,,,,,,,,,,,,,,,,,,,,,,,,,,,,,,
06766287,LONDON MEDICAL ASSOCIATES LIMITED,ltd,,active,2008-12-05,,82990,False,False,,,,,"Ramsay Brown Llp The Brentano Suite, Solar House, 915 High Road, North Finchley, London, N12 8QJ, United Kingdom",,Ramsay Brown Llp The Brentano Suite,"Solar House, 915 High Road",North Finchley,London,N12 8QJ,United Kingdom,,,,,,,,,,,,,,,,,,,,,,,,,,,,,,,,,
09989518,ARCH HEALTH COMMUNITY INTEREST COMPANY,ltd,community-interest-company,active,2016-02-05,,86210,True,False,,,,,"The School Clinic, Morley Street, Brighton, BN2 9DH, England",,The School Clinic,Morley Street,Brighton,,BN2 9DH,England,,,,,,,,,,,,,,,,,,,,,,,,,,,,,,,,,
09685712,NORTH STAFFORDSHIRE GP FEDERATION LIMITED,private-limited-guarant-nsc,,active,2015-07-14,,94120,False,False,,,,,"511 Etruria Road, Stoke-On-Trent, ST4 6HT, England",,511 Etruria Road,,Stoke-On-Trent,,ST4 6HT,England,,,,,,,,,,,,,,,,,,,,,,,,,,,,,,,,,
06635822,MILTON KEYNES URGENT CARE SERVICES COMMUNITY INTEREST COMPANY,ltd,community-interest-company,active,2008-07-02,,86210,True,False,,,,,"Walk In Centre Standing Way, Eaglestone, Milton Keynes, MK6 5NG",,Walk In Centre Standing Way,Eaglestone,Milton Keynes,,MK6 5NG,,,,,,,,,,,,,,,,,,,,,,,,,,,,,,,,,,
05164833,M - DOC LIMITED,private-limited-guarant-nsc,,dissolved,2004-06-28,2022-06-03,86210,False,True,,,,,"Cba Business Solutions Ltd, 126 New Walk, Leicester, Leicestershire, LE1 7JA",,Cba Business Solutions Ltd,126 New Walk,Leicester,Leicestershire,LE1 7JA,,1,members-voluntary-liquidation,1,due-to-be-dissolved-on,2022-06-03,wound-up-on,2019-02-21,,,,,,,1,Neil Charles Money,practitioner,2019-02-21,,"126 New Walk, Leicester, Leicestershire, LE1 7JA",,,,,,,,,,,,members-voluntary-liquidation,2019-02-21,2022-06-03
IP29766R,LOCAL CARE DIRECT LIMITED,registered-society-non-jurisdictional,,active,,,,False,False,,,,,,,,,,,,,,,,,,,,,,,,,,,,,,,,,,,,,,,,,,,,,
IP29791R,BEDFORD ON CALL LIMITED,registered-society-non-jurisdictional,,active,,,,False,False,,,,,,,,,,,,,,,,,,,,,,,,,,,,,,,,,,,,,,,,,,,,,
05146354,HEALTHHERO INTEGRATED CARE LIMITED,ltd,,active,2004-06-07,,86900,False,False,,,,,"Fox Talbot House, Bellinger Close, Chippenham, Wiltshire, SN15 1BN, England",,Fox Talbot House,Bellinger Close,Chippenham,Wiltshire,SN15 1BN,England,,,,,,,,,,,,,,,,,,,,,,,,,,,,,,,,,
06561284,GP CARE SERVICES LIMITED,ltd,,active,2008-04-10,,86210,False,False,,,,,"Suite 4a Apex, 33 Victoria Street, Altrincham, Cheshire, WA14 1AU, United Kingdom",,"Suite 4a Apex, 33 Victoria Street",,Altrincham,Cheshire,WA14 1AU,United Kingdom,,,,,,,,,,,,,,,,,,,,,,,,,,,,,,,,,
07549390,B&SH CIC,ltd,community-interest-company,active,2011-03-02,,82990,True,False,,,,,"Wellington Way Health Centre, 1a Wellington Way, London, E3 4NE, United Kingdom",,Wellington Way Health Centre,1a Wellington Way,London,,E3 4NE,United Kingdom,,,,,,,,,,,,,,,,,,,,,,,,,,,,,,,,,
03127120,PRESTON MEDICS LIMITED,private-limited-guarant-nsc,,dissolved,1995-11-16,2017-03-14,86210,False,False,,,,,"Royal Preston Hospital, Sharoe Green Lane, Fulwood, Preston, Lancashire, PR2 9HT",,Royal Preston Hospital,Sharoe Green Lane,"Fulwood, Preston",Lancashire,PR2 9HT,,,,,,,,,,,,,,,,,,,,,,,,,,,,,,,,,,
IP29792R,PARTNERSHIP OF EAST LONDON CO-OPERATIVES (PELC) LIMITED,registered-society-non-jurisdictional,,active,,,,False,False,,,,,,,,,,,,,,,,,,,,,,,,,,,,,,,,,,,,,,,,,,,,,
06131525,BARNDOC HEALTHCARE LIMITED,ltd,,dissolved,2007-02-28,2025-02-09,82990,False,True,,,,,"Ernst & Young Llp 1, More London Place, London, SE1 2AF",,Ernst & Young Llp 1,More London Place,London,,SE1 2AF,,1,creditors-voluntary-liquidation,1,wound-up-on,2022-09-14,dissolved-on,2025-02-09,,,,,,,2,Joanne Robinson,practitioner,2022-09-14,,"1 More London Place, London, SE1 2AF",Richard Barker,practitioner,2022-09-14,,"1 More London Place, London, SE1 2AF",,,,,,,creditors-voluntary-liquidation,2022-09-14,2025-02-09
03453965,ST. HELENS ROTA LIMITED,private-limited-guarant-nsc,,active,1997-10-22,,86210,False,False,,,,,"Albion Street Clinic, Albion Street, St. Helens, Merseyside, WA10 2HA",,Albion Street Clinic,Albion Street,St. Helens,Merseyside,WA10 2HA,,,,,,,,,,,,,,,,,,,,,,,,,,,,,,,,,,
05224356,MASTERCALL HEALTHCARE,private-limited-guarant-nsc-limited-exemption,,active,2004-09-07,,86900,False,False,,,,,"International House Pepper Road, Hazel Grove, Stockport, Cheshire, SK7 5BW, England",,International House Pepper Road,Hazel Grove,Stockport,Cheshire,SK7 5BW,England,,,,,,,,,,,,,,,,,,,,,,,,,,,,,,,,,
IP29835R,NORTH HAMPSHIRE URGENT CARE LIMITED,registered-society-non-jurisdictional,,active,,,,False,False,,,,,,,,,,,,,,,,,,,,,,,,,,,,,,,,,,,,,,,,,,,,,
02985987,CAMBRIDGE DOCTORS ON CALL LIMITED,private-limited-guarant-nsc,,dissolved,1994-11-02,2020-10-07,86900,False,True,,,,,"Salisbury House, Station Road, Cambridge, CB1 2LA",,Salisbury House,Station Road,Cambridge,,CB1 2LA,,1,members-voluntary-liquidation,1,dissolved-on,2020-10-07,wound-up-on,2018-04-25,,,,,,,1,Katherine Merry,practitioner,2018-04-25,,"Salisbury House Station Road, Cambridge, Cambridgeshire, CB1 2LA",,,,,,,,,,,,members-voluntary-liquidation,2018-04-25,2020-10-07
04679678,PRINCIPAL MEDICAL LIMITED,ltd,,active,2003-02-26,,86210,False,False,,,,,"3 Barberry Place, Bicester, Oxfordshire, OX26 3HA, England",,3 Barberry Place,,Bicester,Oxfordshire,OX26 3HA,England,,,,,,,,,,,,,,,,,,,,,,,,,,,,,,,,,
IP30301R,HERTS URGENT CARE (HUC) LIMITED,registered-society-non-jurisdictional,,active,,,,False,False,,,,,,,,,,,,,,,,,,,,,,,,,,,,,,,,,,,,,,,,,,,,,
09766352,CROYDON GP COLLABORATIVE LIMITED,ltd,,active,2015-09-07,,86210,False,False,,,,,"2 Leman Street, London, E1W 9US, United Kingdom",,2 Leman Street,,London,,E1W 9US,United Kingdom,,,,,,,,,,,,,,,,,,,,,,,,,,,,,,,,,
03136437,THE SHROPSHIRE DOCTORS' CO-OPERATIVE LIMITED,private-limited-guarant-nsc,,active,1995-12-11,,86210,False,False,,,,,"Unit A, 3 Longbow Close, Shrewsbury, Shropshire, SY1 3GZ, United Kingdom",,Unit A,3 Longbow Close,Shrewsbury,Shropshire,SY1 3GZ,United Kingdom,,,,,,,,,,,,,,,,,,,,,,,,,,,,,,,,,
03155566,BIRMINGHAM AND DISTRICT GENERAL PRACTITIONER EMERGENCY ROOM LIMITED,private-limited-guarant-nsc,,active,1996-01-31,,86210,False,False,,,,,"Badger House, 121 Glover Street, Birmingham, B9 4EY",,Badger House,121 Glover Street,Birmingham,,B9 4EY,,,,,,,,,,,,,,,,,,,,,,,,,,,,,,,,,,
03160204,SOUTH DOC SERVICES LIMITED,ltd,,active,1996-02-15,,86210,False,False,,,,,"194-196 West Heath Road, Northfield, Birmingham, B31 3HB",,194-196 West Heath Road,Northfield,Birmingham,,B31 3HB,,,,,,,,,,,,,,,,,,,,,,,,,,,,,,,,,,
06528491,CARE UNBOUND LIMITED,ltd,,active,2008-03-10,,86210; 86900,False,False,,,,,"5th Floor, 177 Preston Road Preston Road, Brighton, BN1 6AG, England",,"5th Floor, 177 Preston Road Preston Road",,Brighton,,BN1 6AG,England,,,,,,,,,,,,,,,,,,,,,,,,,,,,,,,,,
09233816,TOWER HAMLETS GP CARE GROUP CIC,ltd,community-interest-company,active,2014-09-24,,86210; 86900,True,False,,,,,"Island Health Practice 1st Floor, 145 East Ferry Road, London, E14 3BQ, England",,Island Health Practice 1st Floor,145 East Ferry Road,London,,E14 3BQ,England,,,,,,,,,,,,,,,,,,,,,,,,,,,,,,,,,
05297064,GRABADOC HEALTHCARE SOCIETY LIMITED,private-limited-guarant-nsc,,active,2004-11-26,,86210,False,False,,,,,"Unit 7 Mulberry Place, Pinnell Road, Eltham, London, SE9 6AR, United Kingdom",,Unit 7 Mulberry Place,Pinnell Road,Eltham,London,SE9 6AR,United Kingdom,,,,,,,,,,,,,,,,,,,,,,,,,,,,,,,,,
06273905,CITY HEALTH CARE PARTNERSHIP CIC,ltd,community-interest-company,active,2007-06-08,,86900,True,False,,,,,"5 Beacon Way, Hull, HU3 4AE, England",,5 Beacon Way,,Hull,,HU3 4AE,England,,,,,,,,,,,,,,,,,,,,,,,,,,,,,,,,,
09965824,ADDERLEY GREEN MEDICAL SERVICES LTD,ltd,,active,2016-01-22,,86210,False,False,,,,,"Adderley Green Surgery 28-30 Weston Street, Longton, Stoke-On-Trent, ST3 5DQ, England",,Adderley Green Surgery 28-30 Weston Street,Longton,Stoke-On-Trent,,ST3 5DQ,England,,,,,,,,,,,,,,,,,,,,,,,,,,,,,,,,,
09821044,GREATER PETERBOROUGH NETWORK COMMUNITY INTEREST COMPANY,ltd,community-interest-company,active,2015-10-12,,94990,True,False,,,,,"Allia Future Business Centre, London Road, Peterborough, Cambridgeshire, PE2 8AL, England",,Allia Future Business Centre,London Road,Peterborough,Cambridgeshire,PE2 8AL,England,,,,,,,,,,,,,,,,,,,,,,,,,,,,,,,,,
03476434,SOUTH ESSEX EMERGENCY DOCTORS SERVICE,private-limited-guarant-nsc-limited-exemption,,dissolved,1997-12-04,2025-06-10,86210,False,False,,,,,"Independence House, 14a Nelson Street, Southend-On-Sea, SS1 1EF, England",,Independence House,14a Nelson Street,Southend-On-Sea,,SS1 1EF,England,,,,,,,,,,,,,,,,,,,,,,,,,,,,,,,,,
IP29866R,CENTRAL NOTTINGHAMSHIRE CLINICAL SERVICES LIMITED,registered-society-non-jurisdictional,,active,,,,False,False,,,,,,,,,,,,,,,,,,,,,,,,,,,,,,,,,,,,,,,,,,,,,
10429023,OPERON HEALTH LIMITED,ltd,,active,2016-10-14,,62012; 70229; 86210,False,False,,,,,"White House The Street, High Roding, Dunmow, Essex, CM6 1NR, England",,White House The Street,High Roding,Dunmow,Essex,CM6 1NR,England,,,,,,,,,,,,,,,,,,,,,,,,,,,,,,,,,
10474084,ENFIELD ONE LIMITED,ltd,,active,2016-11-11,,86210,False,False,,,,,"Ramsay Brown Llp The Brentano Suite, Solar House, 915 High Road, North Finchley, London, N12 8QJ, United Kingdom",,Ramsay Brown Llp The Brentano Suite,"Solar House, 915 High Road",North Finchley,London,N12 8QJ,United Kingdom,,,,,,,,,,,,,,,,,,,,,,,,,,,,,,,,,
08908704,GENERAL PRACTICE ALLIANCE LIMITED,ltd,,active,2014-02-24,,86210,False,False,,,,,"129 Hazeldene Road, Northampton, Northamptonshire, NN2 7PB",,129 Hazeldene Road,,Northampton,Northamptonshire,NN2 7PB,,,,,,,,,,,,,,,,,,,,,,,,,,,,,,,,,,
07376913,ANGLIAN COMMUNITY ENTERPRISE (ACE) COMMUNITY INTEREST COMPANY,ltd,community-interest-company,dissolved,2010-09-15,2025-09-26,86101; 86210; 86230; 86900,True,True,,,,,"C/O BEGBIES TRAYNOR (CENTRAL)LLP, 3rd Floor  Castlemead Lower Castle Street, Bristol, BS1 3AG",,C/O BEGBIES TRAYNOR (CENTRAL)LLP,3rd Floor  Castlemead Lower Castle Street,Bristol,,BS1 3AG,,1,members-voluntary-liquidation,1,wound-up-on,2021-08-31,dissolved-on,2025-09-26,,,,,,,2,Paul David Wood,practitioner,2021-08-31,,"St. James Court St James Parade, Bristol, BS1 3LH",Simon Robert Haskew,practitioner,2021-08-31,,"St. James Court St James Parade, Bristol, BS1 3LH",,,,,,,members-voluntary-liquidation,2021-08-31,2025-09-26
IP30263R,EAST LANCASHIRE MEDICAL SERVICES LIMITED,registered-society-non-jurisdictional,,active,,,,False,False,,,,,,,,,,,,,,,,,,,,,,,,,,,,,,,,,,,,,,,,,,,,,
OC338798,VIRGIN CARE WANDLE LLP,llp,,dissolved,2008-07-16,2020-09-22,,False,False,,,,,"The Heath Business And Technical Park, Runcorn, Cheshire, WA7 4QX, United Kingdom",,The Heath Business And Technical Park,,Runcorn,Cheshire,WA7 4QX,United Kingdom,,,,,,,,,,,,,,,,,,,,,,,,,,,,,,,,,
09953773,HARTLEPOOL AND STOCKTON HEALTH LTD,ltd,,active,2016-01-15,,86210; 86220; 86900,False,False,,,,,"Room 21 Gloucester House, 72 Church Road, Stockton-On-Tees, TS18 1TW, England",,Room 21 Gloucester House,72 Church Road,Stockton-On-Tees,,TS18 1TW,England,,,,,,,,,,,,,,,,,,,,,,,,,,,,,,,,,
10612979,ARGYLE HEALTH GROUP LIMITED,ltd,,liquidation,2017-02-10,,86210,False,True,,,,,"Cmb Partners Uk Ltd, 49 Tabernacle Street, London, EC2A 4AA",,Cmb Partners Uk Ltd,49 Tabernacle Street,London,,EC2A 4AA,,1,creditors-voluntary-liquidation,1,due-to-be-dissolved-on,2026-07-29,wound-up-on,2025-10-20,,,,,,,2,Adam Price,practitioner,2025-10-20,,"49 Tabernacle Street, London, EC2A 4AA",Lane Gary Bednash,practitioner,2025-10-20,,"49 Tabernacle Street, London, EC2A 4AA",,,,,,,creditors-voluntary-liquidation,2025-10-20,2026-07-29
06504010,GTD PRIMARY CARE LIMITED,ltd,,active,2008-02-14,,86210,False,False,,,,,"New Century House Progress Way, Denton, Manchester, M34 2GP, England",,New Century House Progress Way,Denton,Manchester,,M34 2GP,England,,,,,,,,,,,,,,,,,,,,,,,,,,,,,,,,,
10424658,HERNE BAY INTEGRATED CARE LIMITED,ltd,,active,2016-10-13,,86210; 86220,False,False,,,,,"Victoria Court, 17-21 Ashford Road, Maidstone, Kent, ME14 5DA, United Kingdom",,Victoria Court,17-21 Ashford Road,Maidstone,Kent,ME14 5DA,United Kingdom,,,,,,,,,,,,,,,,,,,,,,,,,,,,,,,,,
06745192,DMC HEALTHCARE LIMITED,ltd,,active,2008-11-10,,86210,False,False,,,,,"60 Chadwick Road, Peckham, London, SE15 4PU, United Kingdom",,60 Chadwick Road,Peckham,London,,SE15 4PU,United Kingdom,,,,,,,,,,,,,,,,,,,,,,,,,,,,,,,,,
09192988,WIGHT PRIMARY PARTNERSHIPS LIMITED,ltd,,active,2014-08-29,,86210,False,False,,,,,"Brookside Health Centre, Queens Road, Freshwater, Isle Of Wight, PO40 9DT, England",,Brookside Health Centre,Queens Road,Freshwater,Isle Of Wight,PO40 9DT,England,,,,,,,,,,,,,,,,,,,,,,,,,,,,,,,,,
07382763,BETTER HEALTH MCR LTD,ltd,,active,2010-09-21,,86210,False,False,,,,,"Rusholme Health Centre, Walmer Street, Manchester, M14 5NP",,Rusholme Health Centre,Walmer Street,Manchester,,M14 5NP,,,,,,,,,,,,,,,,,,,,,,,,,,,,,,,,,,
09113111,WF FEDERATED GP NETWORK LIMITED,ltd,,active,2014-07-02,,86210; 86220,False,False,,,,,"500 Larkshall Road, London, E4 9HH, England",,500 Larkshall Road,,London,,E4 9HH,England,,,,,,,,,,,,,,,,,,,,,,,,,,,,,,,,,
09089141,NEW WAVES INTEGRATED CARE LIMITED,ltd,,dissolved,2014-06-17,2022-08-02,86220,False,False,,,,,"12-14 Walpole Road, Bournemouth, Dorset, BH1 4HA, England",,12-14 Walpole Road,,Bournemouth,Dorset,BH1 4HA,England,,,,,,,,,,,,,,,,,,,,,,,,,,,,,,,,,
08830754,GENERATING HEALTHCARE LIMITED,ltd,,active,2014-01-03,,86210; 86220,False,False,,,,,"2 Tower House, Tower Centre, Hoddesdon, Hertfordshire, EN11 8UR, England",,2 Tower House,Tower Centre,Hoddesdon,Hertfordshire,EN11 8UR,England,,,,,,,,,,,,,,,,,,,,,,,,,,,,,,,,,
08854894,NEWCASTLE GENERAL PRACTICE SERVICES LTD,ltd,,active,2014-01-21,,86210,False,False,,,,,"The Grainger Suite, Dobson House, Gosforth, Newcastle Upon Tyne, NE3 3PF, England",,The Grainger Suite,Dobson House,Gosforth,Newcastle Upon Tyne,NE3 3PF,England,,,,,,,,,,,,,,,,,,,,,,,,,,,,,,,,,
05506424,AMP HEALTHCARE LIMITED,ltd,,active,2005-07-12,,96090,False,False,,,,,"Northgate, 118 North Street, Leeds, LS2 7PN",,Northgate,118 North Street,Leeds,,LS2 7PN,,,,,,,,,,,,,,,,,,,,,,,,,,,,,,,,,,
07825860,THE LOCALITY HEALTH CENTRE CIC,ltd,community-interest-company,liquidation,2011-10-27,,86210,True,True,,,,,"Staverton Court, Staverton, Cheltenham, Glos, GL51 0UX",,Staverton Court,Staverton,Cheltenham,Glos,GL51 0UX,,1,creditors-voluntary-liquidation,1,wound-up-on,2019-08-09,,,,,,,,,3,Peter Richard James Frost,practitioner,2019-08-09,2024-11-29,"Staverton Court Staverton, Cheltenham, Gloucestershire, GL51 0UX",Victor Henry Ellaby,practitioner,2019-08-09,2023-10-25,"Staverton Court Staverton, Cheltenham, GL51 0UX",Nicholas Stafford,practitioner,2023-10-25,,"Staverton Court Staverton, Cheltenham, Gloucestershire, GL51 0UX",,creditors-voluntary-liquidation,2019-08-09,2019-08-09
07766650,NEWINGTON ROAD SURGERY LIMITED,ltd,,active,2011-09-08,,86210,False,False,,,,,"100 Newington Road, Ramsgate, Kent, CT12 6EW",,100 Newington Road,Ramsgate,Kent,,CT12 6EW,,,,,,,,,,,,,,,,,,,,,,,,,,,,,,,,,,
05725763,WALTHAM FOREST COMMUNITY AND FAMILY HEALTH SERVICES LIMITED,ltd,,active,2006-03-01,,86210,False,False,,,,,"Priestley House Priestley Gardens, Chadwell Heath, Romford, Essex, RM6 4SN",,Priestley House Priestley Gardens,Chadwell Heath,Romford,Essex,RM6 4SN,,,,,,,,,,,,,,,,,,,,,,,,,,,,,,,,,,
08109263,LEICESTER MEDICARE LTD,ltd,,active,2012-06-18,,86210; 86220,False,False,,,,,"Community Health Centre, Melbourne Road, Leicester, LE2 0GU, England",,Community Health Centre,Melbourne Road,Leicester,,LE2 0GU,England,,,,,,,,,,,,,,,,,,,,,,,,,,,,,,,,,
05420961,APMS SOLUTIONS LIMITED,ltd,,active,2005-04-11,,86210; 86900,False,False,,,,,"56 Prentis Road, London, SW16 1QD",,56 Prentis Road,,London,,SW16 1QD,,,,,,,,,,,,,,,,,,,,,,,,,,,,,,,,,,
06616842,DR ALISTAIR (MEDICAL SERVICES) LIMITED,ltd,,active,2008-06-11,,86210,False,False,,,,,"14 Shurdington Road, Bolton, BL5 1HB, England",,14 Shurdington Road,,Bolton,,BL5 1HB,England,,,,,,,,,,,,,,,,,,,,,,,,,,,,,,,,,
06520851,PRIMARY CARE MANAGEMENT SOLUTIONS LTD,ltd,,active,2008-03-03,,70229; 78200; 86210,False,False,,,,,"86-90 Paul Street, London, EC2A 4NE, England",,86-90 Paul Street,,London,,EC2A 4NE,England,,,,,,,,,,,,,,,,,,,,,,,,,,,,,,,,,
10531634,PRIMARY CARE CONNECT LTD,ltd,,dissolved,2016-12-19,2024-11-01,86210,False,True,,,,,"7 Smithford Walk, Liverpool, L35 1SF",,7 Smithford Walk,,Liverpool,,L35 1SF,,2,creditors-voluntary-liquidation,2,wound-up-on,2019-10-09,dissolved-on,2024-11-01,,,,,,,1,Stuart Philip Kelly,practitioner,2019-10-09,,"Spk Financial Solutions Ltd 7 Smithford Walk, Tarbock Green, Liverpool, Merseyside, L35 1SF",,,,,,,,,,,,in-administration; creditors-voluntary-liquidation,2019-04-05,2024-11-01
10727831,CHANNEL HEALTH ALLIANCE LIMITED,ltd,,active,2017-04-18,,86210,False,False,,,,,"First Floor Victoria House, 1 Maison Dieu Road, Dover, Kent, CT16 1RW, England",,First Floor Victoria House,1 Maison Dieu Road,Dover,Kent,CT16 1RW,England,,,,,,,,,,,,,,,,,,,,,,,,,,,,,,,,,
07854303,HORNSEY PARK SURGERY TRUST,private-limited-guarant-nsc-limited-exemption,,dissolved,2011-11-21,2021-07-06,99999,False,False,,,,,"114 Turnpike Lane, London, N8 0PH",,114 Turnpike Lane,,London,,N8 0PH,,,,,,,,,,,,,,,,,,,,,,,,,,,,,,,,,,
04312440,CEDAR MEDICAL LIMITED,ltd,,dissolved,2001-10-29,2022-06-30,86210,False,True,,,,,"Jones Lowndes Dwyer Llp 4 The Stables, Wilmslow Road, Didsbury, Manchester, M20 5PG, England",,Jones Lowndes Dwyer Llp 4 The Stables,Wilmslow Road,Didsbury,Manchester,M20 5PG,England,1,creditors-voluntary-liquidation,1,wound-up-on,2019-11-13,dissolved-on,2022-06-30,,,,,,,1,Claire Louise Dwyer,practitioner,2019-11-13,,"4 The Stables, Wilmslow Road, Didsbury, Manchester, M20 5PG",,,,,,,,,,,,creditors-voluntary-liquidation,2019-11-13,2022-06-30
03939061,MEDICOM LIMITED,ltd,,active,2000-03-03,,68209,False,False,,,,,"School Farm Bank Lane, Warton, Preston, PR4 1TB, England",,School Farm Bank Lane,Warton,Preston,,PR4 1TB,England,,,,,,,,,,,,,,,,,,,,,,,,,,,,,,,,,
07091219,MELROSE MEDICAL CENTRE LIMITED,ltd,,active,2009-11-30,,86210,False,False,,,,,"38 Melrose Avenue, Billingham, Cleveland, TS23 2JW",,38 Melrose Avenue,,Billingham,Cleveland,TS23 2JW,,,,,,,,,,,,,,,,,,,,,,,,,,,,,,,,,,
06701727,NEW WAVE INTEGRATED CARE LIMITED,private-limited-guarant-nsc,,dissolved,2008-09-18,2017-06-25,86210,False,True,,,,,"4th Floor Cumberland House, 15-17 Cumberland Place, Southampton, SO15 2BG",,4th Floor Cumberland House,15-17 Cumberland Place,Southampton,,SO15 2BG,,1,members-voluntary-liquidation,1,wound-up-on,2016-04-04,dissolved-on,2017-06-25,,,,,,,2,Gregory Andrew Palfrey,practitioner,2016-04-04,,"Imperial House 18-21 Kings Park Road, Southampton, Hampshire, SO15 2AT",Stephen John Adshead,practitioner,2016-04-04,,"Smith & Williamson Llp Imperial House, 18-21 Kings Park Road, Southampton, SO15 2AT",,,,,,,members-voluntary-liquidation,2016-04-04,2017-06-25
07844414,GREEN CEDARS MEDICAL SERVICES LTD,ltd,,active,2011-11-11,,82990,False,False,,,,,"93-95 Silver Street, Edmonton, London, N18 1RP",,93-95 Silver Street,Edmonton,London,,N18 1RP,,,,,,,,,,,,,,,,,,,,,,,,,,,,,,,,,,
09019956,JUNCTION SURGERY LTD,ltd,,active,2014-05-01,,86210,False,False,,,,,"Junction Surgery Birkhouse Lane, Moldgreen, Huddersfield, HD5 8BE, England",,Junction Surgery Birkhouse Lane,Moldgreen,Huddersfield,,HD5 8BE,England,,,,,,,,,,,,,,,,,,,,,,,,,,,,,,,,,
07874474,WOLVERHAMPTON DOCTORS LIMITED,ltd,,active,2011-12-07,,86210,False,False,,,,,"C/O Showell Park Health Centre, Fifth Avenue, Wolverhampton, WV10 9ST",,C/O Showell Park Health Centre,Fifth Avenue,Wolverhampton,,WV10 9ST,,,,,,,,,,,,,,,,,,,,,,,,,,,,,,,,,,
06821137,MALLING HEALTH LIMITED,ltd,,active,2009-02-17,,86210,False,False,,,,,"Onyx 12, Little Park Farm Rd Segensworth Roundabout, West, Fareham, PO15 5TD, United Kingdom",,Onyx 12,Little Park Farm Rd Segensworth Roundabout,"West, Fareham",,PO15 5TD,United Kingdom,,,,,,,,,,,,,,,,,,,,,,,,,,,,,,,,,
06470483,3WELL LIMITED,ltd,,active,2008-01-11,,86220,False,False,,,,,"8 Herne Road, Oundle, Northamptonshire, PE8 4BS",,8 Herne Road,,Oundle,Northamptonshire,PE8 4BS,,,,,,,,,,,,,,,,,,,,,,,,,,,,,,,,,,
OC376365,DR. BANKART AND PARTNERS LLP,llp,,active,2012-06-22,,,False,False,,,,,"8 Herne Road, Oundle, Northants, PE8 4BS",,8 Herne Road,,Oundle,Northants,PE8 4BS,,,,,,,,,,,,,,,,,,,,,,,,,,,,,,,,,,
06330090,FREEMAN CLINICS LIMITED,ltd,,dissolved,2007-08-01,2020-05-27,86210,False,True,,,,,"Rmt, Gosforth Park Avenue, Newcastle Upon Tyne, NE12 8EG, United Kingdom",,Rmt,Gosforth Park Avenue,Newcastle Upon Tyne,,NE12 8EG,United Kingdom,1,members-voluntary-liquidation,1,wound-up-on,2018-10-01,due-to-be-dissolved-on,2020-05-27,,,,,,,1,Linda Ann Farish,practitioner,2018-10-01,,"Rmt, Gosforth Park Avenue, Newcastle Upon Tyne, NE12 8EG",,,,,,,,,,,,members-voluntary-liquidation,2018-10-01,2020-05-27
10844239,FEDBUCKS LIMITED,ltd,,active,2017-06-30,,86210,False,False,,,,,"Highfield Court Tollgate, Chandler's Ford, Eastleigh, Hampshire, SO53 3TY, England",,Highfield Court Tollgate,Chandler's Ford,Eastleigh,Hampshire,SO53 3TY,England,,,,,,,,,,,,,,,,,,,,,,,,,,,,,,,,,
04424795,POPLARS MEDICAL PRACTICE LIMITED,ltd,,active,2002-04-25,,68100; 68209; 86210; 98000,False,False,,,,,"Poplars Medical Practice, 122 Third Avenue, Wolverhampton, WV10 9PG, England",,Poplars Medical Practice,122 Third Avenue,Wolverhampton,,WV10 9PG,England,,,,,,,,,,,,,,,,,,,,,,,,,,,,,,,,,
06317377,COCKHEDGE MEDICAL CENTRE LIMITED,ltd,,active,2007-07-19,,86210,False,False,,,,,"1 C/O Andrew Alexander & Co, No 1 Old Hall Street, Liverpool, L3 9HF, United Kingdom",,1 C/O Andrew Alexander & Co,No 1 Old Hall Street,Liverpool,,L3 9HF,United Kingdom,,,,,,,,,,,,,,,,,,,,,,,,,,,,,,,,,
07569966,ASTON HEALTHCARE (MANSFIELD) LIMITED,ltd,,dissolved,2011-03-18,2022-02-22,86210,False,False,,,,,"550 Valley Road, Basford, Nottingham, NG5 1JJ, England",,550 Valley Road,Basford,Nottingham,,NG5 1JJ,England,,,,,,,,,,,,,,,,,,,,,,,,,,,,,,,,,
06933049,P D MEDICAL CENTRE LIMITED,ltd,,dissolved,2009-06-12,2016-10-04,86210,False,True,,,,,"Seneca House Links Point, Amy Johnson Way, Blackpool, Lancashire, FY4 2FF",,Seneca House Links Point,Amy Johnson Way,Blackpool,Lancashire,FY4 2FF,,1,creditors-voluntary-liquidation,1,wound-up-on,2015-11-30,dissolved-on,2016-10-04,,,,,,,1,Richard Ian Williamson,practitioner,2015-11-30,,"Seneca House Links Point, Amy Johnson Way, Blackpool, Lancashire, FY4 2FF",,,,,,,,,,,,creditors-voluntary-liquidation,2015-11-30,2016-10-04
10974442,WELLSBOURNE HEALTHCARE CIC,private-limited-guarant-nsc,community-interest-company,active,2017-09-21,,86210; 86900,True,False,,,,,"Wellsbourne Health Centre, 179 Whitehawk Road, Brighton & Hove, BN2 5FL",,Wellsbourne Health Centre,179 Whitehawk Road,Brighton & Hove,,BN2 5FL,,,,,,,,,,,,,,,,,,,,,,,,,,,,,,,,,,
11078321,PRACTICE PLUS GROUP PRIMARY CARE LIMITED,ltd,,active,2017-11-23,,86220,False,False,,,,,"Ground Floor, 1330 Arlington Business Park, Theale, Reading, RG7 4SA, England",,"Ground Floor, 1330 Arlington Business Park",Theale,Reading,,RG7 4SA,England,,,,,,,,,,,,,,,,,,,,,,,,,,,,,,,,,
07151288,CLOCKTOWER HEALTHCARE LTD,ltd,,liquidation,2010-02-09,,86900,False,True,,,,,"Centre Block, 4th Floor Central Court, Knoll Rise, Orpington, BR6 9JA",,"Centre Block, 4th Floor Central Court",Knoll Rise,Orpington,,BR6 9JA,,1,members-voluntary-liquidation,1,wound-up-on,2026-04-01,,,,,,,,,2,Nedim Patrick Ailyan,practitioner,2026-04-01,,"Centre Block 4th Floor Central Court, Knoll Rise, Orpington, BR6 0JA",Paul Atkinson,practitioner,2026-04-01,,"Centre Block 4th Floor Central Court Knoll Rise, Orpington, BR6 0JA",,,,,,,members-voluntary-liquidation,2026-04-01,2026-04-01
05748216,INNOVISION HEALTHCARE LTD,ltd,,dissolved,2006-03-20,2021-09-21,86900,False,False,,,,,"119 The Hub, 300 Kensal Road, London, W10 5BE",,119 The Hub,300 Kensal Road,London,,W10 5BE,,,,,,,,,,,,,,,,,,,,,,,,,,,,,,,,,,
05587376,FIRST HEALTH (UK) LIMITED,ltd,,active,2005-10-10,,86900,False,False,,,,,"Larking Gowen, 1st Floor Prospect House, Rouen Road, Norwich, Norfolk, NR1 1RE, England",,"Larking Gowen, 1st Floor Prospect House",Rouen Road,Norwich,Norfolk,NR1 1RE,England,,,,,,,,,,,,,,,,,,,,,,,,,,,,,,,,,
05930441,PRIMARY CARE TODAY LIMITED,ltd,,dissolved,2006-09-11,2023-10-31,86210,False,False,,,,,"Queens Medical Centre Muglet Lane, Maltby, Rotherham, South Yorkshire, S66 7NA",,Queens Medical Centre Muglet Lane,Maltby,Rotherham,South Yorkshire,S66 7NA,,,,,,,,,,,,,,,,,,,,,,,,,,,,,,,,,,
06600659,ASPECT HEALTH LIMITED,ltd,,dissolved,2008-05-22,2023-05-21,86210,False,True,,,,,"570-572 Etruria Road, Newcastle, Staffs, ST5 0SU",,570-572 Etruria Road,,Newcastle,Staffs,ST5 0SU,,1,members-voluntary-liquidation,1,wound-up-on,2020-06-12,dissolved-on,2023-05-21,,,,,,,2,Christopher Knott,practitioner,2020-06-12,2020-12-09,"570-572 Etruria Road, Newcastle, Staffordshire, ST5 0SU",Philip Barrington Wood,practitioner,2020-06-12,,"570-572 Etruria Road, Newcastle, Staffordshire, ST5 0SU",,,,,,,members-voluntary-liquidation,2020-06-12,2023-05-21
05781396,ST JOHN'S SURGERY LTD,ltd,,dissolved,2006-04-13,2021-04-06,86210,False,True,,,,,"Seneca House Links Point, Amy Johnson Way, Blackpool, Lancashire, FY4 2FF",,Seneca House Links Point,Amy Johnson Way,Blackpool,Lancashire,FY4 2FF,,1,members-voluntary-liquidation,1,wound-up-on,2017-03-24,dissolved-on,2021-04-06,,,,,,,1,Richard Ian Williamson,practitioner,2017-03-24,,"Seneca House Links Point, Amy Johnson Way, Blackpool, Lancashire, FY4 2FF",,,,,,,,,,,,members-voluntary-liquidation,2017-03-24,2021-04-06
06600926,WILLOW BANK PARTNERSHIP COMMUNITY INTEREST COMPANY,ltd,community-interest-company,active,2008-05-22,,86210,True,False,,,,,"41 Diamond Ridge, Barlaston, Stoke-On-Trent, ST12 9DS, England",,41 Diamond Ridge,Barlaston,Stoke-On-Trent,,ST12 9DS,England,,,,,,,,,,,,,,,,,,,,,,,,,,,,,,,,,
05747044,COLBY MEDICAL CENTRE LIMITED,ltd,,active,2006-03-17,,86210,False,False,,,,,"The Blue Bell Centre, Blue Bell Lane, Liverpool, L36 7XY, England",,The Blue Bell Centre,Blue Bell Lane,Liverpool,,L36 7XY,England,,,,,,,,,,,,,,,,,,,,,,,,,,,,,,,,,
07817650,GREENBROOK HEALTHCARE (EARL'S COURT) LIMITED,ltd,,dissolved,2011-10-20,2025-04-29,86210,False,False,,,,,"Cardinal Square First Floor - West, 10 Nottingham Road, Derby, DE1 3QT, England",,Cardinal Square First Floor - West,10 Nottingham Road,Derby,,DE1 3QT,England,,,,,,,,,,,,,,,,,,,,,,,,,,,,,,,,,
03556949,MEDIVENTURE LIMITED,ltd,,active,1998-05-01,,74909,False,False,,,,,"1a Red Lion Road, Tolworth, Surbiton, Surrey, KT6 7QG",,1a Red Lion Road,Tolworth,Surbiton,Surrey,KT6 7QG,,,,,,,,,,,,,,,,,,,,,,,,,,,,,,,,,,
06778254,TEESSIDE PRIMARY CARE COMMUNITY INTEREST COMPANY,ltd,community-interest-company,dissolved,2008-12-22,2025-04-29,86210,True,False,,,,,"Cardinal Square First Floor - West, 10 Nottingham Road, Derby, DE1 3QT, England",,Cardinal Square First Floor - West,10 Nottingham Road,Derby,,DE1 3QT,England,,,,,,,,,,,,,,,,,,,,,,,,,,,,,,,,,
06683972,FLEET HEALTHCARE (GRAVESEND) LTD,ltd,,dissolved,2008-08-29,2026-02-28,86210,False,True,,,,,"6th Floor 2 London Wall Place, London, EC2Y 5AU",,6th Floor 2 London Wall Place,,London,,EC2Y 5AU,,1,members-voluntary-liquidation,1,wound-up-on,2023-03-22,dissolved-on,2026-02-28,,,,,,,3,Nicholas H O'Reilly,practitioner,2023-03-22,2025-10-09,"6th Floor 2 London Wall Place, London, EC2Y 5AU",Steven Illes,practitioner,2023-03-22,,"6th Floor 2 London Wall Place, London, EC2Y 5AU",Andrew John Duncan,practitioner,2025-10-09,,"6th Floor 2 London Wall Place, London, EC2Y 5AU",,members-voluntary-liquidation,2023-03-22,2026-02-28
03130924,LEELA LIMITED,ltd,,active,1995-11-27,,68209; 68320; 86210,False,False,,,,,"18/19 Salmon Fields Business Village, Royton, Oldham, OL2 6HT, England",,18/19 Salmon Fields Business Village,Royton,Oldham,,OL2 6HT,England,,,,,,,,,,,,,,,,,,,,,,,,,,,,,,,,,
08245609,CAMILLUS HEALTH CARE LTD,ltd,,active,2012-10-09,,86210,False,False,,,,,"Pembroke House, 9 Eldon Square, Reading, Berkshire, RG1 4DP",,Pembroke House,9 Eldon Square,Reading,Berkshire,RG1 4DP,,,,,,,,,,,,,,,,,,,,,,,,,,,,,,,,,,
06583285,HALCYON MEDICAL LIMITED,ltd,,dissolved,2008-05-02,2024-10-08,47730,False,False,,,,,"Lifford Hall Lifford Lane, Kings Norton, Birmingham, West Midlands, B30 3JN",,Lifford Hall Lifford Lane,Kings Norton,Birmingham,West Midlands,B30 3JN,,,,,,,,,,,,,,,,,,,,,,,,,,,,,,,,,,
05542752,INTEGRAL HEALTHCARE PARTNERSHIP LIMITED,ltd,,active,2005-08-22,,86210,False,False,,,,,"2 Hunstanton Drive, Bury, Lancashire, BL8 1EG",,2 Hunstanton Drive,,Bury,Lancashire,BL8 1EG,,,,,,,,,,,,,,,,,,,,,,,,,,,,,,,,,,
07759022,THE ORCHARD MEDICAL PRACTICE C.I.C.,ltd,community-interest-company,dissolved,2011-09-01,2019-10-08,86210,True,False,,,,,"Charles Rippin And Turner Middlesex House, 130 College Road, First Floor, Harrow, Uk, HA1 1BQ, England",,Charles Rippin And Turner Middlesex House,"130 College Road, First Floor",Harrow,Uk,HA1 1BQ,England,,,,,,,,,,,,,,,,,,,,,,,,,,,,,,,,,
07596118,ROSEHEATH SURGERY LTD,ltd,,active,2011-04-07,,86210,False,False,,,,,"Oriel House 2-8 Oriel Road, Bootle, Liverpool, Merseyside, L20 7EP, United Kingdom",,Oriel House 2-8 Oriel Road,Bootle,Liverpool,Merseyside,L20 7EP,United Kingdom,,,,,,,,,,,,,,,,,,,,,,,,,,,,,,,,,
06086050,TUDOR PRACTICE STOCKLAND GREEN LIMITED,ltd,,active,2007-02-06,,86210,False,False,,,,,"Stockland Green Primary Care Centre 192 Reservoir Rd, Erdington, Birmingham, West Midlands, B23 6DJ",,Stockland Green Primary Care Centre 192 Reservoir Rd,Erdington,Birmingham,West Midlands,B23 6DJ,,,,,,,,,,,,,,,,,,,,,,,,,,,,,,,,,,
04715193,SHAKESPEARE SURGERY LTD.,ltd,,liquidation,2003-03-28,,86210,False,True,,,,,"Apex Building, 1 Water Vole Way, Balby, Doncaster, South Yorkshire, DN4 5JP",,"Apex Building, 1 Water Vole Way",Balby,Doncaster,South Yorkshire,DN4 5JP,,1,members-voluntary-liquidation,1,wound-up-on,2025-03-06,declaration-solvent-on,2025-02-27,,,,,,,1,Paul Gordon Hargreaves,practitioner,2025-03-06,,"Apex Building 1 Water Vole Way, Balby, Doncaster, South Yorkshire, DN4 5JP",,,,,,,,,,,,members-voluntary-liquidation,2025-02-27,2025-03-06
06723362,ANGEL MEDICAL SERVICES LIMITED,ltd,,dissolved,2008-10-14,2021-03-16,86210,False,False,,,,,"34 Ritchie Street, Islington, London, N1 0DG",,34 Ritchie Street,Islington,London,,N1 0DG,,,,,,,,,,,,,,,,,,,,,,,,,,,,,,,,,,
03229334,PREMIER PRIMARYCARE LIMITED,ltd,,active,1996-07-25,,86210,False,False,,,,,"31 Manor Road, Folkestone, Kent, CT20 2SE",,31 Manor Road,,Folkestone,Kent,CT20 2SE,,,,,,,,,,,,,,,,,,,,,,,,,,,,,,,,,,
10792621,BLUEBELL LANE MEDICAL PRACTICE LIMITED,ltd,,active,2017-05-26,,86210,False,False,,,,,"Oriel House, 2-8 Oriel Road, Bootle, Merseyside, L20 7EP, United Kingdom",,Oriel House,2-8 Oriel Road,Bootle,Merseyside,L20 7EP,United Kingdom,,,,,,,,,,,,,,,,,,,,,,,,,,,,,,,,,
05772643,ASHWOOD SURGERY LIMITED,ltd,,dissolved,2006-04-06,2020-07-16,86210,False,True,,,,,"C12 Marquis Court, Marquisway Team Valley, Gateshead, Tyne And Wear, NE11 0RU",,C12 Marquis Court,Marquisway Team Valley,Gateshead,Tyne And Wear,NE11 0RU,,2,compulsory-liquidation,2,concluded-winding-up-on,2020-03-30,petitioned-on,2015-10-06,wound-up-on,2015-12-04,dissolved-on,2020-07-16,,,2,The Official Receiver Or Nottingham,practitioner,,,"Level One Apex Court, City Link, Nottingham, Nottinghamshire, NG2 4LA",Eric Walls,practitioner,,,"C12 Marquis Court Marquis Way, Team Valley, Gateshead, NE11 0RU",,,,,,,corporate-voluntary-arrangement; compulsory-liquidation,2014-12-11,2020-07-16
OC343772,MEDICARE MEDICAL SERVICES LLP,llp,,active,2009-03-05,,,False,False,,,,,"Ramsay Brown Llp The Brentano Suite, Solar House, 915 High Road, North Finchley, London, N12 8QJ, United Kingdom",,Ramsay Brown Llp The Brentano Suite,"Solar House, 915 High Road",North Finchley,London,N12 8QJ,United Kingdom,,,,,,,,,,,,,,,,,,,,,,,,,,,,,,,,,
06555745,BARDOC FAMILY PRACTICES LTD,ltd,,active,2008-04-04,,86210,False,False,,,,,"Moorgate Primary Care Centre, 22 Derby Way, Bury, Lancashire, BL9 0NJ",,Moorgate Primary Care Centre,22 Derby Way,Bury,Lancashire,BL9 0NJ,,,,,,,,,,,,,,,,,,,,,,,,,,,,,,,,,,
07198444,FIRST HEALTH (NORFOLK) LIMITED,ltd,,dissolved,2010-03-22,2017-07-04,86210,False,False,,,,,"7 The Close, Norwich, Norfolk, NR1 4DJ",,7 The Close,,Norwich,Norfolk,NR1 4DJ,,,,,,,,,,,,,,,,,,,,,,,,,,,,,,,,,,
06560722,EPHEDRA HEALTHCARE LIMITED,ltd,,active,2008-04-09,,86210,False,False,,,,,"Ramsay Brown Llp The Brentano Suite, Solar House, 915 High Road, North Finchley, London, N12 8QJ, United Kingdom",,Ramsay Brown Llp The Brentano Suite,"Solar House, 915 High Road",North Finchley,London,N12 8QJ,United Kingdom,,,,,,,,,,,,,,,,,,,,,,,,,,,,,,,,,
07539169,SUNNYHILL HEALTHCARE C.I.C.,ltd,community-interest-company,dissolved,2011-02-22,2021-12-07,86210,True,False,,,,,"Arlesey Medical Centre, The High Street, Arlesey, Bedfordshire, SG15 6SN",,Arlesey Medical Centre,The High Street,Arlesey,Bedfordshire,SG15 6SN,,,,,,,,,,,,,,,,,,,,,,,,,,,,,,,,,,
05764733,THE JERSEY PRACTICE LIMITED,ltd,,active,2006-03-31,,86210,False,False,,,,,"2 Richmond Road, Isleworth, Middlesex, TW7 7BL",,2 Richmond Road,,Isleworth,Middlesex,TW7 7BL,,,,,,,,,,,,,,,,,,,,,,,,,,,,,,,,,,
07180492,INJEELI CONSULTANCY LIMITED,ltd,,active,2010-03-06,,82990,False,False,,,,,"74a High Street, Wanstead, London, E11 2RJ",,74a High Street,Wanstead,London,,E11 2RJ,,,,,,,,,,,,,,,,,,,,,,,,,,,,,,,,,,
06882628,KELSEY HEALTHCARE LIMITED,ltd,,active,2009-04-21,,86210,False,False,,,,,"379 Croydon Road, Beckenham, Kent, BR3 3FD",,379 Croydon Road,,Beckenham,Kent,BR3 3FD,,,,,,,,,,,,,,,,,,,,,,,,,,,,,,,,,,
06586193,ELGAR HEALTHCARE LIMITED,ltd,,active,2008-05-07,,86210,False,False,,,,,"Grey Gable Surgery High Street, Inkberrow, Worcester, Worcestershire, WR7 4BW",,Grey Gable Surgery High Street,Inkberrow,Worcester,Worcestershire,WR7 4BW,,,,,,,,,,,,,,,,,,,,,,,,,,,,,,,,,,
06063350,CORNERWAYS MEDICAL CENTRE LIMITED,ltd,,active,2007-01-23,,86210,False,False,,,,,"Oriel House, 2 - 8 Oriel Road, Bootle, Merseyside, L20 7EP, England",,Oriel House,2 - 8 Oriel Road,Bootle,Merseyside,L20 7EP,England,,,,,,,,,,,,,,,,,,,,,,,,,,,,,,,,,
09081784,LANCASHIRE EU OF GPS LIMITED,ltd,,dissolved,2014-06-11,2026-02-18,86210,False,True,,,,,"C/O Ideal Corporate Solutions Limited Lancaster House, 171 Chorley New Road, Bolton, BL1 4QZ",,C/O Ideal Corporate Solutions Limited Lancaster House,171 Chorley New Road,Bolton,,BL1 4QZ,,1,members-voluntary-liquidation,1,wound-up-on,2023-01-18,dissolved-on,2026-02-18,,,,,,,2,Thomas Bowes,practitioner,2023-01-18,2023-11-30,"Lancaster House 171 Chorley New Road, Bolton, Lancashire, BL1 4QZ",Andrew David Rosler,practitioner,2023-01-18,,"Lancaster House 171 Chorley New Road, Bolton, Lancashire, BL1 4QZ",,,,,,,members-voluntary-liquidation,2023-01-18,2026-02-18
OC335963,DUDLEY PARTNERSHIPS FOR HEALTH LLP,llp,,dissolved,2008-03-27,2015-10-27,,False,False,,,,,"3 The Courtyard, Timothys Bridge Road, Stratford Upon Avon, Warwickshire, CV37 9NP",,3 The Courtyard,Timothys Bridge Road,Stratford Upon Avon,Warwickshire,CV37 9NP,,,,,,,,,,,,,,,,,,,,,,,,,,,,,,,,,,
06601832,GREENRIDGE HEALTHCARE LIMITED,ltd,,active,2008-05-23,,86210,False,False,,,,,"671 Yardley Wood Road, Billesley, Birmingham, B13 0HN",,671 Yardley Wood Road,Billesley,Birmingham,,B13 0HN,,,,,,,,,,,,,,,,,,,,,,,,,,,,,,,,,,
10742915,THE LYNTON PRACTICE LIMITED,ltd,,dissolved,2017-04-27,2024-03-19,86210,False,False,,,,,"Taylors Avenue Medical Centre, Taylors Avenue, Cleethorpes, North East Lincolnshire, DN35 0LJ, United Kingdom",,Taylors Avenue Medical Centre,Taylors Avenue,Cleethorpes,North East Lincolnshire,DN35 0LJ,United Kingdom,,,,,,,,,,,,,,,,,,,,,,,,,,,,,,,,,
04323478,MEDICALLY LIMITED,ltd,,active,2001-11-15,,86210; 86220,False,False,,,,,"37 Main Street, Woodhouse Eaves, Leicestershire, LE12 8RY",,37 Main Street,Woodhouse Eaves,Leicestershire,,LE12 8RY,,,,,,,,,,,,,,,,,,,,,,,,,,,,,,,,,,
04159048,ASTON HEALTHCARE LIMITED,ltd,,active,2001-02-13,,86210,False,False,,,,,"Oriel House, 2-8 Oriel Road, Bootle, Merseyside, L20 7EP, England",,Oriel House,2-8 Oriel Road,Bootle,Merseyside,L20 7EP,England,,,,,,,,,,,,,,,,,,,,,,,,,,,,,,,,,
06317972,WHITEFIELD MEDICAL SERVICES LIMITED,ltd,,active,2007-07-19,,86210,False,False,,,,,"Yarnspinners Primary Health Care, Centre Carr Road, Nelson, Lancashire, BB9 7SR",,Yarnspinners Primary Health Care,Centre Carr Road,Nelson,Lancashire,BB9 7SR,,,,,,,,,,,,,,,,,,,,,,,,,,,,,,,,,,
06769339,LL MEDICAL CARE LIMITED,ltd,,active,2008-12-09,,86210,False,False,,,,,"83-85 Baker Street, London, W1U 6AG, United Kingdom",,83-85 Baker Street,,London,,W1U 6AG,United Kingdom,,,,,,,,,,,,,,,,,,,,,,,,,,,,,,,,,
RC000648,UNIVERSITY OF BRISTOL,royal-charter,,active,,,,False,False,,,,,,,,,,,,,,,,,,,,,,,,,,,,,,,,,,,,,,,,,,,,,
10408330,HEALTH TECHNOLOGIES LIMITED,ltd,,liquidation,2016-10-03,,86210,False,True,,,,,"Care Of Restructuring And Recovery Services (Rrs) S&W Partners Llp, 45 Gresham Street, London, EC2V 7BG",,Care Of Restructuring And Recovery Services (Rrs) S&W Partners Llp,45 Gresham Street,London,,EC2V 7BG,,2,creditors-voluntary-liquidation,2,wound-up-on,2024-12-12,,,,,,,,,2,Cameron Gunn,practitioner,2024-12-12,,"C/O Rrs Dept S&W Partners Llp 45 Gresham Street, London, EC2V 7BG",Lee Antony Manning,practitioner,2024-12-12,,"45 Gresham Street, London, EC2V 7BG",,,,,,,in-administration; creditors-voluntary-liquidation,2023-12-20,2024-12-12
04825572,HEALTHCARE 360 LIMITED,ltd,,active,2003-07-08,,86210,False,False,,,,,"325-327 Oldfield Lane North, Greenford, Middlesex, UB6 0FX, United Kingdom",,325-327 Oldfield Lane North,,Greenford,Middlesex,UB6 0FX,United Kingdom,,,,,,,,,,,,,,,,,,,,,,,,,,,,,,,,,
13735592,JAUNTY HEALTHCARE LIMITED,ltd,,active,2021-11-10,,47730,False,False,,,,,"Jaunty Springs Health Centre, 53 Jaunty Way, Sheffield, South Yorkshire, S12 3DZ, England",,Jaunty Springs Health Centre,53 Jaunty Way,Sheffield,South Yorkshire,S12 3DZ,England,,,,,,,,,,,,,,,,,,,,,,,,,,,,,,,,,
06625215,FELLVIEW HEALTHCARE LIMITED,ltd,,liquidation,2008-06-20,,86210,False,True,,,,,"Adcroft Hilton, 269 Church Street, Blackpool, Lancashire, FY1 3BP",,Adcroft Hilton,269 Church Street,Blackpool,Lancashire,FY1 3BP,,1,members-voluntary-liquidation,1,wound-up-on,2021-01-18,declaration-solvent-on,2021-01-18,,,,,,,1,Rosalind Mary Hilton,practitioner,2021-01-18,,"269 Church Street, Blackpool, FY1 3PB",,,,,,,,,,,,members-voluntary-liquidation,2021-01-18,2021-01-18
00793558,TURNING POINT,private-limited-guarant-nsc,,active,1964-02-27,,87100; 87200; 88100; 88990,False,False,,,,,"America House, 2 America Square, London, EC3N 2LU, England",,America House,2 America Square,London,,EC3N 2LU,England,,,,,,,,,,,,,,,,,,,,,,,,,,,,,,,,,
06600430,COASTAL HEALTH CARE LIMITED,ltd,,active,2008-05-22,,99999,False,False,,,,,"Newfield House, Vicarage Lane, Blackpool, Lancashire, FY4 4EW, United Kingdom",,Newfield House,Vicarage Lane,Blackpool,Lancashire,FY4 4EW,United Kingdom,,,,,,,,,,,,,,,,,,,,,,,,,,,,,,,,,
11243250,WITNEY GENERAL PRACTITIONERS LTD,ltd,,active,2018-03-08,,86210,False,False,,,,,"The Nuffield Practice, Welch Way, Witney, OX28 6JQ, United Kingdom",,The Nuffield Practice,Welch Way,Witney,,OX28 6JQ,United Kingdom,,,,,,,,,,,,,,,,,,,,,,,,,,,,,,,,,
11263464,MEDICUS GENERAL PRACTICE LIMITED,ltd,,dissolved,2018-03-20,2022-07-12,86210,False,False,,,,,"Ground Floor Building 7 Queens Park, Team Valley Trading Estate, Gateshead, NE11 0QD, United Kingdom",,Ground Floor Building 7 Queens Park,Team Valley Trading Estate,Gateshead,,NE11 0QD,United Kingdom,,,,,,,,,,,,,,,,,,,,,,,,,,,,,,,,,
07513083,KS MEDICAL CENTRE LTD,ltd,,active,2011-02-01,,86210,False,False,,,,,"33 Dormers Wells Lane, Southhall, Middlesex, UB1 3HY",,33 Dormers Wells Lane,,Southhall,Middlesex,UB1 3HY,,,,,,,,,,,,,,,,,,,,,,,,,,,,,,,,,,
06649641,PARKFIELDS WOLVERHAMPTON MEDICAL SERVICES LIMITED,ltd,,dissolved,2008-07-17,2023-05-17,86210,False,True,,,,,"570-572 Etruria Road, Newcastle, Staffs, ST5 0SU",,570-572 Etruria Road,,Newcastle,Staffs,ST5 0SU,,1,members-voluntary-liquidation,1,wound-up-on,2020-03-06,dissolved-on,2023-05-17,,,,,,,2,Nicholas Laurie West,practitioner,2020-03-06,2020-10-22,"Barringtons Corporate Recovery The Rural Enterprise Centre, Battlefield Enterprise Park, Shrewsbury, Shropshire, SY1 3FE",Philip Barrington Wood,practitioner,2020-03-06,,"The Rural Enterprise Centre Battlefield Enterprise Park, Shrewsbury, SY1 3FE",,,,,,,members-voluntary-liquidation,2020-03-06,2023-05-17
06370270,THE GRANGE MEDICARE LIMITED,ltd,,dissolved,2007-09-13,2020-10-27,86210,False,False,,,,,"Suite One, 2 Haydons Road, London, SW19 1HL",,Suite One,2 Haydons Road,London,,SW19 1HL,,,,,,,,,,,,,,,,,,,,,,,,,,,,,,,,,,
05457789,FMC HEALTH SOLUTIONS LIMITED,ltd,,active,2005-05-20,,86210,False,False,,,,,"8-10 High Street, Ferrybridge, Knottingley, West Yorkshire, WF11 8NQ",,8-10 High Street,Ferrybridge,Knottingley,West Yorkshire,WF11 8NQ,,,,,,,,,,,,,,,,,,,,,,,,,,,,,,,,,,
06861783,FOREST COMMUNITY HEALTH LIMITED,ltd,,dissolved,2009-03-27,2024-10-18,86210,False,True,,,,,"C/O Larking Gowen Llp 1st Floor Prospect House, Rouen Road, Norwich, NR1 1RE",,C/O Larking Gowen Llp 1st Floor Prospect House,Rouen Road,Norwich,,NR1 1RE,,1,members-voluntary-liquidation,1,wound-up-on,2023-07-23,dissolved-on,2024-10-18,,,,,,,2,Lee Anthony Green,practitioner,2023-07-23,,"1st Floor, Prospect House Rouen Road, Norwich, NR1 1RE",Andrew Anderson Kelsall,practitioner,2023-07-23,,"1st Floor, Prospect House Rouen Road, Norwich, NR1 1RE",,,,,,,members-voluntary-liquidation,2023-07-23,2024-10-18
07073342,ST. JAMES MEDICAL PRACTICE LTD,ltd,,active,2009-11-11,,86210,False,False,,,,,"Ramsay House 18 Vera Avenue, Grange Park, London, N21 1RA",,Ramsay House 18 Vera Avenue,Grange Park,London,,N21 1RA,,,,,,,,,,,,,,,,,,,,,,,,,,,,,,,,,,
07572720,BOLTON COMMUNITY PRACTICE C.I.C.,ltd,community-interest-company,active,2011-03-22,,86210,True,False,,,,,"Rex Buildings, Alderley Road, Wilmslow, Cheshire, SK9 1HY, England",,Rex Buildings,Alderley Road,Wilmslow,Cheshire,SK9 1HY,England,,,,,,,,,,,,,,,,,,,,,,,,,,,,,,,,,
09086757,HINCKLEY & BOSWORTH MEDICAL ALLIANCE LIMITED,ltd,,active,2014-06-16,,86210,False,False,,,,,"Willow View Fields Farm Business Centre, Hinckley Road, Sapcote, Leicestershire, LE9 4LH, United Kingdom",,Willow View Fields Farm Business Centre,Hinckley Road,Sapcote,Leicestershire,LE9 4LH,United Kingdom,,,,,,,,,,,,,,,,,,,,,,,,,,,,,,,,,
10479983,NORTH WEST SURREY INTEGRATED CARE SERVICES (NICS) LTD,ltd,,active,2016-11-15,,86210; 86220; 86900; 96040,False,False,,,,,"Hythe Medical Centre, Rochester Road, Staines-Upon-Thames, TW18 3HN, England",,Hythe Medical Centre,Rochester Road,Staines-Upon-Thames,,TW18 3HN,England,,,,,,,,,,,,,,,,,,,,,,,,,,,,,,,,,
10028640,KEY MEDICAL SERVICES LIMITED,ltd,,active,2016-02-26,,86210; 86900,False,False,,,,,"Suite 2, Capability House Wrest Park, Silsoe, Bedford, MK45 4HR, England",,"Suite 2, Capability House Wrest Park",Silsoe,Bedford,,MK45 4HR,England,,,,,,,,,,,,,,,,,,,,,,,,,,,,,,,,,
06791240,GLOUCESTER GP CONSORTIUM LIMITED,ltd,,active,2009-01-14,,86210,False,False,,,,,"Quayside House, Quay Street, Gloucester, GL1 2TZ, England",,Quayside House,Quay Street,Gloucester,,GL1 2TZ,England,,,,,,,,,,,,,,,,,,,,,,,,,,,,,,,,,
09214266,12 POINT CARE LIMITED,ltd,,active,2014-09-11,,86210,False,False,,,,,"Orbital House 20, Eastern Road, Romford, Essex, RM1 3PJ",,Orbital House 20,Eastern Road,Romford,Essex,RM1 3PJ,,,,,,,,,,,,,,,,,,,,,,,,,,,,,,,,,,
06509728,DRHC LIMITED,ltd,,dissolved,2008-02-20,2023-06-02,86210,False,True,,,,,"1 Radian Court, Knowlhill, Milton Keynes, MK5 8PJ",,1 Radian Court,Knowlhill,Milton Keynes,,MK5 8PJ,,1,members-voluntary-liquidation,1,wound-up-on,2022-03-24,dissolved-on,2023-06-02,,,,,,,2,Ian Mcculloch,practitioner,2022-03-24,,"1 Radian Court Knowlhill, Milton Keynes, MK5 8PJ",Gareth David Wilcox,practitioner,2022-03-24,,"1 Radian Court, Knowlhill, Milton Keynes, Buckinghamshire, MK5 8PJ",,,,,,,members-voluntary-liquidation,2022-03-24,2023-06-02
06900486,GREENWICH PRIMARY CARE COLLABORATIVE CIC,ltd,community-interest-company,dissolved,2009-05-08,2025-08-01,86210,True,True,,,,,"Centre Block  4th Floor Central Court, Knoll Rise, Orpington, BR6 0JA",,Centre Block  4th Floor Central Court,Knoll Rise,Orpington,,BR6 0JA,,1,creditors-voluntary-liquidation,1,wound-up-on,2019-02-21,dissolved-on,2025-08-01,,,,,,,1,Nedim Patrick Ailyan,practitioner,2019-02-21,,"142/148 Main Road, Sidcup, Kent, DA14 6NZ",,,,,,,,,,,,creditors-voluntary-liquidation,2019-02-21,2025-08-01
06754731,LOCAL HEALTHCARE SOLUTIONS LIMITED,ltd,,dissolved,2008-11-20,2019-11-07,86210,False,True,,,,,"Robert Day And Company Limited The Old Library, The Walk, Winslow, Buckingham, MK18 3AJ",,Robert Day And Company Limited The Old Library,The Walk,Winslow,Buckingham,MK18 3AJ,,1,creditors-voluntary-liquidation,1,wound-up-on,2017-10-19,due-to-be-dissolved-on,2019-11-07,,,,,,,1,Robert Day,practitioner,2017-10-19,,"The Old Library The Walk, Winslow, Buckinghamshire, MK18 3AJ",,,,,,,,,,,,creditors-voluntary-liquidation,2017-10-19,2019-11-07
03960882,OUT OF HOURS WEST LANCASHIRE C.I.C.,private-limited-guarant-nsc,community-interest-company,active,2000-03-27,,86210,True,False,,,,,"10 Tithebarn Street, Upholland, Skelmersdale, WN8 0HG, England",,10 Tithebarn Street,Upholland,Skelmersdale,,WN8 0HG,England,,,,,,,,,,,,,,,,,,,,,,,,,,,,,,,,,
06631316,GATEHOUSE (HEALTH) LIMITED,ltd,,dissolved,2008-06-26,2023-08-20,86210,False,True,,,,,"C/O Clarke Bell Limited 3rd Floor The Pinnacle, 73 King Street, Manchester, M2 4NG",,C/O Clarke Bell Limited 3rd Floor The Pinnacle,73 King Street,Manchester,,M2 4NG,,1,members-voluntary-liquidation,1,wound-up-on,2022-04-27,dissolved-on,2023-08-20,,,,,,,2,Toyah Marie Poole,practitioner,2022-04-27,,"3rd Floor The Pinnacle 73 King Street, Manchester, M2 4NG",John Paul Bell,practitioner,2022-04-27,,"3rd Floor The Pinnacle, 73 King Street, Manchester, M2 4NG",,,,,,,members-voluntary-liquidation,2022-04-27,2023-08-20
08091560,THE BARROWFORD SURGERY LIMITED,ltd,,active,2012-05-31,,86210,False,False,,,,,"Barrowford Surgery Ridgeway, Barrowford, Nelson, Lancashire, BB9 8QP",,Barrowford Surgery Ridgeway,Barrowford,Nelson,Lancashire,BB9 8QP,,,,,,,,,,,,,,,,,,,,,,,,,,,,,,,,,,
OC337207,VIRGIN CARE LEEDS LLP,llp,,dissolved,2008-05-12,2020-12-29,,False,False,,,,,"The Heath Business And Technical Park, Runcorn, Cheshire, WA7 4QX, United Kingdom",,The Heath Business And Technical Park,,Runcorn,Cheshire,WA7 4QX,United Kingdom,,,,,,,,,,,,,,,,,,,,,,,,,,,,,,,,,
06358137,DEVON HEALTH LIMITED,ltd,,dissolved,2007-08-31,2023-05-21,86210,False,True,,,,,"BISHOP FLEMING LLP, 2nd Floor  Stratus House Emperor Way, Exeter, Devon, EX1 3QS",,BISHOP FLEMING LLP,2nd Floor  Stratus House Emperor Way,Exeter,Devon,EX1 3QS,,1,members-voluntary-liquidation,1,wound-up-on,2022-04-13,dissolved-on,2023-05-21,,,,,,,2,Malcolm Rhodes,practitioner,2022-04-13,,"2nd Floor Stratus House Emperor Way, Exeter Business Park, Exeter, Devon, EX1 3QS",Luke Venner,practitioner,2022-04-13,,"2nd Floor Stratus House Emperor Way, Exeter Business Park, Exeter, Devon, EX1 3QS",,,,,,,members-voluntary-liquidation,2022-04-13,2023-05-21
OC337209,VIRGIN CARE CHELMSFORD LLP,llp,,dissolved,2008-05-12,2020-12-29,,False,False,,,,,"The Heath Business And Technical Park, Runcorn, Cheshire, WA7 4QX, United Kingdom",,The Heath Business And Technical Park,,Runcorn,Cheshire,WA7 4QX,United Kingdom,,,,,,,,,,,,,,,,,,,,,,,,,,,,,,,,,
07446398,OLIVE FAMILY PRACTICE LIMITED,ltd,,active,2010-11-22,,86210,False,False,,,,,"Carlyle House, 78 Chorley New Road, Bolton, Lancashire, BL1 4BY",,Carlyle House,78 Chorley New Road,Bolton,Lancashire,BL1 4BY,,,,,,,,,,,,,,,,,,,,,,,,,,,,,,,,,,
11055725,HEDENA HEALTH LIMITED,ltd,,active,2017-11-09,,86210,False,False,,,,,"207 London Road, Headington, Oxford, OX3 9JA, United Kingdom",,207 London Road,Headington,Oxford,,OX3 9JA,United Kingdom,,,,,,,,,,,,,,,,,,,,,,,,,,,,,,,,,
11554806,PIER HEALTH GROUP LIMITED,ltd,,active,2018-09-05,,86900,False,False,,,,,"17-18 Leach Road Chard Business Park, Chard, Somerset, TA20 1FA, United Kingdom",,17-18 Leach Road Chard Business Park,,Chard,Somerset,TA20 1FA,United Kingdom,,,,,,,,,,,,,,,,,,,,,,,,,,,,,,,,,
09907276,BOLTON GP PARTNERSHIP LIMITED,ltd,,active,2015-12-08,,86210,False,False,,,,,"Bolton Primary Care Hub, Chorley Street, Bolton, BL1 4AL, England",,Bolton Primary Care Hub,Chorley Street,Bolton,,BL1 4AL,England,,,,,,,,,,,,,,,,,,,,,,,,,,,,,,,,,
09114753,LEA VALLEY HEALTH LIMITED,ltd,,active,2014-07-03,,86210,False,False,,,,,"Ramsay House, 18 Vera Avenue, London, N21 1RA, England",,Ramsay House,18 Vera Avenue,London,,N21 1RA,England,,,,,,,,,,,,,,,,,,,,,,,,,,,,,,,,,
11172424,NORTH CUMBRIA PRIMARY CARE LIMITED,ltd,,active,2018-01-26,,86210,False,False,,,,,"Morton Surgery, Langrigg Road, Carlisle, CA2 6DT, United Kingdom",,Morton Surgery,Langrigg Road,Carlisle,,CA2 6DT,United Kingdom,,,,,,,,,,,,,,,,,,,,,,,,,,,,,,,,,
04149500,CHILVERS & MCCREA LIMITED,ltd,,active,2001-01-29,,86210,False,False,,,,,"Prospect House, 108 High Street, Great Missenden, HP16 0BG, England",,Prospect House,108 High Street,Great Missenden,,HP16 0BG,England,,,,,,,,,,,,,,,,,,,,,,,,,,,,,,,,,
07110418,BADGER MIDLANDS MEDICAL LIMITED,ltd,,dissolved,2009-12-22,2024-09-10,86210,False,False,,,,,"Finance Dept, Eaton Wood Medical Centre, 1128, Tyburn Road, Birmingham, B24 0SY, England",,"Finance Dept, Eaton Wood Medical Centre, 1128",Tyburn Road,Birmingham,,B24 0SY,England,,,,,,,,,,,,,,,,,,,,,,,,,,,,,,,,,
07211938,DR. ESA SURGERY LIMITED,ltd,,active,2010-04-06,,86210,False,False,,,,,"Crossens Way Business Park, Crossens Way, Southport, PR9 9LY, United Kingdom",,Crossens Way Business Park,Crossens Way,Southport,,PR9 9LY,United Kingdom,,,,,,,,,,,,,,,,,,,,,,,,,,,,,,,,,
07559344,GATEWAY PRIMARY CARE C.I.C.,ltd,community-interest-company,active,2011-03-10,,86210,True,False,,,,,"Chatham House, Doncaster Gate, Rotherham, S65 1DJ",,Chatham House,Doncaster Gate,Rotherham,,S65 1DJ,,,,,,,,,,,,,,,,,,,,,,,,,,,,,,,,,,
11154506,PENCEAT MEDICAL LTD,ltd,,active,2018-01-17,,86210,False,False,,,,,"85 Great Portland Street, London, W1W 7LT, England",,85 Great Portland Street,,London,,W1W 7LT,England,,,,,,,,,,,,,,,,,,,,,,,,,,,,,,,,,
11682392,HOLES LANE MEDICAL LIMITED,ltd,,active,2018-11-16,,86210,False,False,,,,,"28 Holes Lane, Woolston, Warrington, WA1 4NE",,28 Holes Lane,,Woolston,Warrington,WA1 4NE,,,,,,,,,,,,,,,,,,,,,,,,,,,,,,,,,,
10180486,HARINGEY GP GROUP LTD,ltd,,active,2016-05-16,,86210,False,False,,,,,"48 Station Road, London, N22 7TY, England",,48 Station Road,,London,,N22 7TY,England,,,,,,,,,,,,,,,,,,,,,,,,,,,,,,,,,
10809522,"DHU URGENT CARE (LEICESTER, LEICESTERSHIRE & RUTLAND) C.I.C.",ltd,community-interest-company,active,2017-06-08,,86210,True,False,,,,,"2 Roundhouse Road, Pride Park, Derby, DE24 8JE, England",,2 Roundhouse Road,Pride Park,Derby,,DE24 8JE,England,,,,,,,,,,,,,,,,,,,,,,,,,,,,,,,,,
OC322010,HCRG CARE EAST RIDING LLP,llp,,active,2006-08-31,,,False,False,,,,,"The Heath Business And Technical Park, Runcorn, Cheshire, WA7 4QX, United Kingdom",,The Heath Business And Technical Park,,Runcorn,Cheshire,WA7 4QX,United Kingdom,,,,,,,,,,,,,,,,,,,,,,,,,,,,,,,,,
11602092,INNOVATION HEALTHCARE SOLUTIONS LIMITED,ltd,,dissolved,2018-10-03,2024-04-08,86900,False,True,,,,,"C/O Neum Insolvency, Suite 9, Amba House, 15 College Road, Harrow, Middlesex, HA1 1BA, England",,"C/O Neum Insolvency, Suite 9, Amba House",15 College Road,Harrow,Middlesex,HA1 1BA,England,1,creditors-voluntary-liquidation,1,due-to-be-dissolved-on,2024-04-08,wound-up-on,2022-02-10,,,,,,,1,Umang Patel,practitioner,2022-02-10,,"Suite 9 Amba House, 15 College Road, Harrow, Middlesex, HA1 1BA",,,,,,,,,,,,creditors-voluntary-liquidation,2022-02-10,2024-04-08
10662418,HEALTH AND BEYOND LIMITED,ltd,,active,2017-03-09,,86102; 86210; 86220; 86900,False,False,,,,,"175 Steelhouse Lane, Wolverhampton, West Midlands, WV2 2AU, United Kingdom",,175 Steelhouse Lane,,Wolverhampton,West Midlands,WV2 2AU,United Kingdom,,,,,,,,,,,,,,,,,,,,,,,,,,,,,,,,,
08963748,PENNINE GP ALLIANCE LIMITED,ltd,,active,2014-03-27,,86210; 86220,False,False,,,,,"The Elsie Whiteley Innovation Centre Fao:  The Company Secretary, Offices 2 & 3, 1st Floor, Hopwood Lane, Halifax, HX1 5ER, England",,The Elsie Whiteley Innovation Centre Fao:  The Company Secretary,"Offices 2 & 3, 1st Floor, Hopwood Lane",Halifax,,HX1 5ER,England,,,,,,,,,,,,,,,,,,,,,,,,,,,,,,,,,
11871453,MIRFIELD MEDICAL PRACTICE LIMITED,ltd,,active,2019-03-09,,86210,False,False,,,,,"Mirfield Health Centre, Doctor Lane, Mirfield, West Yorkshire, WF14 8DU",,Mirfield Health Centre,Doctor Lane,Mirfield,West Yorkshire,WF14 8DU,,,,,,,,,,,,,,,,,,,,,,,,,,,,,,,,,,
06599944,WILCODOC LIMITED,ltd,,active,2008-05-21,,86900,False,False,,,,,"Lake House 2 Port Way, Port Solent, Portsmouth, Hampshire, PO6 4TY, United Kingdom",,Lake House 2 Port Way,Port Solent,Portsmouth,Hampshire,PO6 4TY,United Kingdom,,,,,,,,,,,,,,,,,,,,,,,,,,,,,,,,,
09608695,BETTERHEALTH BUCKS C.I.C.,private-limited-guarant-nsc,community-interest-company,active,2015-05-26,,86900,True,False,,,,,"The Stable Yard Vicarage Road, Stony Stratford, Milton Keynes, Buckinghamshire, MK11 1BN, England",,The Stable Yard Vicarage Road,Stony Stratford,Milton Keynes,Buckinghamshire,MK11 1BN,England,,,,,,,,,,,,,,,,,,,,,,,,,,,,,,,,,
12010890,THE MEADS MEDICAL PRACTICE LIMITED,ltd,,active,2019-05-22,,86210,False,False,,,,,"Victoria Court, 17 - 21 Ashford Road, Maidstone, Kent, ME14 5DA, United Kingdom",,Victoria Court,17 - 21 Ashford Road,Maidstone,Kent,ME14 5DA,United Kingdom,,,,,,,,,,,,,,,,,,,,,,,,,,,,,,,,,
11957444,BROOKROYD LIMITED,ltd,,active,2019-04-23,,86210,False,False,,,,,"1 Hardman Street, Spinningfields, Manchester, Greater Manchester, M3 3HF, United Kingdom",,1 Hardman Street,Spinningfields,Manchester,Greater Manchester,M3 3HF,United Kingdom,,,,,,,,,,,,,,,,,,,,,,,,,,,,,,,,,
09023605,CHARNWOOD GP NETWORK LIMITED,ltd,,active,2014-05-02,,96040,False,False,,,,,"Rosebery Medical Centre, Rosebery Street, Loughborough, Leicestershire, LE11 5DX, United Kingdom",,Rosebery Medical Centre,Rosebery Street,Loughborough,Leicestershire,LE11 5DX,United Kingdom,,,,,,,,,,,,,,,,,,,,,,,,,,,,,,,,,
06265334,SPECIALIST HEALTH SERVICES LTD,ltd,,dissolved,2007-06-01,2018-12-19,86210,False,True,,,,,"Bridge House, London Bridge, London, SE1 9QR",,Bridge House,London Bridge,London,,SE1 9QR,,1,members-voluntary-liquidation,1,wound-up-on,2017-10-16,dissolved-on,2018-12-19,,,,,,,2,Stephen Paul Grant,practitioner,2017-10-16,,"Wilkins Kennedy Llp Bridge House, London Bridge, London, SE1 9QR",Anthony Malcolm Cork,practitioner,2017-10-16,,"Wilkins Kennedy, Bridge House, London Bridge, London, SE1 9QR",,,,,,,members-voluntary-liquidation,2017-10-16,2018-12-19
10493407,MIDLAND MEDICAL COMPANY LIMITED,ltd,,active,2016-11-23,,86210,False,False,,,,,"166-168 Park Avenue North Park Avenue Medical Centre, 166-168 Park Avenue North, Northampton, NN3 2HZ, England",,166-168 Park Avenue North Park Avenue Medical Centre,166-168 Park Avenue North,Northampton,,NN3 2HZ,England,,,,,,,,,,,,,,,,,,,,,,,,,,,,,,,,,
07178590,NORTH LANCASHIRE DOCTORS LIMITED,ltd,,dissolved,2010-03-04,2018-04-17,86210,False,False,,,,,"Lynton House, 7-12 Tavistock Square, London, WC1H 9LT",,Lynton House,7-12 Tavistock Square,London,,WC1H 9LT,,,,,,,,,,,,,,,,,,,,,,,,,,,,,,,,,,
09612540,SALUS MEDICAL SERVICES LIMITED,ltd,,active,2015-05-28,,86210,False,False,,,,,"Aldershot Centre For Health, Hospital Hill, Aldershot, GU11 1AY, England",,Aldershot Centre For Health,Hospital Hill,Aldershot,,GU11 1AY,England,,,,,,,,,,,,,,,,,,,,,,,,,,,,,,,,,
12198482,FIVE TOWNS GP SERVICES LTD,ltd,,dissolved,2019-09-10,2023-09-26,86210,False,False,,,,,"Shelton Primary Care Centre, Norfolk Street, Stoke-On-Trent, ST1 4PB, England",,Shelton Primary Care Centre,Norfolk Street,Stoke-On-Trent,,ST1 4PB,England,,,,,,,,,,,,,,,,,,,,,,,,,,,,,,,,,
11218055,BOWLAND HEALTH LTD,ltd,,active,2018-02-21,,86220,False,False,,,,,"The Old Dairy, Cow Ark, Whitewell Road, Clitheroe, Lancashire, BB7 3DG, United Kingdom",,"The Old Dairy, Cow Ark",Whitewell Road,Clitheroe,Lancashire,BB7 3DG,United Kingdom,,,,,,,,,,,,,,,,,,,,,,,,,,,,,,,,,
OC430448,CRANBROOK MEDICAL PRACTICE LLP,llp,,dissolved,2020-01-28,2024-04-16,,False,False,,,,,"Wessex House, Teign Road, Newton Abbot, Devon, TQ12 4AA, England",,Wessex House,Teign Road,Newton Abbot,Devon,TQ12 4AA,England,,,,,,,,,,,,,,,,,,,,,,,,,,,,,,,,,
11953807,PRIMARY CARE PARTNERS LIMITED,ltd,,active,2019-04-18,,86210,False,False,,,,,"108 High Street, Great Missenden, HP16 0BG, England",,108 High Street,,Great Missenden,,HP16 0BG,England,,,,,,,,,,,,,,,,,,,,,,,,,,,,,,,,,
12200941,COLCHESTER MEDICAL LTD,ltd,,active,2019-09-11,,86210,False,False,,,,,"West Bergholt Surgery, 2/3 Erle Havard Road, Colchester, CO6 3LH, England",,West Bergholt Surgery,2/3 Erle Havard Road,Colchester,,CO6 3LH,England,,,,,,,,,,,,,,,,,,,,,,,,,,,,,,,,,
08781483,CENTRAL MANCHESTER NETWORKS LTD,ltd,,active,2013-11-19,,86210,False,False,,,,,"Victoria Mills, 10 Lower Vickers Street, Miles Platting, Manchester, M40 7LH, England",,"Victoria Mills, 10 Lower Vickers Street",Miles Platting,Manchester,,M40 7LH,England,,,,,,,,,,,,,,,,,,,,,,,,,,,,,,,,,
11866437,ALLIANCE PRIMARY CARE LIMITED,ltd,,active,2019-03-07,,86210,False,False,,,,,"Hollygreen Practice Goldthorpe Green, Goldthorpe, Rotherham, S63 9EH, United Kingdom",,Hollygreen Practice Goldthorpe Green,Goldthorpe,Rotherham,,S63 9EH,United Kingdom,,,,,,,,,,,,,,,,,,,,,,,,,,,,,,,,,
12264331,PARTNERSHEALTH 2020 LTD,ltd,,active,2019-10-16,,86210,False,False,,,,,"Partnershealth 2020 Ltd Cotgrave Surgery, The Cotgrave Hub Rivermead, Cotgrave, Nottingham, NG12 3UQ, England",,Partnershealth 2020 Ltd Cotgrave Surgery,The Cotgrave Hub Rivermead,Cotgrave,Nottingham,NG12 3UQ,England,,,,,,,,,,,,,,,,,,,,,,,,,,,,,,,,,
12440371,SALISBURY AVENUE HEALTHCARE LIMITED,ltd,,active,2020-02-04,,86210,False,False,,,,,"Charles Rippin And Turner, Middlesex House, 130 College Road, London, HA1 1BQ, England",,"Charles Rippin And Turner, Middlesex House",130 College Road,London,,HA1 1BQ,England,,,,,,,,,,,,,,,,,,,,,,,,,,,,,,,,,
12383164,HASLINGDEN HEALTHCARE LIMITED,ltd,,active,2020-01-02,,86900,False,False,,,,,"1 Hardman Street, Spinningfields, Manchester, Greater Manchester, M3 3HF, United Kingdom",,1 Hardman Street,Spinningfields,Manchester,Greater Manchester,M3 3HF,United Kingdom,,,,,,,,,,,,,,,,,,,,,,,,,,,,,,,,,
12034287,SPRINGHEAD HEALTH LIMITED,ltd,,active,2019-06-05,,86210; 86220; 86900; 96040,False,False,,,,,"Fleet Health Campus Vale Road, Northfleet, Gravesend, Kent, DA11 8BZ, England",,Fleet Health Campus Vale Road,Northfleet,Gravesend,Kent,DA11 8BZ,England,,,,,,,,,,,,,,,,,,,,,,,,,,,,,,,,,
12633335,SPRING HALL GROUP PRACTICE LIMITED,ltd,,active,2020-05-29,,86210,False,False,,,,,"Spring Hall Group Practice, 173c Spring Hall Lane, Halifax, HX1 4JG, England",,Spring Hall Group Practice,173c Spring Hall Lane,Halifax,,HX1 4JG,England,,,,,,,,,,,,,,,,,,,,,,,,,,,,,,,,,
11762898,BOULEVARD MEDICAL PRACTICE LTD,ltd,,active,2019-01-11,,86210,False,False,,,,,"Boulevard Medical Practice, 116 Savile Park Road, Halifax, HX1 2ES, United Kingdom",,Boulevard Medical Practice,116 Savile Park Road,Halifax,,HX1 2ES,United Kingdom,,,,,,,,,,,,,,,,,,,,,,,,,,,,,,,,,
12264363,HAZELVALLEY LIMITED,ltd,,active,2019-10-16,,86210,False,False,,,,,"7-9 Manchester Road, Haslingden, Rossendale, BB4 5SL, United Kingdom",,7-9 Manchester Road,Haslingden,Rossendale,,BB4 5SL,United Kingdom,,,,,,,,,,,,,,,,,,,,,,,,,,,,,,,,,
12268737,MEDICUS HEALTH PARTNERS LTD,ltd,,active,2019-10-17,,86210,False,False,,,,,"28 Tenniswood Road, Enfield, EN1 3LL, England",,28 Tenniswood Road,,Enfield,,EN1 3LL,England,,,,,,,,,,,,,,,,,,,,,,,,,,,,,,,,,
10075871,SOUTH DOWNS HEALTH AND CARE LIMITED,ltd,,active,2016-03-21,,86210,False,False,,,,,"4 Cornfield Terrace, Eastbourne, East Sussex, BN21 4NN, England",,4 Cornfield Terrace,,Eastbourne,East Sussex,BN21 4NN,England,,,,,,,,,,,,,,,,,,,,,,,,,,,,,,,,,
11414097,CANNOCK CHASE CLINICAL ALLIANCE LTD,ltd,,dissolved,2018-06-13,2023-01-31,86220,False,False,,,,,"Newport House, Newport Road, Stafford, ST16 1DA, England",,Newport House,Newport Road,Stafford,,ST16 1DA,England,,,,,,,,,,,,,,,,,,,,,,,,,,,,,,,,,
08443132,ACHOR HEALTHCARE LIMITED,ltd,,dissolved,2013-03-13,2025-05-27,86210,False,False,,,,,"The Old Wheel House, 31/37 Church Street, Reigate, Surrey, RH2 0AD, England",,The Old Wheel House,31/37 Church Street,Reigate,Surrey,RH2 0AD,England,,,,,,,,,,,,,,,,,,,,,,,,,,,,,,,,,
08486885,ALEXIN HEALTHCARE C.I.C.,ltd,community-interest-company,active,2013-04-12,,86900,True,False,,,,,"West Hallam Medical Centre The Dales, West Hallam, Ilkeston, DE7 6GR, England",,West Hallam Medical Centre The Dales,West Hallam,Ilkeston,,DE7 6GR,England,,,,,,,,,,,,,,,,,,,,,,,,,,,,,,,,,
06120842,WORCESTER STREET CONSULTANCY LIMITED,ltd,,dissolved,2007-02-21,2019-04-23,86210,False,False,,,,,"Ramsay House 18 Vera Avenue, Grange Park, London, N21 1RA",,Ramsay House 18 Vera Avenue,Grange Park,London,,N21 1RA,,,,,,,,,,,,,,,,,,,,,,,,,,,,,,,,,,
13094638,RESILIENCE MEDICINE CLINICS LTD,ltd,,active,2020-12-22,,86210; 86220,False,False,,,,,"85 Great Portland Street, 85 Great Portland Street, London, W1W 7LT, England",,85 Great Portland Street,85 Great Portland Street,London,,W1W 7LT,England,,,,,,,,,,,,,,,,,,,,,,,,,,,,,,,,,
08661438,ARUNA MEDICAL SERVICES LIMITED,private-limited-guarant-nsc,,dissolved,2013-08-22,2017-10-03,74909,False,False,,,,,"G1 Bellringer Road, Trentham Business Quarter, Stoke On Trent, Staffordshire, ST4 8GB",,G1 Bellringer Road,Trentham Business Quarter,Stoke On Trent,Staffordshire,ST4 8GB,,,,,,,,,,,,,,,,,,,,,,,,,,,,,,,,,,
05555460,OPEROSE HEALTH (GROUP) UK LIMITED,ltd,,active,2005-09-06,,86210,False,False,,,,,"Prospect House, 108 High Street, Great Missenden, HP16 0BG, England",,Prospect House,108 High Street,Great Missenden,,HP16 0BG,England,,,,,,,,,,,,,,,,,,,,,,,,,,,,,,,,,
07715222,PIONEER WOUND HEALING CENTRES CIC,ltd,community-interest-company,active,2011-07-22,,86220,True,False,,,,,"Wish Tower House, 1c Edward Road, Eastbourne, East Sussex, BN23 8AS, England",,Wish Tower House,1c Edward Road,Eastbourne,East Sussex,BN23 8AS,England,,,,,,,,,,,,,,,,,,,,,,,,,,,,,,,,,
11477343,SAJ MEDICAL LTD,ltd,,active,2018-07-23,,86220,False,False,,,,,"1 Hardman Street, Spinningfields, Manchester, Greater Manchester, M3 3HF, United Kingdom",,1 Hardman Street,Spinningfields,Manchester,Greater Manchester,M3 3HF,United Kingdom,,,,,,,,,,,,,,,,,,,,,,,,,,,,,,,,,
12614852,STETH & DERM SCOPE LTD,ltd,,active,2020-05-20,,86210; 86220,False,False,,,,,"Ramsay House, 18 Vera Avenue, London, N21 1RA, England",,Ramsay House,18 Vera Avenue,London,,N21 1RA,England,,,,,,,,,,,,,,,,,,,,,,,,,,,,,,,,,
12390316,HALCYON AESTHETICS LTD,ltd,,liquidation,2020-01-07,,86220; 96020,False,True,,,,,"Lawrence House, 5 St. Andrews Hill, Norwich, Norfolk, NR2 1AD",,Lawrence House,5 St. Andrews Hill,Norwich,Norfolk,NR2 1AD,,1,creditors-voluntary-liquidation,1,wound-up-on,2024-03-06,,,,,,,,,1,Jamie Playford,practitioner,2024-03-06,,"Lawrence House, 5 St Andrews Hill, Norwich, NR2 1AD",,,,,,,,,,,,creditors-voluntary-liquidation,2024-03-06,2024-03-06
13003182,SPICED PEAR LIMITED,ltd,,active,2020-11-06,,86220,False,False,,,,,"Belmont Suite Paragon Business Park, Chorley New Road, Bolton, Lancashire, BL6 6HG, United Kingdom",,Belmont Suite Paragon Business Park,Chorley New Road,Bolton,Lancashire,BL6 6HG,United Kingdom,,,,,,,,,,,,,,,,,,,,,,,,,,,,,,,,,
08493276,BPL REALISATIONS LIMITED,ltd,,administration,2013-04-17,,86900,False,True,,,,,"BPL REALISATIONS LIMITED, Suite 3 Avery House 69 North Street, Brighton, East Sussex, BN41 1DH",,BPL REALISATIONS LIMITED,Suite 3 Avery House 69 North Street,Brighton,East Sussex,BN41 1DH,,1,in-administration,1,administration-started-on,2023-08-30,,,,,,,,,2,Mark Granville Firmin,practitioner,,,"Suite 3 Regency House  91 Western Road, Brighton, East Sussex, BN1 2NW",Andrea Jakes,practitioner,,,"Suite 3 Regency House 91 Western Road, Brighton, BN1 2NW",,,,,,,in-administration,2023-08-30,2023-08-30
12082259,LISLE CONSULTING LTD,ltd,,active,2019-07-03,,86220,False,False,,,,,"Harrow House, 23 West Street, Haslemere, GU27 2AB, England",,Harrow House,23 West Street,Haslemere,,GU27 2AB,England,,,,,,,,,,,,,,,,,,,,,,,,,,,,,,,,,
07325547,MED-CO SECURE HEALTHCARE SERVICES LTD,ltd,,active,2010-07-26,,86210,False,False,,,,,"120 St. Teilo Street, Pontarddulais, Swansea, SA4 8RE, Wales",,120 St. Teilo Street,Pontarddulais,Swansea,,SA4 8RE,Wales,,,,,,,,,,,,,,,,,,,,,,,,,,,,,,,,,
OC383917,ICOS MK LLP,llp,,dissolved,2013-04-02,2018-08-07,,False,False,,,,,"Chancery House, 199 Silbury Boulevard, Milton Keynes, MK9 1JL, England",,Chancery House,199 Silbury Boulevard,Milton Keynes,,MK9 1JL,England,,,,,,,,,,,,,,,,,,,,,,,,,,,,,,,,,
03095631,WOLVERHAMPTON DOCTORS ON CALL LIMITED,private-limited-guarant-nsc,,active,1995-08-25,,86210,False,False,,,,,"Fifth Avenue, Showell Park, Wolverhampton, West Midlands, WV10 9ST",,Fifth Avenue,Showell Park,Wolverhampton,West Midlands,WV10 9ST,,,,,,,,,,,,,,,,,,,,,,,,,,,,,,,,,,
05477840,INNOVATIONS IN PRIMARY CARE LTD,ltd,,liquidation,2005-06-10,,86210,False,True,,,,,"1580 Parkway, Solent Business Park, Whiteley, Fareham, Hampshire, PO15 7AG",,1580 Parkway,"Solent Business Park, Whiteley",Fareham,Hampshire,PO15 7AG,,1,creditors-voluntary-liquidation,1,wound-up-on,2024-11-08,,,,,,,,,3,Michael Robert Fortune,practitioner,2024-11-08,2026-03-27,"1580 Parkway Solent Business Park, Whiteley, Fareham, Hampshire, PO15 7AG",David Smithson,practitioner,2024-11-08,,"1580 Parkway Solent Business Park, Whiteley, Fareham, Hampshire, PO15 7AG",Stewart Goldsmith,practitioner,2026-03-27,,"1580 Parkway Solent Business Park, Whiteley, Fareham, Hampshire, PO15 7AG",,creditors-voluntary-liquidation,2024-11-08,2024-11-08
13485110,AVENUE FAMILY HEALTHCARE LIMITED,ltd,,active,2021-06-30,,86210,False,False,,,,,"First Floor, Middlesex House, 130 College Road, Harrow, HA1 1BQ, England",,"First Floor, Middlesex House",130 College Road,Harrow,,HA1 1BQ,England,,,,,,,,,,,,,,,,,,,,,,,,,,,,,,,,,
05834392,FIRST CONTACT CLINICAL COMMUNITY INTEREST COMPANY,ltd,community-interest-company,active,2006-06-01,,86900,True,False,,,,,"First Contact Clinical Business Works, Henry Robson Way, South Shields, Tyne And Wear, NE33 1RF",,First Contact Clinical Business Works,Henry Robson Way,South Shields,Tyne And Wear,NE33 1RF,,,,,,,,,,,,,,,,,,,,,,,,,,,,,,,,,,
04801910,PUTTING PATIENTS FIRST LTD,ltd,,active,2003-06-17,,82990,False,False,,,,,"The Norfolk Clinical Park Rowan House, Buxton, Norwich, Norfolk, NR10 5RH, England",,The Norfolk Clinical Park Rowan House,Buxton,Norwich,Norfolk,NR10 5RH,England,,,,,,,,,,,,,,,,,,,,,,,,,,,,,,,,,
01955497,KCA (UK),private-limited-guarant-nsc-limited-exemption,,dissolved,1985-11-06,2017-04-25,86900; 88990,False,False,,,,,"Unit H, Jubilee Way, Faversham, Kent, ME13 8GD",,Unit H,Jubilee Way,Faversham,Kent,ME13 8GD,,,,,,,,,,,,,,,,,,,,,,,,,,,,,,,,,,
01227970,RETHINK MENTAL ILLNESS,private-limited-guarant-nsc,,active,1975-09-29,,86900,False,False,,,,,"28 Albert Embankment, London, SE1 7GR, England",,28 Albert Embankment,,London,,SE1 7GR,England,,,,,,,,,,,,,,,,,,,,,,,,,,,,,,,,,
14059408,BMZ LAMBERT SPORTS CLINIC LTD,ltd,,active,2022-04-21,,47749; 86210; 86220,False,False,,,,,"20-22 Wenlock Road, London, N1 7GU, England",,20-22 Wenlock Road,,London,,N1 7GU,England,,,,,,,,,,,,,,,,,,,,,,,,,,,,,,,,,
08614024,DOCTOR CARE ANYWHERE LIMITED,ltd,,active,2013-07-17,,86220,False,False,,,,,"19-21 Great Portland Street, London, W1W 8QB, England",,19-21 Great Portland Street,,London,,W1W 8QB,England,,,,,,,,,,,,,,,,,,,,,,,,,,,,,,,,,
02560474,THE FORWARD TRUST,private-limited-guarant-nsc-limited-exemption,,active,1990-11-20,,78109; 86220; 87900; 88990,False,False,,,,,"Unit 106,  Edinburgh House, 170 Kennington Lane, London, SE11 5DP, United Kingdom",,"Unit 106,  Edinburgh House, 170 Kennington Lane",,London,,SE11 5DP,United Kingdom,,,,,,,,,,,,,,,,,,,,,,,,,,,,,,,,,
10946488,FERTILITY BRISTOL LIMITED,ltd,,active,2017-09-05,,86210,False,False,,,,,"Freshford House, Redcliffe Way, Bristol, BS1 6NL, England",,Freshford House,Redcliffe Way,Bristol,,BS1 6NL,England,,,,,,,,,,,,,,,,,,,,,,,,,,,,,,,,,
13337453,CITY & HACKNEY OFFICE OF PCNS LIMITED,ltd,,dissolved,2021-04-15,2025-07-22,82110,False,False,,,,,"Ramsay Brown Llp The Brentano Suite, Solar House, 915 High Road, London, Middlesex, N12 8QJ, United Kingdom",,Ramsay Brown Llp The Brentano Suite,"Solar House, 915 High Road",London,Middlesex,N12 8QJ,United Kingdom,,,,,,,,,,,,,,,,,,,,,,,,,,,,,,,,,
12352763,ONE WIRRAL CIC,private-limited-guarant-nsc,community-interest-company,active,2019-12-06,,96040,True,False,,,,,"2 Oxton Road, Birkenhead, Wirral, CH41 2QJ, England",,2 Oxton Road,,Birkenhead,Wirral,CH41 2QJ,England,,,,,,,,,,,,,,,,,,,,,,,,,,,,,,,,,
13964865,CHERRY TREE SURGERY LTD,ltd,,active,2022-03-09,,86210,False,False,,,,,"Cherry Tree Surgery, 132 Upper Commercial Street, Batley, West Yorkshire, WF17 5DH, United Kingdom",,Cherry Tree Surgery,132 Upper Commercial Street,Batley,West Yorkshire,WF17 5DH,United Kingdom,,,,,,,,,,,,,,,,,,,,,,,,,,,,,,,,,
09116741,HEALTHBRIDGE DIRECT LIMITED,ltd,,active,2014-07-04,,86220,False,False,,,,,"The Vintry, Redbridge Lane East, Ilford, IG4 5EY, England",,The Vintry,Redbridge Lane East,Ilford,,IG4 5EY,England,,,,,,,,,,,,,,,,,,,,,,,,,,,,,,,,,
12561490,MARPE KALOS LTD,ltd,,active,2020-04-17,,86210; 86220; 86900,False,False,,,,,"49 Station Road, Polegate, BN26 6EA, England",,49 Station Road,,Polegate,,BN26 6EA,England,,,,,,,,,,,,,,,,,,,,,,,,,,,,,,,,,
13542514,FORMBY GP LIMITED,ltd,,active,2021-08-02,,86210,False,False,,,,,"4 Victoria Buildings Victoria Road, Formby, Liverpool, L37 7DB, England",,4 Victoria Buildings Victoria Road,Formby,Liverpool,,L37 7DB,England,,,,,,,,,,,,,,,,,,,,,,,,,,,,,,,,,
11595229,BRUNEL HEALTH GROUP LIMITED,ltd,,active,2018-09-28,,86210,False,False,,,,,"Westrop Medical Practice Newburgh Place, Highworth, Swindon, SN6 7DN, United Kingdom",,Westrop Medical Practice Newburgh Place,Highworth,Swindon,,SN6 7DN,United Kingdom,,,,,,,,,,,,,,,,,,,,,,,,,,,,,,,,,
OC411316,WIGAN GP ALLIANCE LLP,llp,,active,2016-04-14,,,False,False,,,,,"Bevan House, 17 Beecham Court, Wigan, WN3 6PR, England",,Bevan House,17 Beecham Court,Wigan,,WN3 6PR,England,,,,,,,,,,,,,,,,,,,,,,,,,,,,,,,,,
11709255,THE DOCTOR'S METHOD LTD,ltd,,active,2018-12-03,,47750; 86210; 96040,False,False,,,,,"Sterling House Fulbourne Road, Walthamstow, London, E17 4EE, England",,Sterling House Fulbourne Road,Walthamstow,London,,E17 4EE,England,,,,,,,,,,,,,,,,,,,,,,,,,,,,,,,,,
13518788,SIMYA HEALTH LTD,ltd,,active,2021-07-19,,86900,False,False,,,,,"53 Macquarie Quay, Eastbourne, BN23 5AT, England",,53 Macquarie Quay,,Eastbourne,,BN23 5AT,England,,,,,,,,,,,,,,,,,,,,,,,,,,,,,,,,,
13763565,LHP LONDON LTD,ltd,,dissolved,2021-11-24,2023-11-07,86210,False,False,,,,,"Paxton Green Health Centre, 1 Alleyn Park, London, SE21 8AU, England",,Paxton Green Health Centre,1 Alleyn Park,London,,SE21 8AU,England,,,,,,,,,,,,,,,,,,,,,,,,,,,,,,,,,
13603705,BEECHWOOD HOUSE HEALTHCARE LTD,ltd,,active,2021-09-06,,86220,False,False,,,,,"7 Summerfield Road, Wolverhampton, WV1 4PR, United Kingdom",,7 Summerfield Road,,Wolverhampton,,WV1 4PR,United Kingdom,,,,,,,,,,,,,,,,,,,,,,,,,,,,,,,,,
11137124,MY SKIN DOCTOR LIMITED,ltd,,active,2018-01-08,,86900,False,False,,,,,"The Courtyard Shoreham Road, Upper Beeding, Steyning, West Sussex, BN44 3TN, England",,The Courtyard Shoreham Road,Upper Beeding,Steyning,West Sussex,BN44 3TN,England,,,,,,,,,,,,,,,,,,,,,,,,,,,,,,,,,
06927650,DORKING HEALTHCARE LIMITED,ltd,,active,2009-06-08,,86900,False,False,,,,,"Dhc Gp Federation Holmhurst Medical Centre, 12 Thornton Side, Redhill, Surrey, RH1 2NP, England",,Dhc Gp Federation Holmhurst Medical Centre,12 Thornton Side,Redhill,Surrey,RH1 2NP,England,,,,,,,,,,,,,,,,,,,,,,,,,,,,,,,,,
10496365,BIRMINGHAM SMARTCARE LIMITED,ltd,,active,2016-11-25,,86210,False,False,,,,,"Druids Heath Surgery 27 Pound Road, Druids Heath, Birmingham, B14 5SB, England",,Druids Heath Surgery 27 Pound Road,Druids Heath,Birmingham,,B14 5SB,England,,,,,,,,,,,,,,,,,,,,,,,,,,,,,,,,,
12542209,VIRA HEALTH LIMITED,ltd,,active,2020-04-01,,58190; 62012; 86220; 96040,False,False,,,,,"22 Highbury Grove Unit 401, London, N5 2EF, United Kingdom",,22 Highbury Grove Unit 401,,London,,N5 2EF,United Kingdom,,,,,,,,,,,,,,,,,,,,,,,,,,,,,,,,,
13278638,SJL HEALTHCARE LIMITED,ltd,,active,2021-03-19,,86900,False,False,,,,,"204 Fulham Road, London, SW10 9PJ, England",,204 Fulham Road,,London,,SW10 9PJ,England,,,,,,,,,,,,,,,,,,,,,,,,,,,,,,,,,
05867017,NIGHTINGALE DISABLED TRANSPORT LIMITED,ltd,,active,2006-07-05,,49390,False,False,,,,,"Treetops, Silver Birch Avenue, North Weald, Epping, Essex, CM16 6LB",,"Treetops, Silver Birch Avenue",North Weald,Epping,Essex,CM16 6LB,,,,,,,,,,,,,,,,,,,,,,,,,,,,,,,,,,
10636369,ATRUMED LTD,ltd,,active,2017-02-23,,96090,False,False,,,,,"Six Ways Business Centre, 1 Guildford Street, Birmingham, B19 2HN, United Kingdom",,Six Ways Business Centre,1 Guildford Street,Birmingham,,B19 2HN,United Kingdom,,,,,,,,,,,,,,,,,,,,,,,,,,,,,,,,,
13768397,PRIMARY HEALTHCARE DERBY LIMITED,ltd,,active,2021-11-26,,86210,False,False,,,,,"C/O Forvis Mazars Llp, 1 St. Peters Square, Manchester, M2 3DE, United Kingdom",,C/O Forvis Mazars Llp,1 St. Peters Square,Manchester,,M2 3DE,United Kingdom,,,,,,,,,,,,,,,,,,,,,,,,,,,,,,,,,
13942318,EXPRESS MEDICINE LTD,ltd,,dissolved,2022-02-25,2025-07-01,86900,False,False,,,,,"20 Stafford Street, Eccleshall, Stafford, ST21 6BH, England",,20 Stafford Street,Eccleshall,Stafford,,ST21 6BH,England,,,,,,,,,,,,,,,,,,,,,,,,,,,,,,,,,
14389666,RETHINK MENOPAUSE LIMITED,ltd,,active,2022-09-30,,86220,False,False,,,,,"Lennox House, 3 Pierrepont Street, Bath, BA1 1LB, England",,Lennox House,3 Pierrepont Street,Bath,,BA1 1LB,England,,,,,,,,,,,,,,,,,,,,,,,,,,,,,,,,,
OC337661,VIRGIN CARE LEA VALLEY LLP,llp,,dissolved,2008-05-29,2016-11-01,,False,False,,,,,"Lynton House, 7-12 Tavistock Square, London, WC1H 9LT",,Lynton House,7-12 Tavistock Square,London,,WC1H 9LT,,,,,,,,,,,,,,,,,,,,,,,,,,,,,,,,,,
05063448,CEDERBERG ENTERPRISES LTD,ltd,,active,2004-03-04,,82990,False,False,,,,,"104 High Street, West Wickham, Kent, BR4 0NF",,104 High Street,,West Wickham,Kent,BR4 0NF,,,,,,,,,,,,,,,,,,,,,,,,,,,,,,,,,,
05833102,HERTS HEALTH LIMITED,ltd,,active,2006-05-31,,86210,False,False,,,,,"Ramsay Brown Llp The Brentano Suite, Solar House, 915 High Road, North Finchley, London, N12 8QJ, United Kingdom",,Ramsay Brown Llp The Brentano Suite,"Solar House, 915 High Road",North Finchley,London,N12 8QJ,United Kingdom,,,,,,,,,,,,,,,,,,,,,,,,,,,,,,,,,
10878840,CANTERBURY INTEGRATED HEALTHCARE LIMITED,ltd,,active,2017-07-21,,86210,False,False,,,,,"C/O Bridge Health Centre Patrixbourne Road, Bridge, Canterbury, Kent, CT4 5BL, England",,C/O Bridge Health Centre Patrixbourne Road,Bridge,Canterbury,Kent,CT4 5BL,England,,,,,,,,,,,,,,,,,,,,,,,,,,,,,,,,,
OC418907,ONE HEART CLINIC LIMITED LIABILITY PARTNERSHIP,llp,,active,2017-09-11,,,False,False,,,,,"1st Floor Gallery Court, 28 Arcadia Avenue, London, N3 2FG, United Kingdom",,1st Floor Gallery Court,28 Arcadia Avenue,London,,N3 2FG,United Kingdom,,,,,,,,,,,,,,,,,,,,,,,,,,,,,,,,,
12511052,SOLICE.HEALTH LTD,ltd,,active,2020-03-11,,70229,False,False,,,,,"C/O Apex Accountancy,Office Suite 134,First Floor, 4 Longwalk Road, Stockley Park, Uxbridge, UB11 1FE, England",,"C/O Apex Accountancy,Office Suite 134,First Floor, 4 Longwalk Road",Stockley Park,Uxbridge,,UB11 1FE,England,,,,,,,,,,,,,,,,,,,,,,,,,,,,,,,,,
12573258,HEALTHCARE CENTRAL LONDON LTD,ltd,,active,2020-04-27,,86210; 86220; 86900; 96040,False,False,,,,,"Capital House, 25 Chapel Street, London, NW1 5DH, United Kingdom",,Capital House,25 Chapel Street,London,,NW1 5DH,United Kingdom,,,,,,,,,,,,,,,,,,,,,,,,,,,,,,,,,
13795379,NISHANA LTD,ltd,,active,2021-12-11,,86220,False,False,,,,,"82a James Carter Road, Mildenhall, Bury St. Edmunds, IP28 7DE, England",,82a James Carter Road,Mildenhall,Bury St. Edmunds,,IP28 7DE,England,,,,,,,,,,,,,,,,,,,,,,,,,,,,,,,,,
08905299,MILMAN MEDICAL LIMITED,ltd,,active,2014-02-20,,86210,False,False,,,,,"Suite 115 Devonshire House, Manor Way, Borehamwood, Hertfordshire, WD6 1QQ, United Kingdom",,Suite 115 Devonshire House,Manor Way,Borehamwood,Hertfordshire,WD6 1QQ,United Kingdom,,,,,,,,,,,,,,,,,,,,,,,,,,,,,,,,,
12074511,EVEXIA HEALTH LTD,ltd,,active,2019-06-28,,86900,False,False,,,,,"2a Malzeard Road, Malzeard Road, Luton, LU3 1BD, England",,2a Malzeard Road,Malzeard Road,Luton,,LU3 1BD,England,,,,,,,,,,,,,,,,,,,,,,,,,,,,,,,,,
OC322654,VIRGIN CARE MACCLESFIELD LLP,llp,,dissolved,2006-09-26,2016-11-01,,False,False,,,,,"Lynton House, 7-12 Tavistock Square, London, WC1H 9LT",,Lynton House,7-12 Tavistock Square,London,,WC1H 9LT,,,,,,,,,,,,,,,,,,,,,,,,,,,,,,,,,,
09604277,NIMBUSCARE LIMITED,ltd,,active,2015-05-22,,86210; 86900,False,False,,,,,"Nimbuscare Limited Gateway 1, Holgate Park Drive, York, YO26 4GG, England",,Nimbuscare Limited Gateway 1,Holgate Park Drive,York,,YO26 4GG,England,,,,,,,,,,,,,,,,,,,,,,,,,,,,,,,,,
12391342,WHITE NIGHT LONDON LTD,ltd,,active,2020-01-08,,86900,False,False,,,,,"St James' Hall, Mill Road, Lancing, West Sussex, BN15 0PT, England",,St James' Hall,Mill Road,Lancing,West Sussex,BN15 0PT,England,,,,,,,,,,,,,,,,,,,,,,,,,,,,,,,,,
12266427,RRRSS LTD,ltd,,active,2019-10-16,,86230; 86900,False,False,,,,,"Pinchbeck Dental And Healthcare, 5 Market Way, Pinchbeck, PE11 3PE, England",,Pinchbeck Dental And Healthcare,5 Market Way,Pinchbeck,,PE11 3PE,England,,,,,,,,,,,,,,,,,,,,,,,,,,,,,,,,,
14647973,THE HEALTHCARE CENTRE LTD,ltd,,active,2023-02-08,,86220,False,False,,,,,"The Factory, Peverell Avenue East, Poundbury, Dorchester, DT1 3WE, United Kingdom",,The Factory,Peverell Avenue East,"Poundbury, Dorchester",,DT1 3WE,United Kingdom,,,,,,,,,,,,,,,,,,,,,,,,,,,,,,,,,
13209257,HIGHFIELDS MEDICAL LIMITED,ltd,,active,2021-02-18,,86900,False,False,,,,,"1 Hardman Street, Manchester, Greater Manchester, M3 3HF, England",,1 Hardman Street,,Manchester,Greater Manchester,M3 3HF,England,,,,,,,,,,,,,,,,,,,,,,,,,,,,,,,,,
08917983,STELLAR HEALTHCARE LIMITED,ltd,,active,2014-03-03,,86210,False,False,,,,,"1 The Atrium Phoenix Square, Wyncolls Road, Colchester, Essex, CO4 9AS, England",,1 The Atrium Phoenix Square,Wyncolls Road,Colchester,Essex,CO4 9AS,England,,,,,,,,,,,,,,,,,,,,,,,,,,,,,,,,,
14617631,FAREHAM & PORTCHESTER PCN LTD,ltd,,active,2023-01-26,,86210; 86220; 86900; 96040,False,False,,,,,"Hempsons Llp, Third Floor, 3 Dorset Rise, London, EC4Y 8EN, England",,"Hempsons Llp, Third Floor",3 Dorset Rise,London,,EC4Y 8EN,England,,,,,,,,,,,,,,,,,,,,,,,,,,,,,,,,,
11143282,AMBER VALLEY HEALTH LTD,ltd,,active,2018-01-10,,86210,False,False,,,,,"The Park Surgery, Ilkeston Road, Heanor, DE75 7DX, England",,The Park Surgery,Ilkeston Road,Heanor,,DE75 7DX,England,,,,,,,,,,,,,,,,,,,,,,,,,,,,,,,,,
13657134,COOL SMILES LTD,ltd,,active,2021-10-01,,86230,False,False,,,,,"Devonshire House Office 129 Wade Road, Basingstoke, RG24 8PE, England",,Devonshire House Office 129 Wade Road,,Basingstoke,,RG24 8PE,England,,,,,,,,,,,,,,,,,,,,,,,,,,,,,,,,,
09324488,COMMISCEO PRIMARY CARE SOLUTIONS LIMITED,ltd,,active,2014-11-24,,82990,False,False,,,,,"Suite Seven The Skyline Plaza, 45 Victoria Avenue, Southend-On-Sea, Essex, SS2 6BB, England",,Suite Seven The Skyline Plaza,45 Victoria Avenue,Southend-On-Sea,Essex,SS2 6BB,England,,,,,,,,,,,,,,,,,,,,,,,,,,,,,,,,,
14797169,ANP MEDICAL LTD,ltd,,active,2023-04-12,,86210,False,False,,,,,"7 Rose Dale, Orpington, BR6 8LD, England",,7 Rose Dale,,Orpington,,BR6 8LD,England,,,,,,,,,,,,,,,,,,,,,,,,,,,,,,,,,
09127575,CAMBRIDGESHIRE COMMUNITY CLINICIANS C.I.C.,private-limited-guarant-nsc,community-interest-company,dissolved,2014-07-11,2016-11-22,86220,True,False,,,,,"Platinum Building St Johns Innovation Park, Cowley Road, Cambridge, Cambridgeshire, CB4 0DS",,Platinum Building St Johns Innovation Park,Cowley Road,Cambridge,Cambridgeshire,CB4 0DS,,,,,,,,,,,,,,,,,,,,,,,,,,,,,,,,,,
14337133,MEDICAL WEIGHT CARE LTD,ltd,,active,2022-09-05,,86220,False,False,,,,,"Clockwood Lodge, Leven Road, Yarm, TS15 9JF, England",,Clockwood Lodge,Leven Road,Yarm,,TS15 9JF,England,,,,,,,,,,,,,,,,,,,,,,,,,,,,,,,,,
15307427,HAUS OF SKN LTD,ltd,,active,2023-11-24,,86210; 86220,False,False,,,,,"458 Bordesley Green, Birmingham, B9 5NS, England",,458 Bordesley Green,,Birmingham,,B9 5NS,England,,,,,,,,,,,,,,,,,,,,,,,,,,,,,,,,,
13505204,HEALTHIER WEST WIRRAL PCN LIMITED,ltd,,active,2021-07-12,,86210,False,False,,,,,"Heswall And Pensby Group Practice, 270 Telegraph Road, Heswall, Wirral, CH60 7SG, United Kingdom",,Heswall And Pensby Group Practice,270 Telegraph Road,Heswall,Wirral,CH60 7SG,United Kingdom,,,,,,,,,,,,,,,,,,,,,,,,,,,,,,,,,
11826467,WELL UP NORTH LTD,ltd,,active,2019-02-14,,86210,False,False,,,,,"Suite 3 5 Kings Mount, Ramparts Business Park, Berwick-Upon-Tweed, Northumberland, TD15 1TQ, England",,Suite 3 5 Kings Mount,Ramparts Business Park,Berwick-Upon-Tweed,Northumberland,TD15 1TQ,England,,,,,,,,,,,,,,,,,,,,,,,,,,,,,,,,,
14000114,TOOTH DOC LIMITED,ltd,,active,2022-03-24,,86230,False,False,,,,,"253 Kingston Road, New Malden, KT3 3FN, England",,253 Kingston Road,,New Malden,,KT3 3FN,England,,,,,,,,,,,,,,,,,,,,,,,,,,,,,,,,,
07701742,PRIMARY CARE CHESHIRE CIC,ltd,community-interest-company,active,2011-07-12,,86900,True,False,,,,,"Helsby Health Centre, Lower Robin Hood Lane, Helsby, Cheshire, WA6 0BW",,Helsby Health Centre,Lower Robin Hood Lane,Helsby,Cheshire,WA6 0BW,,,,,,,,,,,,,,,,,,,,,,,,,,,,,,,,,,
14884679,DLV MEDICAL LTD,ltd,,active,2023-05-22,,86210,False,False,,,,,"85 85 Great Portland Street, London, W1W 7LT, England",,85 85 Great Portland Street,,London,,W1W 7LT,England,,,,,,,,,,,,,,,,,,,,,,,,,,,,,,,,,
14306740,PRIIME SOLUTIONS LTD,ltd,,active,2022-08-19,,86210,False,False,,,,,"15 Wingrave Crescent, Brentwood, CM14 5PA, England",,15 Wingrave Crescent,,Brentwood,,CM14 5PA,England,,,,,,,,,,,,,,,,,,,,,,,,,,,,,,,,,
14629142,ST HELENS SOUTH PCN LIMITED,ltd,,active,2023-01-31,,86210; 86220; 86900; 96040,False,False,,,,,"529 Warrington Road, Rainhill Village Surgery, Rainhill, L35 4LP, United Kingdom",,529 Warrington Road,Rainhill Village Surgery,Rainhill,,L35 4LP,United Kingdom,,,,,,,,,,,,,,,,,,,,,,,,,,,,,,,,,
OC326363,POLAND MEDICAL LLP,llp,,active,2007-02-28,,,False,False,,,,,"377 High Road, Harrow, HA3 6EL, United Kingdom",,377 High Road,,Harrow,,HA3 6EL,United Kingdom,,,,,,,,,,,,,,,,,,,,,,,,,,,,,,,,,
15277459,JNMED LTD,ltd,,active,2023-11-12,,86230,False,False,,,,,"86-90 Paul Street, London, England, EC2A 4NE, United Kingdom",,86-90 Paul Street,,London,England,EC2A 4NE,United Kingdom,,,,,,,,,,,,,,,,,,,,,,,,,,,,,,,,,
14737937,OCIMUM HEALTHCARE LTD,ltd,,active,2023-03-17,,86210,False,False,,,,,"2a Malzeard Road, Luton, LU3 1BD, England",,2a Malzeard Road,,Luton,,LU3 1BD,England,,,,,,,,,,,,,,,,,,,,,,,,,,,,,,,,,
12895434,ADHD CLINICS LTD,ltd,,active,2020-09-22,,86900,False,False,,,,,"1 Carr House Road, Halifax, HX3 7QY, England",,1 Carr House Road,,Halifax,,HX3 7QY,England,,,,,,,,,,,,,,,,,,,,,,,,,,,,,,,,,
06707396,LAKESIDE + LIMITED,ltd,,dissolved,2008-09-25,2021-11-12,86210,False,True,,,,,"King Street House, 15 Upper King Street, Norwich, Norfolk, NR3 1RB, United Kingdom",,King Street House,15 Upper King Street,Norwich,Norfolk,NR3 1RB,United Kingdom,1,members-voluntary-liquidation,1,wound-up-on,2019-04-01,dissolved-on,2021-11-12,,,,,,,2,Lee Anthony Green,practitioner,2019-04-01,,"King Street House, 15 Upper King Street, Norwich, NR3 1RB",Andrew Anderson Kelsall,practitioner,2019-04-01,,"King Street House, 15 Upper King Street, Norwich, Norfolk, NR3 1RB",,,,,,,members-voluntary-liquidation,2019-04-01,2021-11-12
10947575,EAST STAFFORDSHIRE PRIMARY CARE PARTNERSHIP LIMITED,private-limited-guarant-nsc,,active,2017-09-05,,94120,False,False,,,,,"G4-G5 Bellringer Road, Trentham, Stoke-On-Trent, Staffordshire, ST4 8GB, England",,G4-G5 Bellringer Road,Trentham,Stoke-On-Trent,Staffordshire,ST4 8GB,England,,,,,,,,,,,,,,,,,,,,,,,,,,,,,,,,,
15333585,ANGLIM HEALTH LIMITED,ltd,,active,2023-12-07,,86210,False,False,,,,,"18 Langton Place, Bury St Edmunds, Suffolk, IP33 1NE, England",,18 Langton Place,,Bury St Edmunds,Suffolk,IP33 1NE,England,,,,,,,,,,,,,,,,,,,,,,,,,,,,,,,,,
14809421,BENSON PHILLIPS HEALTHCARE LIMITED,ltd,,active,2023-04-17,,86900,False,False,,,,,"Unit 3, Metro Centre Ronsons Way, Sandridge, St Albans, Hertfordshire, AL4 9QT, United Kingdom",,"Unit 3, Metro Centre Ronsons Way",Sandridge,St Albans,Hertfordshire,AL4 9QT,United Kingdom,,,,,,,,,,,,,,,,,,,,,,,,,,,,,,,,,
10717560,LIVA HEALTHCARE UK LIMITED,ltd,,active,2017-04-08,,58290,False,False,,,,,"C/O Dsa Prospect Limited, First Floor, Des Roches Square, Witney, OX28 4BE, England",,"C/O Dsa Prospect Limited, First Floor",Des Roches Square,Witney,,OX28 4BE,England,,,,,,,,,,,,,,,,,,,,,,,,,,,,,,,,,
09870228,TONOTOPIC RECORD COMPANY LIMITED,ltd,,active,2015-11-12,,59200; 86900,False,False,,,,,"7 Newgate, Barnard Castle, DL12 8NQ, England",,7 Newgate,,Barnard Castle,,DL12 8NQ,England,,,,,,,,,,,,,,,,,,,,,,,,,,,,,,,,,
15311327,INCLUSION HEALTH DEVON CIC,ltd,community-interest-company,active,2023-11-27,,86210; 86220,True,False,,,,,"Wat Tyler House, King William Street, Exeter, EX4 6PD, England",,Wat Tyler House,King William Street,Exeter,,EX4 6PD,England,,,,,,,,,,,,,,,,,,,,,,,,,,,,,,,,,
15568565,WLC OXTED LTD,ltd,,active,2024-03-16,,86210,False,False,,,,,"D S House, 306 High Street, Croydon, Surrey, CR0 1NG, United Kingdom",,D S House,306 High Street,Croydon,Surrey,CR0 1NG,United Kingdom,,,,,,,,,,,,,,,,,,,,,,,,,,,,,,,,,
14651744,SOUTHEND EAST PCN LIMITED,ltd,,active,2023-02-09,,86210,False,False,,,,,"4 Chester Court, Chester Hall Lane, Basildon, Essex, SS14 3WR, United Kingdom",,4 Chester Court,Chester Hall Lane,Basildon,Essex,SS14 3WR,United Kingdom,,,,,,,,,,,,,,,,,,,,,,,,,,,,,,,,,
15408478,COMPLETE CLINICAL CARE LTD,ltd,,active,2024-01-12,,86210; 86220,False,False,,,,,"C/O Rus & Co, 1192 Stratford Road, Hall Green, Birmingham, West Midlands, B28 8AB, United Kingdom",,"C/O Rus & Co, 1192 Stratford Road",Hall Green,Birmingham,West Midlands,B28 8AB,United Kingdom,,,,,,,,,,,,,,,,,,,,,,,,,,,,,,,,,
12338515,BIOME MEDICAL LTD,ltd,,active,2019-11-28,,86900,False,False,,,,,"317 Horn Lane, London, W3 0BU, England",,317 Horn Lane,,London,,W3 0BU,England,,,,,,,,,,,,,,,,,,,,,,,,,,,,,,,,,
15350289,THE GP CLINIC LTD,ltd,,active,2023-12-14,,86210,False,False,,,,,"5 Appledore Terrace, Walsall, West Midlands, WS5 3DU, United Kingdom",,5 Appledore Terrace,,Walsall,West Midlands,WS5 3DU,United Kingdom,,,,,,,,,,,,,,,,,,,,,,,,,,,,,,,,,
13567802,TSIM MEDICAL GROUP LTD,ltd,,active,2021-08-16,,86210,False,False,,,,,"438 Streatham High Road, London, SW16 3PX, England",,438 Streatham High Road,,London,,SW16 3PX,England,,,,,,,,,,,,,,,,,,,,,,,,,,,,,,,,,
09356355,DOCTOR PA LTD,ltd,,active,2014-12-16,,86210,False,False,,,,,"42 Kew Court Richmond Road, Kingston Upon Thames, Surrey, KT2 5BF",,42 Kew Court Richmond Road,,Kingston Upon Thames,Surrey,KT2 5BF,,,,,,,,,,,,,,,,,,,,,,,,,,,,,,,,,,
14158870,OPTIMIZED HEALTH LTD,ltd,,active,2022-06-08,,86210,False,False,,,,,"Aa Business Centre 326-340 Dunstable Road, Luton, Bedfordshire, LU4 8JS, England",,Aa Business Centre 326-340 Dunstable Road,,Luton,Bedfordshire,LU4 8JS,England,,,,,,,,,,,,,,,,,,,,,,,,,,,,,,,,,
15429131,RE MEDICAL SERVICES LTD,ltd,,active,2024-01-21,,86220,False,False,,,,,"40 Oakleigh Road, Cheadle Hulme, Cheadle, SK8 6SP, England",,40 Oakleigh Road,Cheadle Hulme,Cheadle,,SK8 6SP,England,,,,,,,,,,,,,,,,,,,,,,,,,,,,,,,,,
14167048,FUTURISTIC HEALTH LIMITED,ltd,,active,2022-06-13,,86101,False,False,,,,,"Suite G04 1 Quality Court, Chancery Lane, London, WC2A 1HR, England",,"Suite G04 1 Quality Court, Chancery Lane",,London,,WC2A 1HR,England,,,,,,,,,,,,,,,,,,,,,,,,,,,,,,,,,
12309531,KITOVA & JOHN LTD,ltd,,active,2019-11-12,,86210,False,False,,,,,"Lantern Clinic Building, 41 Newport Road, Cowes, Isle Of Wight, PO31 8BX, England",,Lantern Clinic Building,41 Newport Road,Cowes,Isle Of Wight,PO31 8BX,England,,,,,,,,,,,,,,,,,,,,,,,,,,,,,,,,,
07237152,WANDSWORTH GP FEDERATION COMMUNITY INTEREST COMPANY,ltd,community-interest-company,active,2010-04-28,,86210,True,False,,,,,"246 Roehampton Lane, London, SW15 4AA, England",,246 Roehampton Lane,,London,,SW15 4AA,England,,,,,,,,,,,,,,,,,,,,,,,,,,,,,,,,,
15043134,THE PHLEBOTOMIST LTD,ltd,,active,2023-08-01,,86210; 86220; 86900,False,False,,,,,"14 Falconscroft, Swindon, SN3 5AF, England",,14 Falconscroft,,Swindon,,SN3 5AF,England,,,,,,,,,,,,,,,,,,,,,,,,,,,,,,,,,
13744129,HOWELL MEDICAL GROUP LTD,ltd,,active,2021-11-15,,86210; 86220; 86900,False,False,,,,,"Suite 4102 Charlotte House Queens Dock Business Centre, Norfolk Street, Liverpool, Merseyside, L1 0BG, United Kingdom",,Suite 4102 Charlotte House Queens Dock Business Centre,Norfolk Street,Liverpool,Merseyside,L1 0BG,United Kingdom,,,,,,,,,,,,,,,,,,,,,,,,,,,,,,,,,
15052583,WEST CHESHIRE NEWMEDICA LIMITED,ltd,,active,2023-08-07,,86101; 86220,False,False,,,,,"Forum 6, Parkway, Solent Business Park, Whiteley, Fareham, Hampshire, PO15 7PA, England",,"Forum 6, Parkway","Solent Business Park, Whiteley",Fareham,Hampshire,PO15 7PA,England,,,,,,,,,,,,,,,,,,,,,,,,,,,,,,,,,
14871516,R & B CLINICAL LIMITED,ltd,,active,2023-05-16,,86210,False,False,,,,,"107 Liverpool Road, Southport, Lancashire, PR8 4DB, United Kingdom",,107 Liverpool Road,,Southport,Lancashire,PR8 4DB,United Kingdom,,,,,,,,,,,,,,,,,,,,,,,,,,,,,,,,,
15239860,NUMI SCAN CENTRAL NEWCASTLE LIMITED,ltd,,active,2023-10-26,,86900,False,False,,,,,"Unit 13, The Stottie Shed, Bakers Yard, Christon Road, Gosforth, Newcastle Upon Tyne, NE3 1XD, England",,"Unit 13, The Stottie Shed, Bakers Yard, Christon Road",Gosforth,Newcastle Upon Tyne,,NE3 1XD,England,,,,,,,,,,,,,,,,,,,,,,,,,,,,,,,,,
11880370,18 WEEK SUPPORT LIMITED,ltd,,active,2019-03-13,,86220,False,False,,,,,"Wework, 1st Floor, 2 Eastbourne Terrace, London, W2 6LG, England",,"Wework, 1st Floor",2 Eastbourne Terrace,London,,W2 6LG,England,,,,,,,,,,,,,,,,,,,,,,,,,,,,,,,,,
15586909,CONSULTANTS CHOICE CLINIC LTD,ltd,,active,2024-03-23,,82110; 86210; 86220,False,False,,,,,"Infinity House 2b, Surtees Business Park, Stockton-On-Tees, TS18 3HR, England",,Infinity House 2b,Surtees Business Park,Stockton-On-Tees,,TS18 3HR,England,,,,,,,,,,,,,,,,,,,,,,,,,,,,,,,,,
14932413,BILBA CLINIC LIMITED,ltd,,active,2023-06-13,,96090,False,False,,,,,"57 Great Titchfield Street, London, W1W 7PN, England",,57 Great Titchfield Street,,London,,W1W 7PN,England,,,,,,,,,,,,,,,,,,,,,,,,,,,,,,,,,
05628249,PFGPS LIMITED,ltd,,dissolved,2005-11-18,2023-05-02,86210,False,False,,,,,"89 Clapham High Street, London, SW4 7DB, England",,89 Clapham High Street,,London,,SW4 7DB,England,,,,,,,,,,,,,,,,,,,,,,,,,,,,,,,,,
14790962,HEARTSMART WELLNESS LTD,ltd,,active,2023-04-10,,86220,False,False,,,,,"84 Trafalgar Road, Portslade, Brighton, BN41 1GS, England",,84 Trafalgar Road,Portslade,Brighton,,BN41 1GS,England,,,,,,,,,,,,,,,,,,,,,,,,,,,,,,,,,
09213928,PRIMARY HEALTHCARE DARLINGTON LIMITED,ltd,,active,2014-09-11,,86210,False,False,,,,,"Ground Floor Forsyth House, 20 Woodlands Road, Darlington, County Durham, DL3 7PL, England",,Ground Floor Forsyth House,20 Woodlands Road,Darlington,County Durham,DL3 7PL,England,,,,,,,,,,,,,,,,,,,,,,,,,,,,,,,,,
08291762,BURY GP PRACTICES LIMITED,ltd,,active,2012-11-13,,86210,False,False,,,,,"Barcroft House, Barcroft Street, Bury, BL9 5BT, England",,Barcroft House,Barcroft Street,Bury,,BL9 5BT,England,,,,,,,,,,,,,,,,,,,,,,,,,,,,,,,,,
09513926,LIVERPOOL GENERAL  PRACTICE PROVIDER ORGANISATION LIMITED,ltd,,dissolved,2015-03-27,2020-10-27,86210,False,False,,,,,"Liverpool Innovation Park Babbage House, 2nd Floor, Edge Lane, Liverpool, L7 9NJ, England",,"Liverpool Innovation Park Babbage House, 2nd Floor",Edge Lane,Liverpool,,L7 9NJ,England,,,,,,,,,,,,,,,,,,,,,,,,,,,,,,,,,
09723179,MEEDOC LIMITED,ltd,,dissolved,2015-08-08,2017-06-06,86210,False,False,,,,,"1 Fore Street, London, EC2Y 9DT, England",,1 Fore Street,,London,,EC2Y 9DT,England,,,,,,,,,,,,,,,,,,,,,,,,,,,,,,,,,
08738013,NEW FOREST HEALTHCARE LIMITED,ltd,,dissolved,2013-10-17,2020-02-13,86210,False,True,,,,,"90 Victoria Street, Bristol, Avon, BS1 6DP, United Kingdom",,90 Victoria Street,,Bristol,Avon,BS1 6DP,United Kingdom,1,creditors-voluntary-liquidation,1,wound-up-on,2017-03-15,dissolved-on,2020-02-13,,,,,,,2,Timothy Colin Hamilton Ball,practitioner,2017-03-15,,"90 Victoria Street, Bristol, Avon, BS1 6DP",Michael Ian Field,practitioner,2017-03-15,,"5th Floor Merck House Seldown Lane, Poole, Dorset, BH15 1TW",,,,,,,creditors-voluntary-liquidation,2017-03-15,2020-02-13
09340264,1ST CARE CUMBRIA LIMITED,ltd,,dissolved,2014-12-04,2018-07-04,86210,False,True,,,,,"C/O Mazars Llp, One St Peters Square, Manchester, M2 3DE, United Kingdom",,C/O Mazars Llp,One St Peters Square,Manchester,,M2 3DE,United Kingdom,1,creditors-voluntary-liquidation,1,wound-up-on,2017-02-01,dissolved-on,2018-07-04,,,,,,,2,Conrad Alexander Pearson,practitioner,2017-02-01,,"Forvis Mazars Llp One St Peters Square, Manchester, M2 3DE",Patrick Alexander Lannagan,practitioner,2017-02-01,,"Forvis Mazars Llp One St Peters Square, Manchester, M2 3DE",,,,,,,creditors-voluntary-liquidation,2017-02-01,2018-07-04
08525796,YORKSHIRE HEALTH PARTNERS LIMITED,ltd,,active,2013-05-13,,86210,False,False,,,,,"Unit 2, Westbridge Court Annie Med Lane, South Cave, Brough, HU15 2HG, England",,"Unit 2, Westbridge Court Annie Med Lane",South Cave,Brough,,HU15 2HG,England,,,,,,,,,,,,,,,,,,,,,,,,,,,,,,,,,
09320474,SW LAMBETH HEALTH CARE LIMITED,ltd,,dissolved,2014-11-20,2019-08-13,86900,False,False,,,,,"18 Vera Avenue, Ramsay House, London, N21 1RA, England",,18 Vera Avenue,Ramsay House,London,,N21 1RA,England,,,,,,,,,,,,,,,,,,,,,,,,,,,,,,,,,
05819620,HORIZON HEALTH CHOICES LIMITED,ltd,,dissolved,2006-05-17,2019-11-20,86900,False,True,,,,,"2 Pacific Court, Atlantic Street, Altrincham, Cheshire, WA14 5BJ",,2 Pacific Court,Atlantic Street,Altrincham,Cheshire,WA14 5BJ,,2,creditors-voluntary-liquidation,2,wound-up-on,2018-01-12,dissolved-on,2019-11-20,,,,,,,2,Kevin Lucas,practitioner,2018-01-12,,"32 Stamford Street, Altrincham, Cheshire, WA14 1EY",Kevin Lucas,practitioner,2018-01-12,,"32 Stamford Street, Altrincham, Cheshire, WA14 1EY",,,,,,,in-administration; creditors-voluntary-liquidation,2016-12-14,2019-11-20
09805927,THE ST WERBURGH MEDICAL PRACTICE LIMITED,ltd,,dissolved,2015-10-02,2018-03-27,86210,False,False,,,,,"98 Bells Lane, Hoo, Rochester, Kent, ME3 9HU, England",,98 Bells Lane,Hoo,Rochester,Kent,ME3 9HU,England,,,,,,,,,,,,,,,,,,,,,,,,,,,,,,,,,
09818525,LEWISHAM PRIMARY CARE PARTNERSHIP LIMITED,ltd,,dissolved,2015-10-09,2019-06-25,86210,False,False,,,,,"Ramsay House, 18 Vera Avenue, London, N21 1RA, England",,Ramsay House,18 Vera Avenue,London,,N21 1RA,England,,,,,,,,,,,,,,,,,,,,,,,,,,,,,,,,,
09310453,ORBIT HEALTHCARE LIMITED,ltd,,dissolved,2014-11-13,2023-02-07,86210,False,False,,,,,"Mazars Llp, One St. Peter's Square, Manchester, M2 3DE, England",,Mazars Llp,One St. Peter's Square,Manchester,,M2 3DE,England,,,,,,,,,,,,,,,,,,,,,,,,,,,,,,,,,
09667230,LIVEWELL HEALTH PRACTICE LIMITED,ltd,,dissolved,2015-07-02,2018-12-04,86210,False,False,,,,,"200 Mount Gould Road, Plymouth, PL4 7PY, England",,200 Mount Gould Road,,Plymouth,,PL4 7PY,England,,,,,,,,,,,,,,,,,,,,,,,,,,,,,,,,,
09374603,NEWCASTLE MEDICAL CENTRE LTD,ltd,,dissolved,2015-01-06,2018-01-30,74909,False,False,,,,,"Newcastle Medical Centre C/O Boots The Chemist, Hotspur Way, Eldon Square, Newcastle Upon Tyne, NE1 7XR",,Newcastle Medical Centre C/O Boots The Chemist,Hotspur Way,Eldon Square,Newcastle Upon Tyne,NE1 7XR,,,,,,,,,,,,,,,,,,,,,,,,,,,,,,,,,,
09684635,LEWISHAM HEALTHCARE LIMITED,ltd,,dissolved,2015-07-14,2018-10-02,86210,False,False,,,,,"18 Vera Avenue, London, N21 1RA, England",,18 Vera Avenue,,London,,N21 1RA,England,,,,,,,,,,,,,,,,,,,,,,,,,,,,,,,,,
09954754,NEWHAM HEALTH COLLABORATIVE CIC,ltd,community-interest-company,active,2016-01-15,,86210,True,False,,,,,"Vicarage Lane Health Centre 10 Vicarage Lane, First Floor, Stratford, United Kingdom, E15 4ES, England",,Vicarage Lane Health Centre 10 Vicarage Lane,First Floor,Stratford,United Kingdom,E15 4ES,England,,,,,,,,,,,,,,,,,,,,,,,,,,,,,,,,,
09071419,CLOVER HEALTH LIMITED,ltd,,dissolved,2014-06-04,2019-11-12,86210,False,False,,,,,"Bay Lodge, 36 Harefield Road, Uxbridge, Middlesex, UB8 1PH, England",,Bay Lodge,36 Harefield Road,Uxbridge,Middlesex,UB8 1PH,England,,,,,,,,,,,,,,,,,,,,,,,,,,,,,,,,,
10259076,DHU 111 (EAST MIDLANDS) CIC,ltd,community-interest-company,dissolved,2016-06-30,2025-09-30,86210,True,False,,,,,"2 Roundhouse Road, Pride Park, Derby, DE24 8JE, England",,2 Roundhouse Road,Pride Park,Derby,,DE24 8JE,England,,,,,,,,,,,,,,,,,,,,,,,,,,,,,,,,,
09749218,LEWISHAM 4 HEALTH LIMITED,ltd,,dissolved,2015-08-26,2018-05-15,86210,False,False,,,,,"Ramsey House, 18 Vera Avenue, London, N21 1RA, England",,Ramsey House,18 Vera Avenue,London,,N21 1RA,England,,,,,,,,,,,,,,,,,,,,,,,,,,,,,,,,,
07584107,LIVEWELL SOUTHWEST CIC,private-limited-guarant-nsc,community-interest-company,active,2011-03-30,,86101,True,False,,,,,"Local Care Centre, 200 Mount Gould Road, Plymouth, Devon, PL4 7PY",,Local Care Centre,200 Mount Gould Road,Plymouth,Devon,PL4 7PY,,,,,,,,,,,,,,,,,,,,,,,,,,,,,,,,,,
09831676,NORTH LEWISHAM HEALTH LIMITED,ltd,,dissolved,2015-10-19,2019-01-08,86210,False,False,,,,,"Ramsay House, 18 Vera Avenue, London, N21 1RA, England",,Ramsay House,18 Vera Avenue,London,,N21 1RA,England,,,,,,,,,,,,,,,,,,,,,,,,,,,,,,,,,
09893373,BHR GP SOLUTIONS LIMITED,ltd,,dissolved,2015-11-30,2022-03-01,86210,False,False,,,,,"39 Wood Lane, Hornchurch, Essex, RM12 5HX, England",,39 Wood Lane,,Hornchurch,Essex,RM12 5HX,England,,,,,,,,,,,,,,,,,,,,,,,,,,,,,,,,,
10366580,GRABADOC HEALTHCARE ALLIANCE LIMITED,ltd,,dissolved,2016-09-08,2022-07-05,86210,False,False,,,,,"394 Shooters Hill Road, London, SE18 4LP",,394 Shooters Hill Road,,London,,SE18 4LP,,,,,,,,,,,,,,,,,,,,,,,,,,,,,,,,,,
09817750,ASHURST HEALTHCARE LIMITED,ltd,,active,2015-10-09,,86210,False,False,,,,,"Richard House, 9 Winckley Square, Preston, Lancashire, PR1 3HP, United Kingdom",,Richard House,9 Winckley Square,Preston,Lancashire,PR1 3HP,United Kingdom,,,,,,,,,,,,,,,,,,,,,,,,,,,,,,,,,
04709142,SAFECARE NETWORK LIMITED,private-limited-guarant-nsc,,active,2003-03-24,,86210,False,False,,,,,"Ashby Clinic, Collum Lane, Ashby, Scunthorpe, Lincolnshire, DN16 2SZ, England",,"Ashby Clinic, Collum Lane",Ashby,Scunthorpe,Lincolnshire,DN16 2SZ,England,,,,,,,,,,,,,,,,,,,,,,,,,,,,,,,,,
OC318155,FULCRUM MEDICAL PRACTICE LLP,llp,,dissolved,2006-03-03,2023-04-11,,False,False,,,,,"Acklam Road, Middlesbrough, Cleveland, TS5 4EQ",,Acklam Road,Middlesbrough,Cleveland,,TS5 4EQ,,,,,,,,,,,,,,,,,,,,,,,,,,,,,,,,,,
03217603,FRENDOC LIMITED,private-limited-guarant-nsc,,dissolved,1996-06-27,2015-05-12,86210,False,False,,,,,"The Orchard Medical Centre Mac Donald Walk, Kingswood, Bristol, BS15 8NJ",,The Orchard Medical Centre Mac Donald Walk,Kingswood,Bristol,,BS15 8NJ,,,,,,,,,,,,,,,,,,,,,,,,,,,,,,,,,,
05241096,CHORLEY MEDICS LIMITED,private-limited-guarant-nsc,,dissolved,2004-09-24,2023-11-09,86210; 86220; 86900,False,True,,,,,"Ground Floor Seneca House Links Point, Amy Johnson Way, Blackpool, Lancashire, FY4 2FF",,Ground Floor Seneca House Links Point,Amy Johnson Way,Blackpool,Lancashire,FY4 2FF,,1,members-voluntary-liquidation,1,wound-up-on,2020-06-09,dissolved-on,2023-11-09,,,,,,,2,Christopher Brindle,practitioner,2020-06-09,,"Ground Floor, Seneca House Links Point, Amy Johnson Way, Blackpool, Lancashire, FY4 2FF",Richard Ian Williamson,practitioner,2020-06-09,,"Seneca House Links Point, Amy Johnson Way, Blackpool, Lancashire, FY4 2FF",,,,,,,members-voluntary-liquidation,2020-06-09,2023-11-09
07369706,TEESSIDE URGENT CARE COMMUNITY INTEREST COMPANY,ltd,community-interest-company,dissolved,2010-09-08,2025-04-29,86210; 86900,True,False,,,,,"Cardinal Square First Floor - West, 10 Nottingham Road, Derby, DE1 3QT, England",,Cardinal Square First Floor - West,10 Nottingham Road,Derby,,DE1 3QT,England,,,,,,,,,,,,,,,,,,,,,,,,,,,,,,,,,
09944247,CROSBY VILLAGE SURGERY LIMITED,ltd,,dissolved,2016-01-11,2019-06-16,86210,False,True,,,,,"Oriel House, 2 - 8 Oriel  Road, Bootle, Merseyside, L20 7EP, England",,Oriel House,2 - 8 Oriel  Road,Bootle,Merseyside,L20 7EP,England,1,creditors-voluntary-liquidation,1,wound-up-on,2018-01-24,dissolved-on,2019-06-16,,,,,,,1,Richard Ian Williamson,practitioner,2018-01-24,,"Seneca House Links Point, Amy Johnson Way, Blackpool, Lancashire, FY4 2FF",,,,,,,,,,,,creditors-voluntary-liquidation,2018-01-24,2019-06-16
09946036,CROSSWAYS PRACTICE LIMITED,ltd,,dissolved,2016-01-12,2019-06-16,86210,False,True,,,,,"Ground Floor Seneca House Links Point, Amy Johnson Way, Blackpool, Lancashire, FY4 2FF",,Ground Floor Seneca House Links Point,Amy Johnson Way,Blackpool,Lancashire,FY4 2FF,,1,creditors-voluntary-liquidation,1,wound-up-on,2018-01-24,dissolved-on,2019-06-16,,,,,,,1,Richard Ian Williamson,practitioner,2018-01-24,,"Seneca House Links Point, Amy Johnson Way, Blackpool, Lancashire, FY4 2FF",,,,,,,,,,,,creditors-voluntary-liquidation,2018-01-24,2019-06-16
09944026,LITHERLAND PRACTICE LIMITED,ltd,,dissolved,2016-01-11,2019-06-16,86210,False,True,,,,,"Ground Floor Seneca House Links Point, Amy Johnson Way, Blackpool, Lancashire, FY4 2FF",,Ground Floor Seneca House Links Point,Amy Johnson Way,Blackpool,Lancashire,FY4 2FF,,1,creditors-voluntary-liquidation,1,wound-up-on,2018-01-24,dissolved-on,2019-06-16,,,,,,,1,Richard Ian Williamson,practitioner,2018-01-24,,"Seneca House Links Point, Amy Johnson Way, Blackpool, Lancashire, FY4 2FF",,,,,,,,,,,,creditors-voluntary-liquidation,2018-01-24,2019-06-16
09943988,MAGHULL (PARKHAVEN) SURGERY LIMITED,ltd,,dissolved,2016-01-11,2019-06-16,86210,False,True,,,,,"Seneca House Links Point, Amy Johnson Way, Blackpool, Lancashire, FY4 2FF",,Seneca House Links Point,Amy Johnson Way,Blackpool,Lancashire,FY4 2FF,,1,creditors-voluntary-liquidation,1,wound-up-on,2018-01-24,dissolved-on,2019-06-16,,,,,,,1,Richard Ian Williamson,practitioner,2018-01-24,,"Seneca House Links Point, Amy Johnson Way, Blackpool, Lancashire, FY4 2FF",,,,,,,,,,,,creditors-voluntary-liquidation,2018-01-24,2019-06-16
09944040,SEAFORTH VILLAGE SURGERY LIMITED,ltd,,dissolved,2016-01-11,2019-06-20,86210,False,True,,,,,"Oriel House, 2 - 8 Oriel Road, Bootle, Merseyside, L20 7EP, England",,Oriel House,2 - 8 Oriel Road,Bootle,Merseyside,L20 7EP,England,1,creditors-voluntary-liquidation,1,wound-up-on,2018-01-24,dissolved-on,2019-06-20,,,,,,,1,Richard Ian Williamson,practitioner,2018-01-24,,"Seneca House Links Point, Amy Johnson Way, Blackpool, Lancashire, FY4 2FF",,,,,,,,,,,,creditors-voluntary-liquidation,2018-01-24,2019-06-20
IP29848R,BANES ENHANCED MEDICAL SERVICES + LIMITED,registered-society-non-jurisdictional,,active,,,,False,False,,,,,,,,,,,,,,,,,,,,,,,,,,,,,,,,,,,,,,,,,,,,,
09114250,GP HEALTH PARTNERS LTD,ltd,,active,2014-07-03,,86210,False,False,,,,,"Lake House 2 Port Way, Port Solent, Portsmouth, Hampshire, PO6 4TY, United Kingdom",,Lake House 2 Port Way,Port Solent,Portsmouth,Hampshire,PO6 4TY,United Kingdom,,,,,,,,,,,,,,,,,,,,,,,,,,,,,,,,,
04629786,NORTH STAFFORDSHIRE URGENT CARE LIMITED,ltd,,dissolved,2003-01-07,2015-06-12,86210,False,True,,,,,"570-572 Etruria Road, Newcastle, Staffordshire, ST5 0SU",,570-572 Etruria Road,,Newcastle,Staffordshire,ST5 0SU,,1,members-voluntary-liquidation,1,dissolved-on,2015-06-12,wound-up-on,2014-07-16,,,,,,,1,Philip Barrington Wood,practitioner,2014-07-16,,"570-572 Etruria Road, Newcastle, Staffordshire, ST5 0SU",,,,,,,,,,,,members-voluntary-liquidation,2014-07-16,2015-06-12
09359489,MILLENNIUM HEALTH LTD,ltd,,active,2014-12-17,,86210,False,False,,,,,"244 Beaumont Lodge Medical Practice, Astill Lodge Road, Leicester, LE4 1EF, England",,244 Beaumont Lodge Medical Practice,Astill Lodge Road,Leicester,,LE4 1EF,England,,,,,,,,,,,,,,,,,,,,,,,,,,,,,,,,,
03456693,BARDOC LIMITED,converted-or-closed,,converted-closed,1997-10-28,2012-02-08,82990,False,False,,,,,"D T E House, Hollins Mount, Bury, Lancashire, BL9 8AT",,D T E House,Hollins Mount,Bury,Lancashire,BL9 8AT,,,,,,,,,,,,,,,,,,,,,,,,,,,,,,,,,,
07568015,HCRG CARE COMMUNITY SERVICES LTD,ltd,,active,2011-03-17,,86210,False,False,,,,,"The Heath Business And Technical Park, Runcorn, Cheshire, WA7 4QX, United Kingdom",,The Heath Business And Technical Park,,Runcorn,Cheshire,WA7 4QX,United Kingdom,,,,,,,,,,,,,,,,,,,,,,,,,,,,,,,,,
09160780,HAVERING HEALTH LTD,ltd,,active,2014-08-05,,86210,False,False,,,,,"170 Rush Green Rd, Rush Green, Essex, RM7 0JU, United Kingdom",,170 Rush Green Rd,,Rush Green,Essex,RM7 0JU,United Kingdom,,,,,,,,,,,,,,,,,,,,,,,,,,,,,,,,,
OC418625,THE COTSWOLD DOCTORS LLP,llp,,dissolved,2017-08-16,2020-10-06,,False,False,,,,,"Bownham House, Rodborough Common, Stroud, GL5 5BU, England",,Bownham House,Rodborough Common,Stroud,,GL5 5BU,England,,,,,,,,,,,,,,,,,,,,,,,,,,,,,,,,,
09876402,BARNET FEDERATED GPS C.I.C.,ltd,community-interest-company,active,2015-11-17,,86210,True,False,,,,,"311 Ballards Lane Finchley, London, N12 8LY, England",,311 Ballards Lane Finchley,,London,,N12 8LY,England,,,,,,,,,,,,,,,,,,,,,,,,,,,,,,,,,
09611033,MERTON HEALTH CIC,ltd,community-interest-company,active,2015-05-27,,86210,True,False,,,,,"Merton Civic Centre, London Road, Morden, SM4 5DX, England",,Merton Civic Centre,London Road,Morden,,SM4 5DX,England,,,,,,,,,,,,,,,,,,,,,,,,,,,,,,,,,
09185791,MEDI ACCESS LTD,ltd,,active,2014-08-21,,86210,False,False,,,,,"71-75 Shelton Street Shelton Street, Covent Garden, London, WC2H 9JQ, England",,71-75 Shelton Street Shelton Street,Covent Garden,London,,WC2H 9JQ,England,,,,,,,,,,,,,,,,,,,,,,,,,,,,,,,,,
06634284,WIDNES HIGHFIELD HEALTH LTD,ltd,,active,2008-07-01,,86210,False,False,,,,,"Highfield Hospital, Highfield Road, Widnes, WA8 7DJ, England",,Highfield Hospital,Highfield Road,Widnes,,WA8 7DJ,England,,,,,,,,,,,,,,,,,,,,,,,,,,,,,,,,,
07669163,PRACTICE PLUS GROUP LIMITED,ltd,,dissolved,2011-06-14,2022-07-12,86900,False,False,,,,,"Hawker House 5-6 Napier Court, Napier Road, Reading, RG1 8BW, England",,Hawker House 5-6 Napier Court,Napier Road,Reading,,RG1 8BW,England,,,,,,,,,,,,,,,,,,,,,,,,,,,,,,,,,
07148599,WEST LANCASHIRE HEALTH PARTNERSHIP (2009) COMMUNITY INTEREST COMPANY,ltd,community-interest-company,dissolved,2010-02-05,2017-06-27,86101; 86210,True,False,,,,,"Finance Department Southport & Formby Hospital, Town Lane, Merseyside, PR8 6PN",,Finance Department Southport & Formby Hospital,Town Lane,Merseyside,,PR8 6PN,,,,,,,,,,,,,,,,,,,,,,,,,,,,,,,,,,
08049984,BLUE LANE CARE SERVICES LIMITED,ltd,,dissolved,2012-04-30,2020-02-04,86210,False,False,,,,,"Marston House 5 Elmdon Lane, Marston Green, Solihull, West Midlands, B37 7DL",,Marston House 5 Elmdon Lane,Marston Green,Solihull,West Midlands,B37 7DL,,,,,,,,,,,,,,,,,,,,,,,,,,,,,,,,,,
05484688,GP SERVICES (STAFFORDSHIRE) LIMITED,ltd,,dissolved,2005-06-20,2015-05-24,86900,False,True,,,,,"570-572 Etruria Road, Newcastle, Staffordshire, ST5 0SU",,570-572 Etruria Road,,Newcastle,Staffordshire,ST5 0SU,,1,members-voluntary-liquidation,1,dissolved-on,2015-05-24,wound-up-on,2014-07-16,,,,,,,1,Philip Barrington Wood,practitioner,2014-07-16,,"570-572 Etruria Road, Newcastle, Staffordshire, ST5 0SU",,,,,,,,,,,,members-voluntary-liquidation,2014-07-16,2015-05-24
06389281,PATIENT FIRST SOCIAL ENTERPRISE LIMITED,ltd,,active,2007-10-03,,86210,False,False,,,,,"114-116 Goodmayes Road, Ilford, IG3 9UZ",,114-116 Goodmayes Road,Ilford,,,IG3 9UZ,,,,,,,,,,,,,,,,,,,,,,,,,,,,,,,,,,
09307301,EASTLEIGH SOUTHERN PARISHES NETWORK LIMITED,ltd,,active,2014-11-12,,86210; 86900,False,False,,,,,"Lowford Primary Care Centre The Lowford Community Centre, Bursledon, Southampton, Hampshire, SO31 8ES, United Kingdom",,Lowford Primary Care Centre The Lowford Community Centre,Bursledon,Southampton,Hampshire,SO31 8ES,United Kingdom,,,,,,,,,,,,,,,,,,,,,,,,,,,,,,,,,
10771707,"THE CONFEDERATION, HILLINGDON CIC",ltd,community-interest-company,active,2017-05-15,,86210,True,False,,,,,"Pembroke Centre, 90 Pembroke Road, Ruislip, HA4 8NX, England",,Pembroke Centre,90 Pembroke Road,Ruislip,,HA4 8NX,England,,,,,,,,,,,,,,,,,,,,,,,,,,,,,,,,,
07314335,JALIA HEALTHCARE LTD,ltd,,dissolved,2010-07-14,2019-08-13,86210,False,False,,,,,"Corner Cottage Churchtown, St Cleer, Liskeard, Cornwall, PL14 5DJ",,Corner Cottage Churchtown,St Cleer,Liskeard,Cornwall,PL14 5DJ,,,,,,,,,,,,,,,,,,,,,,,,,,,,,,,,,,
06646275,CHELTENHAM PRIMARY CARE SERVICES LIMITED,ltd,,dissolved,2008-07-15,2017-05-23,86210,False,False,,,,,"St Catherine's Surgery St Paul's Medical Centre, 121 Swindon Road, Cheltenham, Gloucestershire, GL50 4DP",,St Catherine's Surgery St Paul's Medical Centre,121 Swindon Road,Cheltenham,Gloucestershire,GL50 4DP,,,,,,,,,,,,,,,,,,,,,,,,,,,,,,,,,,
05809977,424 MEDICAL LIMITED,ltd,,dissolved,2006-05-09,2021-07-13,86210,False,False,,,,,"513 London Road, Cheam, Surrey, SM3 8JR",,513 London Road,Cheam,Surrey,,SM3 8JR,,,,,,,,,,,,,,,,,,,,,,,,,,,,,,,,,,
06778299,TYNESIDE PRIMARY CARE COMMUNITY INTEREST COMPANY,ltd,community-interest-company,dissolved,2008-12-22,2025-04-29,86210,True,False,,,,,"Cardinal Square First Floor - West, 10 Nottingham Road, Derby, DE1 3QT, England",,Cardinal Square First Floor - West,10 Nottingham Road,Derby,,DE1 3QT,England,,,,,,,,,,,,,,,,,,,,,,,,,,,,,,,,,
06769394,PRIMARY CARE NORTH EAST COMMUNITY INTEREST COMPANY,ltd,community-interest-company,active,2008-12-09,,86210,True,False,,,,,"Cardinal Square First Floor - West, 10 Nottingham Road, Derby, DE1 3QT, England",,Cardinal Square First Floor - West,10 Nottingham Road,Derby,,DE1 3QT,England,,,,,,,,,,,,,,,,,,,,,,,,,,,,,,,,,
07005529,THAMES HEALTH COLLABORATIVE COMMUNITY INTEREST COMPANY,ltd,community-interest-company,dissolved,2009-09-01,2017-11-14,82990,True,False,,,,,"Tudor House, 26 Upper Teddington Road, Hampton Wick, Surrey, KT1 4DY",,Tudor House,26 Upper Teddington Road,Hampton Wick,Surrey,KT1 4DY,,,,,,,,,,,,,,,,,,,,,,,,,,,,,,,,,,
06644362,ESS PRIMARY CARE SOLUTIONS LIMITED,ltd,,dissolved,2008-07-11,2025-11-29,86210,False,True,,,,,"Cmb Partners Uk Ltd, 49 Tabernacle Street, London, EC2A 4AA",,Cmb Partners Uk Ltd,49 Tabernacle Street,London,,EC2A 4AA,,1,members-voluntary-liquidation,1,due-to-be-dissolved-on,2025-11-29,wound-up-on,2024-09-11,,,,,,,2,Adam Price,practitioner,2024-09-11,,"Craftwork Studios 1-3 Dufferin Street, London, EC1Y 8NA",Lane Gary Bednash,practitioner,2024-09-11,,"Craftwork Studios  1-3 Dufferin Street, London, EC1Y 8NA",,,,,,,members-voluntary-liquidation,2024-09-11,2025-11-29
06606995,GREENBROOK HEALTHCARE (SURREY) LIMITED,ltd,,dissolved,2008-05-30,2025-04-29,86210,False,False,,,,,"Cardinal Square First Floor - West, 10 Nottingham Road, Derby, DE1 3QT, England",,Cardinal Square First Floor - West,10 Nottingham Road,Derby,,DE1 3QT,England,,,,,,,,,,,,,,,,,,,,,,,,,,,,,,,,,
07034867,PARTNERS4HEALTH LTD,ltd,,dissolved,2009-09-30,2024-05-25,86210,False,True,,,,,"C/O CURRIE YOUNG LIMITED, 10 King Street, Newcastle Under Lyme, ST5 1EL",,C/O CURRIE YOUNG LIMITED,10 King Street,Newcastle Under Lyme,,ST5 1EL,,1,members-voluntary-liquidation,1,wound-up-on,2019-10-28,dissolved-on,2024-05-25,,,,,,,1,Steven John Currie,practitioner,2019-10-28,,"Currie Young Limited Alexander House Waters Edge Business Park, Campbell Road, Stoke On Trent, Staffordshire, ST4 4DB",,,,,,,,,,,,members-voluntary-liquidation,2019-10-28,2024-05-25
11061404,SPORTS PERFORMANCE RECOVERY LTD,ltd,,dissolved,2017-11-13,2021-01-26,74909; 86900,False,False,,,,,"1 Manor Farm Barns School Lane, Little Melton, Norwich, Norfolk, NR9 3AE, England",,1 Manor Farm Barns School Lane,Little Melton,Norwich,Norfolk,NR9 3AE,England,,,,,,,,,,,,,,,,,,,,,,,,,,,,,,,,,
06734314,LOUGHTON COMMUNITY HEALTH LIMITED,ltd,,dissolved,2008-10-27,2018-07-05,86210,False,True,,,,,"Larking Gowen King Street House, 15 Upper King Street, Norwich, Norfolk, NR3 1RB",,Larking Gowen King Street House,15 Upper King Street,Norwich,Norfolk,NR3 1RB,,1,members-voluntary-liquidation,1,wound-up-on,2016-04-05,dissolved-on,2018-07-05,,,,,,,2,Andrew Anderson Kelsall,practitioner,2016-04-05,,"King Street House, 15 Upper King Street, Norwich, Norfolk, NR3 1RB",Lee Anthony Green,practitioner,2016-04-05,,"King Street House, 15 Upper King Street, Norwich, NR3 1RB",,,,,,,members-voluntary-liquidation,2016-04-05,2018-07-05
07641865,HEALTH INCLUSION MATTERS C.I.C.,ltd,community-interest-company,dissolved,2011-05-20,2021-01-12,86900,True,False,,,,,"80 St. Albans Road, Watford, WD17 1RP, England",,80 St. Albans Road,,Watford,,WD17 1RP,England,,,,,,,,,,,,,,,,,,,,,,,,,,,,,,,,,
OC364849,PRIDERM LLP,llp,,active,2011-05-23,,,False,False,,,,,"C/O Forvis Mazars Llp, One St. Peter's Square, Manchester, M2 3DE, United Kingdom",,C/O Forvis Mazars Llp,One St. Peter's Square,Manchester,,M2 3DE,United Kingdom,,,,,,,,,,,,,,,,,,,,,,,,,,,,,,,,,
06745177,EVOLUTION HEALTH UK LIMITED,ltd,,dissolved,2008-11-10,2017-08-17,86210,False,True,,,,,"81 Bellegrove Road, Welling, Kent, DA16 3PG",,81 Bellegrove Road,,Welling,Kent,DA16 3PG,,1,members-voluntary-liquidation,1,wound-up-on,2015-12-04,dissolved-on,2017-08-17,,,,,,,2,Susan Agnes Maund,practitioner,2015-12-04,,"White Maund Llp, 44-46 Old Steine, Brighton, East Sussex, BN1 1NH",Christopher James Latos,practitioner,2015-12-04,,"White Maund 44-46 Old Steine, Brighton, BN1 1NH",,,,,,,members-voluntary-liquidation,2015-12-04,2017-08-17
06600567,SENTINEL HEALTHCARE SOUTH WEST CIC,ltd,community-interest-company,active,2008-05-22,,86210,True,False,,,,,"Plymouth Science Park Unit 1, 5 Research Way, Plymouth, Devon, PL6 8BT, United Kingdom",,Plymouth Science Park Unit 1,5 Research Way,Plymouth,Devon,PL6 8BT,United Kingdom,,,,,,,,,,,,,,,,,,,,,,,,,,,,,,,,,
06906322,MODALITY INVESTMENTS LIMITED,ltd,,dissolved,2009-05-14,2023-06-28,96090,False,True,,,,,"79 Caroline Street, Birmingham, B3 1UP",,79 Caroline Street,,Birmingham,,B3 1UP,,1,members-voluntary-liquidation,1,due-to-be-dissolved-on,2023-06-28,wound-up-on,2021-11-09,,,,,,,1,Richard Paul James Goodwin,practitioner,2021-11-09,,"79 Caroline Street, Birmingham, B3 1UP",,,,,,,,,,,,members-voluntary-liquidation,2021-11-09,2023-06-28
06333213,LINCOLNSHIRE AND DISTRICT MEDICAL SERVICES LIMITED,ltd,,active,2007-08-03,,86210,False,False,,,,,"Office 7 Fairfield Enterprise Centre, Fairfield Industrial Estate, Louth, Lincolnshire, LN11 0LS",,Office 7 Fairfield Enterprise Centre,Fairfield Industrial Estate,Louth,Lincolnshire,LN11 0LS,,,,,,,,,,,,,,,,,,,,,,,,,,,,,,,,,,
06866062,HALLCROSS MEDICAL SERVICES LIMITED,ltd,,dissolved,2009-04-01,2026-03-03,86210,False,False,,,,,"Altum House, Heavens Walk, Doncaster, DN4 5HZ, England",,Altum House,Heavens Walk,Doncaster,,DN4 5HZ,England,,,,,,,,,,,,,,,,,,,,,,,,,,,,,,,,,
07002460,WESTDALE HEALTHCARE LIMITED,ltd,,dissolved,2009-08-27,2016-01-28,86210,False,True,,,,,"Ground Floor Seneca House Links Point, Amy Johnson Way, Blackpool, Lancashire, FY4 2FF",,Ground Floor Seneca House Links Point,Amy Johnson Way,Blackpool,Lancashire,FY4 2FF,,1,members-voluntary-liquidation,1,wound-up-on,2015-01-23,dissolved-on,2016-01-28,,,,,,,1,Richard Ian Williamson,practitioner,2015-01-23,,"Seneca House Links Point, Amy Johnson Way, Blackpool, Lancashire, FY4 2FF",,,,,,,,,,,,members-voluntary-liquidation,2015-01-23,2016-01-28
06432746,HEALTH 4 CRAWLEY LIMITED,ltd,,dissolved,2007-11-21,2017-04-04,86210,False,False,,,,,"Crawley Health Centre Cross Keys House, 14 Haslett Avenue West, Crawley, West Sussex, RH10 1HS",,Crawley Health Centre Cross Keys House,14 Haslett Avenue West,Crawley,West Sussex,RH10 1HS,,,,,,,,,,,,,,,,,,,,,,,,,,,,,,,,,,
05778052,FAREHAM AREA CLINICAL ENTERPRISE LIMITED,ltd,,dissolved,2006-04-11,2022-08-23,86220; 86900,False,True,,,,,"Highfield Court, Tollgate, Chandlers Ford, Eastleigh, SO53 3TY",,Highfield Court,Tollgate,Chandlers Ford,Eastleigh,SO53 3TY,,1,members-voluntary-liquidation,1,wound-up-on,2020-04-14,dissolved-on,2022-08-23,,,,,,,3,Richard Patrick Brewer,practitioner,2020-04-14,,"Highfield Court Tollgate, Chandler'S Ford, Eastleigh, Hampshire, SO53 3TY",Alexander Kinninmonth,practitioner,2020-04-14,2021-06-03,"Highfield Court Tollgate, Chandlers Ford, Eastleigh, Hampshire, SO53 3TY",Terence Guy Jackson,practitioner,2021-06-03,,"Third Floor One London Square, Cross Lanes, Guildford, Surrey, GU1 1UN",,members-voluntary-liquidation,2020-04-14,2022-08-23
05711450,QUAY MEDICAL CARE LIMITED,ltd,,active,2006-02-15,,86210,False,False,,,,,"306 Blandford Road, Hamworthy, Poole, BH15 4JQ",,306 Blandford Road,Hamworthy,Poole,,BH15 4JQ,,,,,,,,,,,,,,,,,,,,,,,,,,,,,,,,,,
07299245,LAWRENCE HILL HOMELESS HEALTHCARE LIMITED,ltd,,dissolved,2010-06-29,2017-12-12,86220,False,False,,,,,"17-18 Leach Road Chard Business Park, Chard, Somerset, TA20 1FA",,17-18 Leach Road Chard Business Park,,Chard,Somerset,TA20 1FA,,,,,,,,,,,,,,,,,,,,,,,,,,,,,,,,,,
07873903,BRADLEY JONES SURGERIES LTD,ltd,,dissolved,2011-12-07,2021-11-16,86210,False,False,,,,,"16 Glenair Road Glenair Road, Poole, BH14 8AA, England",,16 Glenair Road Glenair Road,,Poole,,BH14 8AA,England,,,,,,,,,,,,,,,,,,,,,,,,,,,,,,,,,
06828721,ECHO ACCESS LIMITED,ltd,,dissolved,2009-02-24,2016-12-22,86210,False,True,,,,,"Maclaren House, Skerne Road, Driffield, North Humberside, YO25 6PN, England",,Maclaren House,Skerne Road,Driffield,North Humberside,YO25 6PN,England,1,members-voluntary-liquidation,1,wound-up-on,2015-12-02,dissolved-on,2016-12-22,,,,,,,2,Andrew James Nichols,practitioner,2015-12-02,,"Maclaren House Skerne Road, Driffield, East Yorkshire, YO25 6PN",John William Butler,practitioner,2015-12-02,,"Maclaren House Skerne Road, Driffield, East Yorkshire, YO15 6PN",,,,,,,members-voluntary-liquidation,2015-12-02,2016-12-22
OC325409,VICTORIA GENERAL PRACTICES LLP,llp,,dissolved,2007-01-18,2018-11-13,,False,False,,,,,"Westminster Health Centre, 15 Denbigh Street, London, SW1V 2HF",,Westminster Health Centre,15 Denbigh Street,London,,SW1V 2HF,,,,,,,,,,,,,,,,,,,,,,,,,,,,,,,,,,
07880939,LEEGOMERY SURGERY LTD,ltd,,dissolved,2011-12-14,2019-04-02,86210,False,False,,,,,"Leegomery Surgery 27 Lawton Farm Way, Leegomery, Telford, Shropshire, TF1 6PP",,Leegomery Surgery 27 Lawton Farm Way,Leegomery,Telford,Shropshire,TF1 6PP,,,,,,,,,,,,,,,,,,,,,,,,,,,,,,,,,,
06784602,TOTTENHAM PRIMARY CARE SERVICES LIMITED,ltd,,dissolved,2009-01-07,2015-06-09,86210,False,False,,,,,"Ramsay House 18 Vera Avenue, Grange Park, London, N21 1RA, United Kingdom",,Ramsay House 18 Vera Avenue,Grange Park,London,,N21 1RA,United Kingdom,,,,,,,,,,,,,,,,,,,,,,,,,,,,,,,,,
RS007435,PRIMARY CARE WIRRAL LIMITED,registered-society-non-jurisdictional,,converted-closed,,,,False,False,,,,,,,,,,,,,,,,,,,,,,,,,,,,,,,,,,,,,,,,,,,,,
07463415,INTERGRATED HEALTH CIC,ltd,community-interest-company,dissolved,2010-12-08,2018-05-15,86210,True,False,,,,,"101a Crow Green Road, Pilgrims Hatch, Brentwood, Essex, CM15 9RP",,101a Crow Green Road,Pilgrims Hatch,Brentwood,Essex,CM15 9RP,,,,,,,,,,,,,,,,,,,,,,,,,,,,,,,,,,
04103810,MCLAREN PERRY LIMITED,ltd,,liquidation,2000-11-08,,70229,False,True,,,,,"Recovery House, Hainault Business Park, 15-17 Roebuck Road, Ilford, Essex, IG6 3TU",,"Recovery House, Hainault Business Park",15-17 Roebuck Road,Ilford,Essex,IG6 3TU,,1,members-voluntary-liquidation,1,wound-up-on,2021-09-03,declaration-solvent-on,2021-09-02,,,,,,,1,Alan John Clark,practitioner,2021-09-03,,"Carter Clark Recovery House, 15-17 Roebuck Road, Hainault Business Park, Ilford, Essex, IG6 3TU",,,,,,,,,,,,members-voluntary-liquidation,2021-09-02,2021-09-03
07789175,PATIENT CARE LOCALLY COMMUNITY INTEREST COMPANY,ltd,community-interest-company,active,2011-09-27,,86210,True,False,,,,,"Offices 2 & 3 Coalville Business Centre, Goliath Way, Coalville, Leicestershire, LE67 3FT, England",,Offices 2 & 3 Coalville Business Centre,Goliath Way,Coalville,Leicestershire,LE67 3FT,England,,,,,,,,,,,,,,,,,,,,,,,,,,,,,,,,,
07456185,FAREHAM & GOSPORT PRIMARY CARE ALLIANCE LIMITED,ltd,,dissolved,2010-12-01,2020-03-10,86220,False,False,,,,,"35 Pure Offices One Port Way, Port Solent, Portsmouth, Hampshire, PO6 4TY, England",,35 Pure Offices One Port Way,Port Solent,Portsmouth,Hampshire,PO6 4TY,England,,,,,,,,,,,,,,,,,,,,,,,,,,,,,,,,,
11705491,PRACTIO UK LTD,ltd,,dissolved,2018-11-30,2023-06-06,62012,False,False,,,,,"3rd Floor 12 Gough Square, London, EC4A 3DW, England",,3rd Floor 12 Gough Square,,London,,EC4A 3DW,England,,,,,,,,,,,,,,,,,,,,,,,,,,,,,,,,,
07671292,JDOC MEDICAL LIMITED,ltd,,active,2011-06-15,,86210,False,False,,,,,"296 Golders Green Road, London, NW11 9PY, England",,296 Golders Green Road,,London,,NW11 9PY,England,,,,,,,,,,,,,,,,,,,,,,,,,,,,,,,,,
08383923,RIVER AESTHETICS LIMITED,ltd,,active,2013-01-31,,96020,False,False,,,,,"98 Harley Street, London, W1G 7HZ, England",,98 Harley Street,,London,,W1G 7HZ,England,,,,,,,,,,,,,,,,,,,,,,,,,,,,,,,,,
08794088,PROCARE HEALTH LIMITED,ltd,,active,2013-11-28,,86210,False,False,,,,,"Lake House 2 Port Way, Port Solent, Portsmouth, Hampshire, PO6 4TY, United Kingdom",,Lake House 2 Port Way,Port Solent,Portsmouth,Hampshire,PO6 4TY,United Kingdom,,,,,,,,,,,,,,,,,,,,,,,,,,,,,,,,,
10876475,THE HARVEYRHYS CLINIC LIMITED,ltd,,active,2017-07-20,,86210,False,False,,,,,"Suite 1, Walnut Tree Business Centre, Northwich Road, Stretton, Warrington, WA4 4PG, United Kingdom",,"Suite 1, Walnut Tree Business Centre","Northwich Road, Stretton",Warrington,,WA4 4PG,United Kingdom,,,,,,,,,,,,,,,,,,,,,,,,,,,,,,,,,
08455647,CUMBRIA MEDICAL SERVICES LIMITED,ltd,,active,2013-03-21,,86210,False,False,,,,,"Oxford Chambers, New Oxford Street, Workington, Cumbria, CA14 2LR",,Oxford Chambers,New Oxford Street,Workington,Cumbria,CA14 2LR,,,,,,,,,,,,,,,,,,,,,,,,,,,,,,,,,,
12196863,OURNET HEALTH SERVICES LTD,ltd,,active,2019-09-09,,86210,False,False,,,,,"The Old Stables Elmore Court, Elmore Green Road, Walsall, West Midlands, WS3 2QW, England",,The Old Stables Elmore Court,Elmore Green Road,Walsall,West Midlands,WS3 2QW,England,,,,,,,,,,,,,,,,,,,,,,,,,,,,,,,,,
OC340927,THE LONDON GENERAL PRACTICE LLP,llp,,dissolved,2008-10-21,2017-05-09,,False,False,,,,,"16 Devonshire Street, London, W1G 7AF, England",,16 Devonshire Street,,London,,W1G 7AF,England,,,,,,,,,,,,,,,,,,,,,,,,,,,,,,,,,
12293812,A&R PRIORITY HEALTHCARE LTD,ltd,,active,2019-11-01,,86101; 86102; 86210; 86220,False,False,,,,,"Ashwells Associates Ltd, 54a, Church Road, Ashford, Middlesex, TW15 2TS, United Kingdom",,"Ashwells Associates Ltd, 54a",Church Road,Ashford,Middlesex,TW15 2TS,United Kingdom,,,,,,,,,,,,,,,,,,,,,,,,,,,,,,,,,
06798822,BERNAYS & WHITEHOUSE LIMITED,ltd,,liquidation,2009-01-22,,86210,False,True,,,,,"Darwin House, 7 Kidderminster Road, Bromsgrove, Worcestershire, B61 7JJ",,Darwin House,7 Kidderminster Road,Bromsgrove,Worcestershire,B61 7JJ,,1,members-voluntary-liquidation,1,wound-up-on,2026-03-05,declaration-solvent-on,2026-02-25,,,,,,,1,Timothy James Heaselgrave,practitioner,2026-03-05,,"Darwin House  7 Kidderminster Road, Bromsgrove, Worcestershire, B61 7JJ",,,,,,,,,,,,members-voluntary-liquidation,2026-02-25,2026-03-05
10788155,CAMDEN HEALTH EVOLUTION LTD,ltd,,active,2017-05-24,,86210,False,False,,,,,"Ramsay Brown Llp The Brentano Suite, Solar House, 915 High Road, North Finchley, London, N12 8QJ, United Kingdom",,Ramsay Brown Llp The Brentano Suite,"Solar House, 915 High Road",North Finchley,London,N12 8QJ,United Kingdom,,,,,,,,,,,,,,,,,,,,,,,,,,,,,,,,,
12582861,AVANTE HEALTH LTD,ltd,,dissolved,2020-05-01,2022-11-01,86210,False,False,,,,,"131 Shaggy Calf Lane, Slough, SL2 5HR, England",,131 Shaggy Calf Lane,,Slough,,SL2 5HR,England,,,,,,,,,,,,,,,,,,,,,,,,,,,,,,,,,
