"","gp_code","imd25"
"1","A81001",33.519
"2","A81002",31.289
"3","A81004",24.556
"4","A81005",16.448
"5","A81006",34.168
"6","A81007",39.266
"7","A81009",37.658
"8","A81011",39.264
"9","A81012",52.819
"10","A81013",33.112
"11","A81014",24.605
"12","A81016",48.445
"13","A81017",18.095
"14","A81018",30.83
"15","A81019",52.403
"16","A81020",34.039
"17","A81021",37.744
"18","A81022",30.908
"19","A81023",49.491
"20","A81025",35.479
"21","A81026",45.894
"22","A81027",9.338
"23","A81029",51.902
"24","A81030",27.62
"25","A81031",41.823
"26","A81032",19.97
"27","A81034",19.839
"28","A81035",45.836
"29","A81036",28.162
"30","A81037",48.365
"31","A81038",48.015
"32","A81039",9.704
"33","A81040",24.82
"34","A81041",36.937
"35","A81042",45.96
"36","A81044",38.436
"37","A81045",32.092
"38","A81046",31.481
"39","A81048",16.789
"40","A81049",49.632
"41","A81051",30.957
"42","A81052",27.355
"43","A81053",38.762
"44","A81054",29.987
"45","A81056",25.007
"46","A81057",27.31
"47","A81058",28.117
"48","A81060",36.759
"49","A81063",40.061
"50","A81064",50.017
"51","A81065",49.487
"52","A81066",17.563
"53","A81067",39.069
"54","A81070",33.149
"55","A81602",22.051
"56","A81608",44.955
"57","A81610",24.232
"58","A81611",26.45
"59","A81612",24.26
"60","A81618",20.66
"61","A81621",65.449
"62","A81622",45.484
"63","A81629",41.238
"64","A81631",37.629
"65","A82003",13.747
"66","A82004",23.341
"67","A82005",15.256
"68","A82006",18.93
"69","A82007",31.035
"70","A82008",28.468
"71","A82009",28.118
"72","A82010",22.003
"73","A82012",16.183
"74","A82013",20.792
"75","A82014",18.072
"76","A82015",28.022
"77","A82016",22.718
"78","A82018",23.763
"79","A82020",24.47
"80","A82021",13.264
"81","A82022",13.593
"82","A82023",22.054
"83","A82024",17.53
"84","A82025",13.28
"85","A82026",11.243
"86","A82027",12.206
"87","A82028",13.52
"88","A82029",17.633
"89","A82030",11.228
"90","A82031",19.593
"91","A82032",33.413
"92","A82033",26.009
"93","A82035",14.643
"94","A82036",14.519
"95","A82037",25.096
"96","A82038",16.77
"97","A82039",17.857
"98","A82041",26.695
"99","A82044",27.119
"100","A82045",22.173
"101","A82046",12.641
"102","A82047",31.602
"103","A82053",11.687
"104","A82055",25.197
"105","A82062",33.236
"106","A82064",24.227
"107","A82068",14.6
"108","A82070",12.285
"109","A82071",23.754
"110","A82072",31.266
"111","A82075",27.926
"112","A82608",13.526
"113","A82613",16.769
"114","A82617",15.277
"115","A82620",16.431
"116","A82629",33.069
"117","A82631",14.703
"118","A82646",31.196
"119","A82647",12.787
"120","A82650",15.992
"121","A82651",16.85
"122","A82654",24.934
"123","A83001",25.341
"124","A83003",36.135
"125","A83005",24.971
"126","A83006",26.155
"127","A83007",40.828
"128","A83008",45.455
"129","A83009",21.995
"130","A83010",22.253
"131","A83011",10.293
"132","A83012",40.149
"133","A83013",34.623
"134","A83014",21.479
"135","A83015",34.998
"136","A83016",36.52
"137","A83018",25.15
"138","A83020",31.292
"139","A83021",35.641
"140","A83022",27.994
"141","A83023",37.669
"142","A83024",27.071
"143","A83025",38.81
"144","A83026",26.01
"145","A83027",20.97
"146","A83028",21.642
"147","A83029",18.858
"148","A83030",21.477
"149","A83031",15.315
"150","A83032",29.943
"151","A83033",25.952
"152","A83034",28.261
"153","A83035",23.026
"154","A83036",8.812
"155","A83037",28.189
"156","A83038",19.23
"157","A83040",33.663
"158","A83041",35.619
"159","A83043",23.236
"160","A83044",43.883
"161","A83045",42.69
"162","A83046",17.14
"163","A83047",31.337
"164","A83048",13.443
"165","A83049",22.522
"166","A83050",20.759
"167","A83051",31.725
"168","A83052",26.661
"169","A83054",21.247
"170","A83055",13.84
"171","A83057",39.84
"172","A83060",28.117
"173","A83061",16.904
"174","A83066",34.694
"175","A83070",15.726
"176","A83071",30.81
"177","A83072",17.451
"178","A83073",38.262
"179","A83074",33.51
"180","A83075",33.088
"181","A83610",34.943
"182","A83616",39.983
"183","A83617",24.982
"184","A83618",27.268
"185","A83619",40.04
"186","A83622",32.45
"187","A83626",39.182
"188","A83627",34.937
"189","A83634",43.247
"190","A83635",22.583
"191","A83636",29.307
"192","A83637",33.976
"193","A83641",38.172
"194","A83644",38.691
"195","A84002",16.059
"196","A84005",23.014
"197","A84006",16.23
"198","A84007",8.105
"199","A84008",20.812
"200","A84009",34.281
"201","A84011",8.228
"202","A84013",31.499
"203","A84014",32.244
"204","A84016",14.933
"205","A84018",11.875
"206","A84020",26.789
"207","A84022",23.979
"208","A84024",13.966
"209","A84025",22.054
"210","A84026",23.028
"211","A84027",23.585
"212","A84028",33.74
"213","A84029",18.958
"214","A84030",19.579
"215","A84031",13.704
"216","A84033",14.199
"217","A84034",23.021
"218","A84035",14.308
"219","A84036",26.775
"220","A84037",23.433
"221","A84038",18.487
"222","A84039",13.616
"223","A84040",19.624
"224","A84042",17.909
"225","A84044",23.129
"226","A84045",20.376
"227","A84047",11.374
"228","A84604",21.775
"229","A84614",18.581
"230","A84619",19.759
"231","A85001",20.142
"232","A85002",32.773
"233","A85004",31.307
"234","A85005",36.617
"235","A85006",27.646
"236","A85007",20.021
"237","A85008",24.584
"238","A85009",37.883
"239","A85010",21.21
"240","A85011",37.946
"241","A85013",35.309
"242","A85014",19.621
"243","A85016",36.366
"244","A85017",42.839
"245","A85018",26.136
"246","A85019",38.053
"247","A85020",14.047
"248","A85021",40.221
"249","A85024",39.814
"250","A85026",32.924
"251","A85611",22.898
"252","A85614",34.007
"253","A85616",20.696
"254","A85617",16.097
"255","A86003",27.154
"256","A86004",44.244
"257","A86005",22.337
"258","A86006",11.264
"259","A86008",19.645
"260","A86010",18.101
"261","A86011",50.041
"262","A86012",42.963
"263","A86013",33.64
"264","A86016",13.456
"265","A86017",45.731
"266","A86018",10.175
"267","A86020",10.628
"268","A86021",37.027
"269","A86022",18.375
"270","A86023",32.213
"271","A86024",39.53
"272","A86025",36.596
"273","A86026",26.377
"274","A86027",23.637
"275","A86028",14.942
"276","A86029",34.65
"277","A86030",38.406
"278","A86031",34.52
"279","A86033",5.226
"280","A86037",51.557
"281","A86038",30.422
"282","A86040",57.12
"283","A86041",13.442
"284","A86601",29.97
"285","A87002",20.848
"286","A87004",26.227
"287","A87005",12.36
"288","A87007",21.363
"289","A87008",9.376
"290","A87009",20.898
"291","A87011",7.618
"292","A87012",21.796
"293","A87013",32.764
"294","A87016",27.432
"295","A87017",14.147
"296","A87020",11.463
"297","A87022",16.941
"298","A87029",29.349
"299","A87030",43.528
"300","A87612",16.494
"301","A87615",17.259
"302","A88001",26.275
"303","A88002",36.628
"304","A88003",31.674
"305","A88004",31.634
"306","A88005",39.937
"307","A88006",38.931
"308","A88008",39.786
"309","A88009",20.306
"310","A88010",32.039
"311","A88012",26.471
"312","A88013",31.965
"313","A88014",40.626
"314","A88015",39.727
"315","A88016",19.656
"316","A88022",25.658
"317","A88023",17.796
"318","A88025",34.055
"319","A88601",32.673
"320","A88608",33.83
"321","A88613",34.652
"322","A89001",42.836
"323","A89002",47.743
"324","A89004",36.617
"325","A89005",37.33
"326","A89006",38.687
"327","A89007",35.083
"328","A89008",45.193
"329","A89009",24.471
"330","A89010",29.457
"331","A89011",26.884
"332","A89012",29.278
"333","A89013",44.165
"334","A89015",13.825
"335","A89016",29.422
"336","A89017",38.123
"337","A89018",41.366
"338","A89019",48.092
"339","A89020",37.2
"340","A89021",27.979
"341","A89022",29.255
"342","A89023",28.846
"343","A89024",35.315
"344","A89025",30.92
"345","A89026",31.19
"346","A89027",38.013
"347","A89028",23.073
"348","A89030",28.19
"349","A89031",37.433
"350","A89032",26.08
"351","A89034",33.966
"352","A89035",26.402
"353","A89036",38.756
"354","A89040",32.931
"355","A89041",38.231
"356","A89614",35.989
"357","A89616",20.667
"358","A89617",28.311
"359","A89623",33.724
"360","B81003",24.69
"361","B81004",21.081
"362","B81005",17.206
"363","B81006",33.346
"364","B81007",18.594
"365","B81008",37.657
"366","B81009",11.117
"367","B81011",33.678
"368","B81012",43.217
"369","B81013",25.829
"370","B81015",33.467
"371","B81016",37.759
"372","B81017",47.735
"373","B81018",47.461
"374","B81020",28.776
"375","B81022",18.999
"376","B81024",5.671
"377","B81025",21.606
"378","B81026",30.824
"379","B81027",43.564
"380","B81029",12.835
"381","B81030",19.671
"382","B81031",26.826
"383","B81032",44.877
"384","B81034",14.832
"385","B81035",22.568
"386","B81036",10.285
"387","B81037",14.45
"388","B81038",31.665
"389","B81039",31.195
"390","B81040",49.304
"391","B81041",12.585
"392","B81042",11.118
"393","B81043",14.483
"394","B81045",27.189
"395","B81046",47.528
"396","B81047",42.291
"397","B81048",30.454
"398","B81051",10.589
"399","B81052",37.567
"400","B81054",39.988
"401","B81061",9.276
"402","B81063",18.048
"403","B81064",26.871
"404","B81068",24.008
"405","B81069",33.861
"406","B81074",36.257
"407","B81075",24.768
"408","B81082",8.23
"409","B81085",30.198
"410","B81087",31.385
"411","B81088",11.818
"412","B81090",31.531
"413","B81091",25.978
"414","B81092",15.177
"415","B81097",35.154
"416","B81099",17.209
"417","B81100",9.942
"418","B81101",12.243
"419","B81104",24.178
"420","B81108",26.316
"421","B81109",20.49
"422","B81112",39.361
"423","B81113",28.347
"424","B81118",33.735
"425","B81119",43.351
"426","B81606",44.914
"427","B81616",34.959
"428","B81617",35.847
"429","B81619",13.6
"430","B81628",18.705
"431","B81631",38.953
"432","B81635",17.055
"433","B81642",19.279
"434","B81645",35.183
"435","B81647",17.161
"436","B81648",25.601
"437","B81653",12.103
"438","B81655",29.085
"439","B81656",45.205
"440","B81663",30.202
"441","B81665",13.012
"442","B81666",4.742
"443","B81697",34.434
"444","B82002",11.006
"445","B82004",13.99
"446","B82005",14.135
"447","B82007",12.819
"448","B82008",12.803
"449","B82010",12.788
"450","B82011",21.718
"451","B82012",6.322
"452","B82013",11.589
"453","B82014",10.471
"454","B82016",11.232
"455","B82017",24.723
"456","B82018",10.14
"457","B82019",13.615
"458","B82021",11.16
"459","B82022",12.941
"460","B82023",18.082
"461","B82024",34.503
"462","B82025",16.867
"463","B82026",10.286
"464","B82027",10.857
"465","B82029",16.666
"466","B82030",15.95
"467","B82031",9.702
"468","B82032",12.687
"469","B82033",14.412
"470","B82034",13.505
"471","B82035",13.927
"472","B82036",12.857
"473","B82037",23.32
"474","B82038",32.549
"475","B82041",12.92
"476","B82042",14.516
"477","B82044",14.593
"478","B82045",18.291
"479","B82046",32.174
"480","B82047",8.575
"481","B82049",14.226
"482","B82050",15.376
"483","B82053",13.668
"484","B82054",22.825
"485","B82057",11.023
"486","B82059",12.165
"487","B82060",11.686
"488","B82061",13.928
"489","B82063",14.962
"490","B82064",9.059
"491","B82066",12.816
"492","B82067",10.145
"493","B82068",15.655
"494","B82069",10.022
"495","B82071",6.544
"496","B82072",13.916
"497","B82073",13.934
"498","B82074",16.829
"499","B82075",14.968
"500","B82077",17.027
"501","B82078",14.244
"502","B82079",12.185
"503","B82080",8.052
"504","B82081",7.513
"505","B82083",13.646
"506","B82086",24.695
"507","B82088",33.726
"508","B82097",19.409
"509","B82098",12.735
"510","B82100",15.047
"511","B82101",21.649
"512","B82104",15.691
"513","B82105",11.346
"514","B82106",19.328
"515","B82609",16.134
"516","B82619",16.337
"517","B82622",19.565
"518","B82628",21.736
"519","B83002",6.717
"520","B83005",51.3
"521","B83008",45.58
"522","B83009",31.059
"523","B83010",45.394
"524","B83012",44.13
"525","B83014",13.755
"526","B83015",52.159
"527","B83016",53.234
"528","B83018",23.483
"529","B83019",6.39
"530","B83020",24.699
"531","B83022",10.751
"532","B83025",53.129
"533","B83026",58.446
"534","B83028",30.249
"535","B83029",28.568
"536","B83031",10.701
"537","B83032",55.763
"538","B83033",24.644
"539","B83034",50.062
"540","B83035",55.655
"541","B83037",14.443
"542","B83038",37.976
"543","B83039",22.276
"544","B83041",50.106
"545","B83042",46.813
"546","B83045",37.144
"547","B83051",53.712
"548","B83052",53.793
"549","B83054",31.194
"550","B83055",45.143
"551","B83056",35.367
"552","B83058",56.251
"553","B83062",42.694
"554","B83063",31.547
"555","B83064",32.407
"556","B83067",14.115
"557","B83604",51.113
"558","B83611",55.696
"559","B83614",51.853
"560","B83620",9.028
"561","B83622",53.43
"562","B83624",8.712
"563","B83626",50.58
"564","B83627",41.488
"565","B83628",54.655
"566","B83629",46.965
"567","B83641",53.509
"568","B83642",50.794
"569","B83653",55.49
"570","B83657",56.328
"571","B83659",50.224
"572","B83660",55.271
"573","B83661",51.774
"574","B84001",26.752
"575","B84003",20.477
"576","B84004",20.081
"577","B84006",28.353
"578","B84007",15.011
"579","B84008",11.623
"580","B84009",16.986
"581","B84010",33.782
"582","B84011",19.745
"583","B84012",37.871
"584","B84013",33.992
"585","B84014",17.665
"586","B84016",26.447
"587","B84019",37.033
"588","B84021",32.989
"589","B84612",47.452
"590","B84613",42.076
"591","B84618",40.988
"592","B84623",21.064
"593","B85001",22.754
"594","B85002",11.857
"595","B85004",40.04
"596","B85005",8.254
"597","B85006",11.565
"598","B85008",34.084
"599","B85009",39.699
"600","B85010",27.34
"601","B85012",29.923
"602","B85014",26.462
"603","B85015",29.931
"604","B85016",37.242
"605","B85018",33.96
"606","B85019",14.835
"607","B85020",38.983
"608","B85021",23.24
"609","B85022",12.604
"610","B85023",26.082
"611","B85024",24.898
"612","B85025",18.231
"613","B85026",9.463
"614","B85027",15.066
"615","B85028",37.021
"616","B85030",22.465
"617","B85031",13.132
"618","B85032",14.422
"619","B85033",12.871
"620","B85036",24.808
"621","B85037",33.603
"622","B85038",32.766
"623","B85041",34.984
"624","B85042",30.296
"625","B85044",42.32
"626","B85048",42.583
"627","B85051",20.674
"628","B85054",19.603
"629","B85055",38.9
"630","B85058",35.853
"631","B85059",17.599
"632","B85060",27.899
"633","B85061",11.691
"634","B85062",33.339
"635","B85606",38.485
"636","B85610",11.138
"637","B85611",38.049
"638","B85612",28.049
"639","B85614",41.373
"640","B85619",33.675
"641","B85620",31.134
"642","B85623",27.14
"643","B85634",34.456
"644","B85636",20.166
"645","B85640",24.46
"646","B85641",35.7
"647","B85645",41.554
"648","B85646",37.082
"649","B85650",51.747
"650","B85652",37.497
"651","B85655",33.555
"652","B85659",40.759
"653","B85660",30.001
"654","B86002",47.763
"655","B86003",41.309
"656","B86004",17.214
"657","B86005",48.977
"658","B86006",16.779
"659","B86007",35.867
"660","B86008",13.649
"661","B86009",17.884
"662","B86010",7.147
"663","B86011",17.302
"664","B86012",45.913
"665","B86013",32.742
"666","B86014",18.324
"667","B86015",32.493
"668","B86016",35.803
"669","B86017",14.999
"670","B86018",16.665
"671","B86019",18.277
"672","B86020",16.122
"673","B86022",33.84
"674","B86024",35.472
"675","B86025",24.467
"676","B86028",18.805
"677","B86029",11.767
"678","B86030",12.585
"679","B86032",10.367
"680","B86033",8.26
"681","B86034",8.538
"682","B86035",38.8
"683","B86036",11.695
"684","B86038",11.861
"685","B86039",28.157
"686","B86041",29.282
"687","B86042",36.108
"688","B86043",42.899
"689","B86044",13.117
"690","B86048",9.207
"691","B86049",24.297
"692","B86050",17.14
"693","B86051",10.807
"694","B86052",6.184
"695","B86054",45.445
"696","B86055",30.817
"697","B86057",14.781
"698","B86059",19.284
"699","B86060",38.274
"700","B86061",53.586
"701","B86062",35.197
"702","B86064",17.719
"703","B86066",8.707
"704","B86067",16.685
"705","B86068",24.518
"706","B86069",24.42
"707","B86070",15.025
"708","B86071",28.868
"709","B86075",24.039
"710","B86081",60.095
"711","B86086",17.866
"712","B86089",19.98
"713","B86092",17.471
"714","B86093",36.193
"715","B86094",25.76
"716","B86096",43.97
"717","B86100",26.067
"718","B86101",16.312
"719","B86103",60.193
"720","B86104",37.356
"721","B86106",46.58
"722","B86108",50.189
"723","B86109",19.848
"724","B86110",20.412
"725","B86623",62.964
"726","B86642",38.557
"727","B86643",53.073
"728","B86648",11.416
"729","B86655",36.729
"730","B86658",16.621
"731","B86666",39.108
"732","B86667",35.632
"733","B86669",34.594
"734","B86672",27.954
"735","B86673",10.891
"736","B86675",44.539
"737","B86678",13.094
"738","B87001",15.403
"739","B87002",18.244
"740","B87003",13.212
"741","B87004",36.256
"742","B87005",28.625
"743","B87006",38.787
"744","B87007",25.065
"745","B87008",32.947
"746","B87009",34.583
"747","B87011",25.038
"748","B87012",33.434
"749","B87013",14.465
"750","B87015",25.571
"751","B87016",35.25
"752","B87017",30.056
"753","B87018",33.46
"754","B87019",17.449
"755","B87020",18.102
"756","B87021",32.52
"757","B87022",32.933
"758","B87025",31.118
"759","B87026",39.206
"760","B87027",19.11
"761","B87028",20.102
"762","B87030",28.508
"763","B87031",20.095
"764","B87032",31.594
"765","B87033",30.274
"766","B87036",35.652
"767","B87039",24.659
"768","B87042",43.181
"769","B87044",26.06
"770","B87602",17.947
"771","B87604",36.374
"772","C81001",23.101
"773","C81002",15.595
"774","C81003",15.893
"775","C81004",19.011
"776","C81005",24.171
"777","C81006",38.263
"778","C81007",23.28
"779","C81008",29.213
"780","C81009",42.258
"781","C81010",19.511
"782","C81012",23.955
"783","C81013",10.083
"784","C81014",30.318
"785","C81015",24.784
"786","C81016",14.204
"787","C81017",12.788
"788","C81018",12.306
"789","C81020",20.383
"790","C81021",30.614
"791","C81022",26.885
"792","C81023",18.646
"793","C81025",9.831
"794","C81026",17.83
"795","C81027",26.901
"796","C81029",23.635
"797","C81030",13.845
"798","C81031",22.758
"799","C81032",20.636
"800","C81033",35.259
"801","C81034",22.098
"802","C81035",30.192
"803","C81036",29.906
"804","C81037",13.23
"805","C81038",10.832
"806","C81039",12.027
"807","C81040",6.097
"808","C81041",26.189
"809","C81042",7.773
"810","C81044",28.37
"811","C81045",26.168
"812","C81046",13.119
"813","C81047",21.625
"814","C81048",6.865
"815","C81049",22.201
"816","C81050",22.727
"817","C81051",20.65
"818","C81052",25.872
"819","C81053",24.097
"820","C81054",23.404
"821","C81055",31.349
"822","C81056",26.535
"823","C81057",9.063
"824","C81058",24.197
"825","C81059",21.651
"826","C81060",20.068
"827","C81061",24.235
"828","C81062",15.02
"829","C81063",13.438
"830","C81064",14.513
"831","C81065",22.415
"832","C81066",13.835
"833","C81067",11.534
"834","C81068",22.459
"835","C81069",11.948
"836","C81070",10.01
"837","C81071",41.738
"838","C81072",39.348
"839","C81073",33.233
"840","C81074",22.44
"841","C81075",10.843
"842","C81080",12.946
"843","C81081",17.59
"844","C81082",20.36
"845","C81083",17.335
"846","C81084",22.564
"847","C81086",13.042
"848","C81089",9.656
"849","C81091",19.012
"850","C81092",11.542
"851","C81094",13.339
"852","C81095",20.267
"853","C81096",29.066
"854","C81097",19.832
"855","C81099",24.681
"856","C81101",17.039
"857","C81106",18.199
"858","C81108",9.799
"859","C81110",7.66
"860","C81113",8.145
"861","C81114",16.881
"862","C81115",26.859
"863","C81118",43.146
"864","C81604",23.339
"865","C81611",15.037
"866","C81615",38.332
"867","C81616",46.065
"868","C81634",15.771
"869","C81638",30.132
"870","C81640",11.685
"871","C81647",25.054
"872","C81649",23.243
"873","C81652",26.207
"874","C81653",18.359
"875","C81655",27.683
"876","C81658",10.535
"877","C81662",20.569
"878","C82001",9.052
"879","C82002",9.228
"880","C82003",8.514
"881","C82005",30.855
"882","C82007",10.663
"883","C82008",39.581
"884","C82009",9.204
"885","C82010",9.272
"886","C82011",20.579
"887","C82012",14.65
"888","C82013",15.201
"889","C82014",11.085
"890","C82016",14.595
"891","C82017",15.949
"892","C82018",30.097
"893","C82019",37.068
"894","C82020",32.078
"895","C82021",11.558
"896","C82022",11.097
"897","C82024",33.679
"898","C82025",9.64
"899","C82026",18.186
"900","C82027",13.883
"901","C82028",12.615
"902","C82030",14.38
"903","C82031",24.564
"904","C82032",10.464
"905","C82033",28.316
"906","C82034",8.634
"907","C82035",19.263
"908","C82037",30.439
"909","C82038",15.264
"910","C82039",13.048
"911","C82040",9.378
"912","C82041",15.118
"913","C82042",11.097
"914","C82043",13.521
"915","C82044",9.82
"916","C82045",19.449
"917","C82046",40.816
"918","C82047",14.094
"919","C82048",10.979
"920","C82050",19.283
"921","C82051",14.503
"922","C82052",16.468
"923","C82053",49.445
"924","C82054",10.089
"925","C82055",9.55
"926","C82056",9.493
"927","C82059",33.821
"928","C82060",36.503
"929","C82061",15.5
"930","C82062",10.303
"931","C82063",33.494
"932","C82064",13.448
"933","C82066",8.947
"934","C82067",9.383
"935","C82068",11.194
"936","C82070",18.35
"937","C82071",15.475
"938","C82072",22.076
"939","C82073",35.716
"940","C82075",12.626
"941","C82076",12.099
"942","C82077",11.079
"943","C82078",11.543
"944","C82079",21.373
"945","C82080",38.354
"946","C82082",15.671
"947","C82084",29.776
"948","C82086",38.066
"949","C82088",29.446
"950","C82091",31.215
"951","C82092",29.296
"952","C82093",8.56
"953","C82094",36.93
"954","C82095",11.783
"955","C82096",15.489
"956","C82097",11.824
"957","C82098",11.229
"958","C82099",34.204
"959","C82100",42.279
"960","C82102",13.351
"961","C82103",13.811
"962","C82107",33.795
"963","C82109",13.029
"964","C82111",13.395
"965","C82112",10.593
"966","C82114",33.386
"967","C82116",41.243
"968","C82119",29.78
"969","C82120",16.71
"970","C82121",18.49
"971","C82124",25.295
"972","C82600",15.731
"973","C82610",45.944
"974","C82611",9.891
"975","C82614",15.071
"976","C82620",32.543
"977","C82624",47.171
"978","C82627",17.466
"979","C82628",7.848
"980","C82631",11.027
"981","C82634",15.137
"982","C82639",30.532
"983","C82642",35.54
"984","C82643",40.896
"985","C82644",15.711
"986","C82649",13.748
"987","C82650",11.939
"988","C82651",31.452
"989","C82653",36.042
"990","C82656",14.37
"991","C82659",38
"992","C82660",30.497
"993","C82662",29.338
"994","C82667",34.842
"995","C82669",29.002
"996","C82670",39.263
"997","C82671",33.027
"998","C82676",27.923
"999","C82678",20.273
"1000","C82680",25.784
"1001","C83001",26.679
"1002","C83002",10.064
"1003","C83003",19.064
"1004","C83004",30.797
"1005","C83005",28.677
"1006","C83007",12.244
"1007","C83008",23.34
"1008","C83009",35.334
"1009","C83010",30.438
"1010","C83011",15.181
"1011","C83013",14.806
"1012","C83014",32.613
"1013","C83015",22.482
"1014","C83018",38.604
"1015","C83019",46.027
"1016","C83020",14.287
"1017","C83022",18.397
"1018","C83023",15.691
"1019","C83024",15.267
"1020","C83025",10.146
"1021","C83026",10.283
"1022","C83027",20.985
"1023","C83028",21.8
"1024","C83029",12.556
"1025","C83030",27.017
"1026","C83031",10.016
"1027","C83032",31.829
"1028","C83033",18.297
"1029","C83035",10.669
"1030","C83036",19.338
"1031","C83037",11.757
"1032","C83038",13.328
"1033","C83039",19.391
"1034","C83040",20.748
"1035","C83041",22.828
"1036","C83042",24.896
"1037","C83043",19.54
"1038","C83044",43.021
"1039","C83045",42.269
"1040","C83046",12.803
"1041","C83048",20.975
"1042","C83049",26.036
"1043","C83051",36.938
"1044","C83052",18.505
"1045","C83053",19.805
"1046","C83054",10.856
"1047","C83055",26.24
"1048","C83056",23.183
"1049","C83057",24.009
"1050","C83058",10.25
"1051","C83059",30.746
"1052","C83060",31.872
"1053","C83061",15.437
"1054","C83062",16.333
"1055","C83063",27.747
"1056","C83064",42.75
"1057","C83065",21.802
"1058","C83067",10.223
"1059","C83072",29.827
"1060","C83073",23.395
"1061","C83074",18.373
"1062","C83075",17.258
"1063","C83078",21.047
"1064","C83079",22.38
"1065","C83080",19.516
"1066","C83082",25.58
"1067","C83083",22.643
"1068","C83085",24.634
"1069","C83611",11.883
"1070","C83613",18.262
"1071","C83614",26.154
"1072","C83617",20.363
"1073","C83626",25.514
"1074","C83634",15.816
"1075","C83635",19.361
"1076","C83641",16.827
"1077","C83643",25.314
"1078","C83649",16.298
"1079","C83650",23.985
"1080","C84001",21.554
"1081","C84004",43.389
"1082","C84005",8.178
"1083","C84008",20.935
"1084","C84009",22.516
"1085","C84010",20.969
"1086","C84011",23.165
"1087","C84012",32.566
"1088","C84013",19.985
"1089","C84014",23.78
"1090","C84016",24.473
"1091","C84017",9.891
"1092","C84018",35.514
"1093","C84019",21.846
"1094","C84020",28.345
"1095","C84021",27.311
"1096","C84023",16.58
"1097","C84024",27.201
"1098","C84025",8.506
"1099","C84026",15.25
"1100","C84028",7.351
"1101","C84029",24.848
"1102","C84030",13.268
"1103","C84032",20.242
"1104","C84033",15.675
"1105","C84034",36.452
"1106","C84035",19.708
"1107","C84036",29.466
"1108","C84037",14.908
"1109","C84039",20.631
"1110","C84042",18.019
"1111","C84043",45.687
"1112","C84044",13.386
"1113","C84045",12.579
"1114","C84046",34.9
"1115","C84047",13.972
"1116","C84049",7.814
"1117","C84051",22.947
"1118","C84053",21.423
"1119","C84055",17.185
"1120","C84057",23.832
"1121","C84059",22.681
"1122","C84060",32.469
"1123","C84061",34.332
"1124","C84063",39.281
"1125","C84064",42.749
"1126","C84065",15.832
"1127","C84066",24.324
"1128","C84067",20.014
"1129","C84069",25.614
"1130","C84072",43.906
"1131","C84074",29.268
"1132","C84076",26.91
"1133","C84077",27.822
"1134","C84078",32.839
"1135","C84080",12.198
"1136","C84081",33.873
"1137","C84084",7.263
"1138","C84085",24.073
"1139","C84086",7.406
"1140","C84087",23.102
"1141","C84090",6.834
"1142","C84091",41.047
"1143","C84092",30.585
"1144","C84094",21.665
"1145","C84095",22.103
"1146","C84101",16.503
"1147","C84105",47.814
"1148","C84106",27.501
"1149","C84107",16.968
"1150","C84112",8.973
"1151","C84113",17.824
"1152","C84115",7.931
"1153","C84116",39.705
"1154","C84117",31.884
"1155","C84120",9.463
"1156","C84122",15.961
"1157","C84123",20.937
"1158","C84129",28.498
"1159","C84131",18.167
"1160","C84136",39.329
"1161","C84140",28.146
"1162","C84142",21.029
"1163","C84144",30.403
"1164","C84150",13.71
"1165","C84151",41.889
"1166","C84605",7.564
"1167","C84613",15.233
"1168","C84619",30.385
"1169","C84621",8.286
"1170","C84624",14.511
"1171","C84628",38.19
"1172","C84629",30.956
"1173","C84637",32.52
"1174","C84646",6.77
"1175","C84654",23.514
"1176","C84656",15.82
"1177","C84658",34.125
"1178","C84660",15.549
"1179","C84664",22.206
"1180","C84667",14.434
"1181","C84676",46.068
"1182","C84679",33.202
"1183","C84682",24.163
"1184","C84683",38.21
"1185","C84691",49.718
"1186","C84692",20.659
"1187","C84693",21.711
"1188","C84694",40.802
"1189","C84695",36.617
"1190","C84696",11.712
"1191","C84703",6.51
"1192","C84704",34.64
"1193","C84705",19.231
"1194","C84714",25.255
"1195","C85001",39.747
"1196","C85003",36.915
"1197","C85004",11.52
"1198","C85005",29.228
"1199","C85006",24.126
"1200","C85007",36.118
"1201","C85008",26.027
"1202","C85009",39.663
"1203","C85010",23.514
"1204","C85013",32.079
"1205","C85014",33.25
"1206","C85016",31.859
"1207","C85017",37.176
"1208","C85018",39.3
"1209","C85019",26.287
"1210","C85020",22.122
"1211","C85022",26.833
"1212","C85023",41.833
"1213","C85024",27.547
"1214","C85028",37.341
"1215","C85030",31.709
"1216","C85033",24.186
"1217","C85614",17.441
"1218","C85619",35.447
"1219","C85622",31.246
"1220","C85623",11.319
"1221","C86001",37.822
"1222","C86002",38.664
"1223","C86003",27.334
"1224","C86005",39.66
"1225","C86006",32.219
"1226","C86007",23.979
"1227","C86009",14.361
"1228","C86011",22.45
"1229","C86012",19.358
"1230","C86013",17.297
"1231","C86015",29.221
"1232","C86016",33.542
"1233","C86017",29.851
"1234","C86018",33.336
"1235","C86019",34.879
"1236","C86020",38.322
"1237","C86021",23.5
"1238","C86023",31.047
"1239","C86024",35.379
"1240","C86025",40.185
"1241","C86026",34.763
"1242","C86029",26.934
"1243","C86032",20.972
"1244","C86033",35.54
"1245","C86034",35.653
"1246","C86037",43.996
"1247","C86038",24.283
"1248","C86605",39.83
"1249","C86609",25.341
"1250","C86611",25.17
"1251","C86614",35.683
"1252","C86616",51.521
"1253","C86621",29.307
"1254","C86625",37.203
"1255","C86626",15.217
"1256","C87002",24.727
"1257","C87003",49.065
"1258","C87004",16.477
"1259","C87005",44.574
"1260","C87006",40.982
"1261","C87007",16.942
"1262","C87008",20.707
"1263","C87009",23.014
"1264","C87010",54.804
"1265","C87012",30.238
"1266","C87013",33.887
"1267","C87014",20.332
"1268","C87015",16.505
"1269","C87016",14.886
"1270","C87017",38.505
"1271","C87018",27.658
"1272","C87020",36.435
"1273","C87022",32.595
"1274","C87024",36.08
"1275","C87029",28.641
"1276","C87030",31.346
"1277","C87031",34.62
"1278","C87603",41.526
"1279","C87604",24.834
"1280","C87608",57.882
"1281","C87616",34.454
"1282","C87620",34.861
"1283","C87622",46.453
"1284","C88005",14.793
"1285","C88006",41.136
"1286","C88007",22.598
"1287","C88008",48.767
"1288","C88009",39.993
"1289","C88010",19.647
"1290","C88011",49.115
"1291","C88014",52.282
"1292","C88015",33.972
"1293","C88016",10.025
"1294","C88018",19.39
"1295","C88019",50.658
"1296","C88020",47.214
"1297","C88021",22.925
"1298","C88022",21.092
"1299","C88023",18.234
"1300","C88025",23.775
"1301","C88026",25.007
"1302","C88027",58.895
"1303","C88028",7.102
"1304","C88030",39.445
"1305","C88031",21.075
"1306","C88032",18.716
"1307","C88034",5.23
"1308","C88035",56.211
"1309","C88036",19.164
"1310","C88037",26.426
"1311","C88038",26.65
"1312","C88039",29.143
"1313","C88040",14.837
"1314","C88041",15.72
"1315","C88043",18.879
"1316","C88044",6.134
"1317","C88045",19.56
"1318","C88046",10.99
"1319","C88047",31.856
"1320","C88048",53.439
"1321","C88049",27.128
"1322","C88050",23.235
"1323","C88051",63.546
"1324","C88052",12.847
"1325","C88053",3.922
"1326","C88054",25.112
"1327","C88059",36.575
"1328","C88060",28.006
"1329","C88062",7.515
"1330","C88069",49.281
"1331","C88070",45.787
"1332","C88072",33.97
"1333","C88073",30.273
"1334","C88074",18.402
"1335","C88076",26.203
"1336","C88077",46.621
"1337","C88078",15.922
"1338","C88079",12.167
"1339","C88082",28.64
"1340","C88083",6.502
"1341","C88084",49.458
"1342","C88085",34.257
"1343","C88086",51.98
"1344","C88087",40.309
"1345","C88088",48.284
"1346","C88090",47.775
"1347","C88091",45.032
"1348","C88092",18.835
"1349","C88095",17.646
"1350","C88622",42.256
"1351","C88627",16.751
"1352","C88631",22.334
"1353","C88647",26.996
"1354","C88648",25.175
"1355","C88652",7.102
"1356","C88655",42.953
"1357","D81001",9.813
"1358","D81002",6.207
"1359","D81003",11.647
"1360","D81004",9.636
"1361","D81005",5.96
"1362","D81008",32.413
"1363","D81010",15.281
"1364","D81011",32.215
"1365","D81012",8.911
"1366","D81013",9.08
"1367","D81014",13.905
"1368","D81015",29.473
"1369","D81016",20.155
"1370","D81017",10.378
"1371","D81018",10.991
"1372","D81021",17.233
"1373","D81022",20.396
"1374","D81025",11.006
"1375","D81026",31.165
"1376","D81027",11.291
"1377","D81028",7.985
"1378","D81029",24.036
"1379","D81030",9.128
"1380","D81031",13.374
"1381","D81033",6.163
"1382","D81034",9.972
"1383","D81035",7.885
"1384","D81036",13.821
"1385","D81037",9.899
"1386","D81038",12.456
"1387","D81041",8.294
"1388","D81042",11.407
"1389","D81043",8.895
"1390","D81044",17.827
"1391","D81045",9.316
"1392","D81046",19.375
"1393","D81047",13.154
"1394","D81049",8.71
"1395","D81050",12.415
"1396","D81051",9.916
"1397","D81052",24.883
"1398","D81054",13.155
"1399","D81055",10.538
"1400","D81056",9.864
"1401","D81057",11.665
"1402","D81058",8.328
"1403","D81059",16.342
"1404","D81060",13.614
"1405","D81061",19.062
"1406","D81062",16.244
"1407","D81064",24.8
"1408","D81065",38.778
"1409","D81066",7.42
"1410","D81070",9.692
"1411","D81073",35.218
"1412","D81078",7.27
"1413","D81081",11.55
"1414","D81082",12.538
"1415","D81084",10.012
"1416","D81085",9.978
"1417","D81086",23.09
"1418","D81603",24.574
"1419","D81606",9.432
"1420","D81607",7.182
"1421","D81611",18.397
"1422","D81612",9.505
"1423","D81615",22.317
"1424","D81618",22.453
"1425","D81622",33.982
"1426","D81625",36.93
"1427","D81629",28.083
"1428","D81630",16.605
"1429","D81631",41.724
"1430","D81633",17.928
"1431","D81637",9.39
"1432","D81645",27.921
"1433","D82001",22.637
"1434","D82002",25.664
"1435","D82003",29.197
"1436","D82004",22.034
"1437","D82005",16.092
"1438","D82006",16.384
"1439","D82007",46.363
"1440","D82008",17.888
"1441","D82009",23.75
"1442","D82010",22.206
"1443","D82011",23.121
"1444","D82012",21.107
"1445","D82013",12.379
"1446","D82015",20.129
"1447","D82016",15.619
"1448","D82017",22.304
"1449","D82018",12.087
"1450","D82019",22.82
"1451","D82020",18.752
"1452","D82022",16.1
"1453","D82023",12.687
"1454","D82024",15.527
"1455","D82025",16.812
"1456","D82026",25.101
"1457","D82027",18.674
"1458","D82028",22.713
"1459","D82029",12.204
"1460","D82030",17.256
"1461","D82031",16.001
"1462","D82032",12.744
"1463","D82034",14.377
"1464","D82035",29.274
"1465","D82036",11.369
"1466","D82037",14.014
"1467","D82038",23.398
"1468","D82039",16.334
"1469","D82040",35.901
"1470","D82041",26.032
"1471","D82042",18.283
"1472","D82043",20.512
"1473","D82044",24.605
"1474","D82045",11.172
"1475","D82046",18.806
"1476","D82047",27.169
"1477","D82048",16.168
"1478","D82049",21.663
"1479","D82050",18.503
"1480","D82051",27.626
"1481","D82053",22.447
"1482","D82054",21.523
"1483","D82056",19.28
"1484","D82057",23.548
"1485","D82058",22.252
"1486","D82059",20.98
"1487","D82062",13.068
"1488","D82063",21.466
"1489","D82064",9.054
"1490","D82065",23.107
"1491","D82066",20.869
"1492","D82067",53.058
"1493","D82068",19.791
"1494","D82070",24.519
"1495","D82071",12.931
"1496","D82072",25.352
"1497","D82073",20.44
"1498","D82076",17.384
"1499","D82078",10.176
"1500","D82079",23.742
"1501","D82080",12.456
"1502","D82084",16.637
"1503","D82085",16.195
"1504","D82087",36.333
"1505","D82088",16.522
"1506","D82096",36.732
"1507","D82099",31.476
"1508","D82100",17.612
"1509","D82104",18.558
"1510","D82105",25.249
"1511","D82106",22.512
"1512","D82600",20.574
"1513","D82604",23.929
"1514","D82618",12.663
"1515","D82621",22.634
"1516","D82624",11.836
"1517","D82628",18.479
"1518","D83001",9.9
"1519","D83002",40.192
"1520","D83003",14.465
"1521","D83004",18.415
"1522","D83005",15.477
"1523","D83006",16.414
"1524","D83007",14.631
"1525","D83008",31.25
"1526","D83009",18.81
"1527","D83010",25.881
"1528","D83011",21.564
"1529","D83012",16.69
"1530","D83013",14.548
"1531","D83015",18.472
"1532","D83016",26.513
"1533","D83017",12.706
"1534","D83018",19.181
"1535","D83019",15.265
"1536","D83020",14.653
"1537","D83021",17.774
"1538","D83022",18.474
"1539","D83023",38.424
"1540","D83024",18.667
"1541","D83026",16.278
"1542","D83027",13.588
"1543","D83028",22.634
"1544","D83029",14.101
"1545","D83030",41.308
"1546","D83033",16.11
"1547","D83034",20.149
"1548","D83035",21.707
"1549","D83037",14.267
"1550","D83038",11.109
"1551","D83040",16.081
"1552","D83041",13.512
"1553","D83043",15.877
"1554","D83044",14.865
"1555","D83045",18.635
"1556","D83046",13.848
"1557","D83047",20.036
"1558","D83048",17.095
"1559","D83049",12.846
"1560","D83050",24.382
"1561","D83051",20.33
"1562","D83053",21.702
"1563","D83054",17.079
"1564","D83055",13.529
"1565","D83056",31.934
"1566","D83057",12.127
"1567","D83059",30.927
"1568","D83060",18.249
"1569","D83061",16.79
"1570","D83062",23.181
"1571","D83064",15.049
"1572","D83067",13.217
"1573","D83069",16.509
"1574","D83070",17.176
"1575","D83073",26.537
"1576","D83074",25.721
"1577","D83075",17.996
"1578","D83076",15.817
"1579","D83078",16.796
"1580","D83079",17.407
"1581","D83080",8.348
"1582","D83081",22.18
"1583","D83084",7.697
"1584","D83608",22.887
"1585","D83610",15.763
"1586","E81002",9.923
"1587","E81003",11.812
"1588","E81004",12.543
"1589","E81005",38.074
"1590","E81006",19.236
"1591","E81007",13.199
"1592","E81008",25.29
"1593","E81009",16.467
"1594","E81010",26.785
"1595","E81012",13.587
"1596","E81013",27.296
"1597","E81014",18.456
"1598","E81015",9.212
"1599","E81016",31.638
"1600","E81018",28.468
"1601","E81019",25.439
"1602","E81021",22.126
"1603","E81022",11.932
"1604","E81024",13.413
"1605","E81025",26.382
"1606","E81026",19.12
"1607","E81027",22.693
"1608","E81028",34.262
"1609","E81029",17.451
"1610","E81030",29.937
"1611","E81031",16.572
"1612","E81032",29.593
"1613","E81033",11.698
"1614","E81034",12.541
"1615","E81035",17.574
"1616","E81036",13.925
"1617","E81037",19.329
"1618","E81038",18.344
"1619","E81040",18.933
"1620","E81041",32.368
"1621","E81043",10.651
"1622","E81044",11.222
"1623","E81045",16.436
"1624","E81046",10.226
"1625","E81047",18.982
"1626","E81048",35.897
"1627","E81049",14.723
"1628","E81050",11.322
"1629","E81052",15.48
"1630","E81057",14.694
"1631","E81060",25.892
"1632","E81061",9.731
"1633","E81063",36.295
"1634","E81069",14.703
"1635","E81073",33.021
"1636","E81074",8.811
"1637","E81076",26.75
"1638","E81612",33.464
"1639","E81615",35.826
"1640","E81617",18.088
"1641","E81631",35.869
"1642","E81632",17.425
"1643","E81633",24.389
"1644","E81635",17.192
"1645","E82001",8.989
"1646","E82002",17.381
"1647","E82004",11.242
"1648","E82005",17.478
"1649","E82006",14.148
"1650","E82007",9.734
"1651","E82008",16.997
"1652","E82009",17.955
"1653","E82012",20.101
"1654","E82013",16.759
"1655","E82014",11.048
"1656","E82015",15.083
"1657","E82017",15.232
"1658","E82018",16.457
"1659","E82019",9.122
"1660","E82020",19.814
"1661","E82021",12.52
"1662","E82022",18.706
"1663","E82023",17.193
"1664","E82024",11.351
"1665","E82027",12.157
"1666","E82031",9.482
"1667","E82032",17.208
"1668","E82035",13.29
"1669","E82037",5.495
"1670","E82038",13.486
"1671","E82040",17.093
"1672","E82041",12.967
"1673","E82042",27.261
"1674","E82043",12.6
"1675","E82044",8.508
"1676","E82045",19.973
"1677","E82046",12.735
"1678","E82050",23.386
"1679","E82051",18.748
"1680","E82053",9.668
"1681","E82055",7.65
"1682","E82056",19.192
"1683","E82058",12.835
"1684","E82059",8.553
"1685","E82060",8.081
"1686","E82061",15.97
"1687","E82062",14.324
"1688","E82063",19.918
"1689","E82066",10.606
"1690","E82067",6.624
"1691","E82068",6.937
"1692","E82069",13.377
"1693","E82070",20.534
"1694","E82071",5.203
"1695","E82073",15.376
"1696","E82074",7.129
"1697","E82075",9.657
"1698","E82077",4.42
"1699","E82078",14.047
"1700","E82079",21.021
"1701","E82081",8.478
"1702","E82082",15.714
"1703","E82083",9.287
"1704","E82084",7.54
"1705","E82085",10.819
"1706","E82086",16.965
"1707","E82088",12.878
"1708","E82090",10.063
"1709","E82091",15.258
"1710","E82092",10.263
"1711","E82093",20.951
"1712","E82094",7.167
"1713","E82096",13.578
"1714","E82098",10.703
"1715","E82099",11.032
"1716","E82100",8.476
"1717","E82102",10.015
"1718","E82105",15.36
"1719","E82106",4.941
"1720","E82107",13.489
"1721","E82111",18.996
"1722","E82113",16.307
"1723","E82115",17.455
"1724","E82117",19.71
"1725","E82121",12.049
"1726","E82123",19.21
"1727","E82124",13.321
"1728","E82129",9.344
"1729","E82132",10.622
"1730","E82133",20.805
"1731","E82626",13.439
"1732","E82638",24.179
"1733","E82643",9.557
"1734","E82652",9.933
"1735","E82654",7.142
"1736","E82655",19.877
"1737","E82657",8.464
"1738","E82661",17.877
"1739","E83003",14.858
"1740","E83005",16.13
"1741","E83006",27.56
"1742","E83007",21.094
"1743","E83008",12.343
"1744","E83009",16.562
"1745","E83010",15.776
"1746","E83011",27.591
"1747","E83012",14.432
"1748","E83013",14.846
"1749","E83016",16.176
"1750","E83017",15.292
"1751","E83018",23.507
"1752","E83020",21.317
"1753","E83021",15.747
"1754","E83024",10.525
"1755","E83025",28.522
"1756","E83026",15.907
"1757","E83027",24.789
"1758","E83028",28.523
"1759","E83030",20.32
"1760","E83031",18.02
"1761","E83032",26.782
"1762","E83034",22.505
"1763","E83035",14.749
"1764","E83038",24.895
"1765","E83039",22.617
"1766","E83041",24.36
"1767","E83044",17.666
"1768","E83045",20.216
"1769","E83046",24.687
"1770","E83049",16.26
"1771","E83050",13.516
"1772","E83053",21.296
"1773","E83600",23.177
"1774","E83613",18.349
"1775","E83621",13.988
"1776","E83622",18.447
"1777","E83637",22.211
"1778","E83638",15.402
"1779","E83639",18.648
"1780","E83649",19.998
"1781","E83653",22.825
"1782","E83668",21.067
"1783","E84002",27.215
"1784","E84003",24.858
"1785","E84004",20.325
"1786","E84005",14.511
"1787","E84006",30.972
"1788","E84007",19.276
"1789","E84008",19.49
"1790","E84009",23.156
"1791","E84011",39.568
"1792","E84012",29.913
"1793","E84013",47.319
"1794","E84014",22.177
"1795","E84015",23.218
"1796","E84017",22.6
"1797","E84018",13.655
"1798","E84020",28.11
"1799","E84021",37.367
"1800","E84022",21.501
"1801","E84024",8.257
"1802","E84025",24.902
"1803","E84028",44.848
"1804","E84030",21.535
"1805","E84031",47.852
"1806","E84032",28.462
"1807","E84033",27.504
"1808","E84036",40.293
"1809","E84039",19.078
"1810","E84040",16.451
"1811","E84042",30.997
"1812","E84044",20.096
"1813","E84048",20.548
"1814","E84049",23.632
"1815","E84051",28.966
"1816","E84053",9.45
"1817","E84057",17.139
"1818","E84058",19.742
"1819","E84059",18.831
"1820","E84061",9.937
"1821","E84062",20.355
"1822","E84063",28.606
"1823","E84066",26.464
"1824","E84067",24.708
"1825","E84068",11.343
"1826","E84069",20.746
"1827","E84070",15.542
"1828","E84074",43.346
"1829","E84075",21.531
"1830","E84076",39.222
"1831","E84078",20.557
"1832","E84080",25.577
"1833","E84083",20.846
"1834","E84086",27.338
"1835","E84601",16.846
"1836","E84617",23.369
"1837","E84620",23.084
"1838","E84626",26.422
"1839","E84635",26.92
"1840","E84637",44.604
"1841","E84638",29.06
"1842","E84645",35.808
"1843","E84646",18.475
"1844","E84647",17.818
"1845","E84653",22.699
"1846","E84656",38.841
"1847","E84658",22.573
"1848","E84663",16.235
"1849","E84665",44.226
"1850","E84674",34.132
"1851","E84676",16.677
"1852","E84678",23.877
"1853","E84680",20.883
"1854","E84684",34.046
"1855","E84685",23.332
"1856","E84693",17.335
"1857","E84699",22.279
"1858","E84701",26.587
"1859","E84702",32.355
"1860","E84704",40.477
"1861","E84709",21.946
"1862","E85001",17.582
"1863","E85003",22.948
"1864","E85004",25.04
"1865","E85005",31.87
"1866","E85006",32.971
"1867","E85007",18.683
"1868","E85008",23.876
"1869","E85012",32.226
"1870","E85013",27.413
"1871","E85014",13.958
"1872","E85015",27.44
"1873","E85016",21.723
"1874","E85019",24.933
"1875","E85020",19.196
"1876","E85021",33.551
"1877","E85023",31.384
"1878","E85024",26.36
"1879","E85025",19.272
"1880","E85026",21.009
"1881","E85028",20.302
"1882","E85029",18.719
"1883","E85030",13.906
"1884","E85032",20.987
"1885","E85033",20.418
"1886","E85034",29.621
"1887","E85035",29.007
"1888","E85038",14.02
"1889","E85040",15.034
"1890","E85041",25.531
"1891","E85042",24.599
"1892","E85045",23.483
"1893","E85046",26.998
"1894","E85048",29.868
"1895","E85049",35.129
"1896","E85050",25.258
"1897","E85051",30.33
"1898","E85052",28.817
"1899","E85053",30.141
"1900","E85054",24.924
"1901","E85055",27.417
"1902","E85056",25.608
"1903","E85057",13.537
"1904","E85058",27.412
"1905","E85059",27.38
"1906","E85060",20.128
"1907","E85061",33.518
"1908","E85062",26.766
"1909","E85064",32.07
"1910","E85066",11.773
"1911","E85069",27.224
"1912","E85071",26.204
"1913","E85074",18.489
"1914","E85075",20.265
"1915","E85077",26.482
"1916","E85083",30.359
"1917","E85088",31.894
"1918","E85090",33.537
"1919","E85091",26.133
"1920","E85096",27.443
"1921","E85098",31.851
"1922","E85099",20.527
"1923","E85103",32.618
"1924","E85107",24.416
"1925","E85108",31.821
"1926","E85109",26.708
"1927","E85111",29.629
"1928","E85112",21.712
"1929","E85113",20.223
"1930","E85114",27.092
"1931","E85115",27.655
"1932","E85116",25.872
"1933","E85118",18.681
"1934","E85119",31.904
"1935","E85120",23.778
"1936","E85121",29.568
"1937","E85122",17.434
"1938","E85123",17.834
"1939","E85124",22.468
"1940","E85125",19.135
"1941","E85126",28.378
"1942","E85127",23.672
"1943","E85128",17.349
"1944","E85129",25.937
"1945","E85130",18.721
"1946","E85600",20.806
"1947","E85605",24.495
"1948","E85617",19.231
"1949","E85623",31.523
"1950","E85624",31.181
"1951","E85628",17.692
"1952","E85633",32.243
"1953","E85635",23.122
"1954","E85636",18.186
"1955","E85640",25.341
"1956","E85643",24.293
"1957","E85649",19.273
"1958","E85656",33.13
"1959","E85657",20.116
"1960","E85658",16.412
"1961","E85659",29.937
"1962","E85663",31.98
"1963","E85677",26.359
"1964","E85680",25.305
"1965","E85681",28.94
"1966","E85682",33.02
"1967","E85683",13.833
"1968","E85685",13.831
"1969","E85687",20.54
"1970","E85693",15.865
"1971","E85694",16.771
"1972","E85696",27.97
"1973","E85697",27.833
"1974","E85699",28.345
"1975","E85707",27.691
"1976","E85708",26.04
"1977","E85712",33.113
"1978","E85713",25.068
"1979","E85715",35.332
"1980","E85716",27.605
"1981","E85718",26.752
"1982","E85719",14.438
"1983","E85721",30.9
"1984","E85725",26.24
"1985","E85726",23.069
"1986","E85734",25.707
"1987","E85735",23.054
"1988","E85736",27.863
"1989","E85739",29.944
"1990","E85743",30.224
"1991","E85744",22.036
"1992","E85745",30.092
"1993","E85746",16.698
"1994","E85748",26.5
"1995","E85750",20.793
"1996","E86001",10.007
"1997","E86004",29.912
"1998","E86005",14.638
"1999","E86006",9.425
"2000","E86007",21.804
"2001","E86009",18.931
"2002","E86010",28.647
"2003","E86011",9.47
"2004","E86012",9.142
"2005","E86014",9.383
"2006","E86015",19.292
"2007","E86016",25.214
"2008","E86017",27.735
"2009","E86018",28.235
"2010","E86019",26.354
"2011","E86020",29.611
"2012","E86022",7.648
"2013","E86024",8.222
"2014","E86026",26.201
"2015","E86027",28.37
"2016","E86028",7.816
"2017","E86029",25.708
"2018","E86030",16.338
"2019","E86033",9.338
"2020","E86034",22.198
"2021","E86036",13.272
"2022","E86038",29.422
"2023","E86041",14.818
"2024","E86042",28.23
"2025","E86605",13.147
"2026","E86609",27.005
"2027","E86610",28.221
"2028","E86612",26.129
"2029","E86615",17.088
"2030","E86618",15.223
"2031","E86619",5.967
"2032","E86620",25.189
"2033","E86625",28.394
"2034","E86626",10.77
"2035","E86629",16.779
"2036","E86632",17.762
"2037","E86637",28.271
"2038","E86640",9.344
"2039","E87002",22.078
"2040","E87003",28.709
"2041","E87004",18.199
"2042","E87005",17.336
"2043","E87006",26.685
"2044","E87008",33.951
"2045","E87009",23.305
"2046","E87010",20.261
"2047","E87011",36.236
"2048","E87013",14.128
"2049","E87016",13.636
"2050","E87021",31.709
"2051","E87024",36.109
"2052","E87026",34.354
"2053","E87029",20.823
"2054","E87034",26.116
"2055","E87037",21.933
"2056","E87038",33.428
"2057","E87043",12.933
"2058","E87045",24.04
"2059","E87046",21.863
"2060","E87047",22.756
"2061","E87048",13.66
"2062","E87052",32.58
"2063","E87061",16.86
"2064","E87063",20.595
"2065","E87065",27.816
"2066","E87066",21.033
"2067","E87067",29.566
"2068","E87069",22.361
"2069","E87070",17.906
"2070","E87609",13.361
"2071","E87637",30.617
"2072","E87648",15.697
"2073","E87663",27.281
"2074","E87665",16.805
"2075","E87677",17.88
"2076","E87681",22.932
"2077","E87701",13.603
"2078","E87702",12.328
"2079","E87706",31.724
"2080","E87714",22.583
"2081","E87715",12.692
"2082","E87720",18.979
"2083","E87722",19.897
"2084","E87733",33.164
"2085","E87737",14.915
"2086","E87738",13.542
"2087","E87739",21.535
"2088","E87740",21.934
"2089","E87741",33.413
"2090","E87742",35.913
"2091","E87745",13.702
"2092","E87746",18.828
"2093","E87750",21.53
"2094","E87751",33.749
"2095","E87753",20.802
"2096","E87754",15.43
"2097","E87755",33.456
"2098","E87756",28.652
"2099","E87762",21.336
"2100","E87768",19.301
"2101","F81001",10.979
"2102","F81003",30.226
"2103","F81004",11.824
"2104","F81006",38.255
"2105","F81007",18.846
"2106","F81009",8.03
"2107","F81010",22.919
"2108","F81011",13.057
"2109","F81012",13.608
"2110","F81013",6.463
"2111","F81014",18.797
"2112","F81015",8.08
"2113","F81017",32.056
"2114","F81019",34.366
"2115","F81020",16.333
"2116","F81021",20.848
"2117","F81022",15.11
"2118","F81023",11.182
"2119","F81025",26.194
"2120","F81026",20.929
"2121","F81027",23.889
"2122","F81028",9.613
"2123","F81029",19.596
"2124","F81030",17.132
"2125","F81031",34.148
"2126","F81032",11.163
"2127","F81034",9.778
"2128","F81036",12.607
"2129","F81037",47.13
"2130","F81038",12.669
"2131","F81040",13.22
"2132","F81041",13.46
"2133","F81042",22.614
"2134","F81043",13.578
"2135","F81044",13.607
"2136","F81045",11.311
"2137","F81046",16.727
"2138","F81047",23.077
"2139","F81048",11.804
"2140","F81049",16.671
"2141","F81051",28.509
"2142","F81052",41.483
"2143","F81053",9.29
"2144","F81055",7.642
"2145","F81056",14.613
"2146","F81057",12.3
"2147","F81060",30.848
"2148","F81061",11.336
"2149","F81062",14.57
"2150","F81065",10.673
"2151","F81066",6.483
"2152","F81067",12.863
"2153","F81068",16.571
"2154","F81069",14.161
"2155","F81071",15.074
"2156","F81072",11.722
"2157","F81075",12.325
"2158","F81076",18.18
"2159","F81078",12.275
"2160","F81080",6.394
"2161","F81081",35.601
"2162","F81082",19.162
"2163","F81083",13.651
"2164","F81085",13.022
"2165","F81086",28.71
"2166","F81087",18.147
"2167","F81088",15.787
"2168","F81089",16.546
"2169","F81090",10.441
"2170","F81091",22.922
"2171","F81092",18.103
"2172","F81095",26.759
"2173","F81096",25.263
"2174","F81097",27.455
"2175","F81098",14.647
"2176","F81099",15.096
"2177","F81100",10.38
"2178","F81101",10.589
"2179","F81102",7.838
"2180","F81104",13.403
"2181","F81105",12.105
"2182","F81106",23.241
"2183","F81108",27.355
"2184","F81110",30.304
"2185","F81112",9.159
"2186","F81113",10.272
"2187","F81114",12.813
"2188","F81115",14.625
"2189","F81116",18.067
"2190","F81117",14.286
"2191","F81118",10.739
"2192","F81119",14.368
"2193","F81120",24.707
"2194","F81121",21.805
"2195","F81122",16.082
"2196","F81123",8.418
"2197","F81125",8.127
"2198","F81126",14.869
"2199","F81128",14.821
"2200","F81130",19.715
"2201","F81131",12.598
"2202","F81132",17.092
"2203","F81133",13.795
"2204","F81134",20.044
"2205","F81136",12.601
"2206","F81137",14.112
"2207","F81141",16.606
"2208","F81142",11.34
"2209","F81144",12.868
"2210","F81147",26.193
"2211","F81149",14.09
"2212","F81150",28.649
"2213","F81152",15.345
"2214","F81153",15.392
"2215","F81155",17.077
"2216","F81156",46.402
"2217","F81158",35.953
"2218","F81159",40.345
"2219","F81163",11.408
"2220","F81164",28.183
"2221","F81165",7.773
"2222","F81169",7.031
"2223","F81170",11.422
"2224","F81173",20.8
"2225","F81176",31.831
"2226","F81177",16.354
"2227","F81181",23.865
"2228","F81183",21.248
"2229","F81184",17.474
"2230","F81186",36.506
"2231","F81192",16.955
"2232","F81193",18.785
"2233","F81197",25.434
"2234","F81198",13.71
"2235","F81205",25.653
"2236","F81206",35.621
"2237","F81207",30.729
"2238","F81211",21.23
"2239","F81212",49.239
"2240","F81213",22.296
"2241","F81215",12.377
"2242","F81216",10.827
"2243","F81219",17.23
"2244","F81221",35.149
"2245","F81222",9.132
"2246","F81223",17.682
"2247","F81606",22.555
"2248","F81613",28.144
"2249","F81618",11.502
"2250","F81619",24.53
"2251","F81623",20.619
"2252","F81632",25.339
"2253","F81633",15.34
"2254","F81635",18.851
"2255","F81636",11.738
"2256","F81640",31.234
"2257","F81641",22.512
"2258","F81645",35.956
"2259","F81649",24.484
"2260","F81652",28.098
"2261","F81656",37.876
"2262","F81665",8.294
"2263","F81666",20.503
"2264","F81669",25.357
"2265","F81674",12.74
"2266","F81675",13.019
"2267","F81679",16.18
"2268","F81681",42.13
"2269","F81683",17.805
"2270","F81690",13.036
"2271","F81696",17.285
"2272","F81697",17.27
"2273","F81700",25.526
"2274","F81704",9.782
"2275","F81707",36.782
"2276","F81708",27.703
"2277","F81711",26.944
"2278","F81713",11.225
"2279","F81716",13.478
"2280","F81725",18.18
"2281","F81729",28.894
"2282","F81730",15.166
"2283","F81732",14.058
"2284","F81737",13.705
"2285","F81739",25.149
"2286","F81740",25.338
"2287","F81741",35.27
"2288","F81744",11.671
"2289","F81746",16.676
"2290","F81749",21.169
"2291","F81751",17.141
"2292","F81757",15.761
"2293","F82001",29.716
"2294","F82002",6.599
"2295","F82003",27.312
"2296","F82005",34.179
"2297","F82006",5.776
"2298","F82007",14.028
"2299","F82008",12.213
"2300","F82009",17.852
"2301","F82010",27.366
"2302","F82011",21.191
"2303","F82013",15.379
"2304","F82014",29.57
"2305","F82015",31.53
"2306","F82016",30.49
"2307","F82017",30.928
"2308","F82018",26.318
"2309","F82019",23.934
"2310","F82021",12.078
"2311","F82022",13.881
"2312","F82023",16.342
"2313","F82025",28.787
"2314","F82027",22.428
"2315","F82028",16.114
"2316","F82030",18.954
"2317","F82031",21.929
"2318","F82033",9.614
"2319","F82034",32.774
"2320","F82038",29.811
"2321","F82039",20.336
"2322","F82040",31.469
"2323","F82042",31.461
"2324","F82045",15.188
"2325","F82051",32.411
"2326","F82055",10.385
"2327","F82604",31.914
"2328","F82607",18.023
"2329","F82609",10.299
"2330","F82610",17.358
"2331","F82612",26.725
"2332","F82619",20.946
"2333","F82624",9.123
"2334","F82625",32.595
"2335","F82627",20.734
"2336","F82630",19.592
"2337","F82634",30.836
"2338","F82638",20.414
"2339","F82642",29.784
"2340","F82647",30.803
"2341","F82648",28.198
"2342","F82649",17.023
"2343","F82650",31.109
"2344","F82660",30.84
"2345","F82661",26.463
"2346","F82663",19.189
"2347","F82670",30.554
"2348","F82671",30.23
"2349","F82674",7.584
"2350","F82675",10.292
"2351","F82677",28.832
"2352","F82678",29.813
"2353","F82679",28.407
"2354","F82680",27.855
"2355","F82686",24.513
"2356","F83002",28.49
"2357","F83003",13.042
"2358","F83004",26.098
"2359","F83005",21.177
"2360","F83006",33.148
"2361","F83007",27.962
"2362","F83008",28.484
"2363","F83010",23.752
"2364","F83011",16.981
"2365","F83012",25.538
"2366","F83015",27.269
"2367","F83017",18.186
"2368","F83018",32.633
"2369","F83019",26.114
"2370","F83020",18.939
"2371","F83021",24.351
"2372","F83022",24.985
"2373","F83023",27.582
"2374","F83032",21.197
"2375","F83033",27.73
"2376","F83034",23.435
"2377","F83039",30.971
"2378","F83042",26.061
"2379","F83043",24.848
"2380","F83044",26.563
"2381","F83045",20.715
"2382","F83048",26.83
"2383","F83050",17.868
"2384","F83052",24.866
"2385","F83053",26.882
"2386","F83055",19.638
"2387","F83056",27.906
"2388","F83057",21.537
"2389","F83058",24.785
"2390","F83059",30.158
"2391","F83060",27.704
"2392","F83061",23.656
"2393","F83063",26.081
"2394","F83064",24.469
"2395","F83615",16.094
"2396","F83623",9.561
"2397","F83624",22.14
"2398","F83632",34.156
"2399","F83633",13.35
"2400","F83635",28.535
"2401","F83652",25.442
"2402","F83658",27.138
"2403","F83660",20.197
"2404","F83664",32.221
"2405","F83665",16.308
"2406","F83666",34.338
"2407","F83671",30.595
"2408","F83672",21.031
"2409","F83673",26.643
"2410","F83674",23.559
"2411","F83678",25.54
"2412","F83680",28.312
"2413","F83681",28.641
"2414","F83683",35.019
"2415","F83686",26.759
"2416","F84003",31.697
"2417","F84004",36.246
"2418","F84006",33.08
"2419","F84008",23.816
"2420","F84009",28.798
"2421","F84010",35.526
"2422","F84012",41.425
"2423","F84013",48.731
"2424","F84014",33.882
"2425","F84015",35.759
"2426","F84016",35.039
"2427","F84017",32.415
"2428","F84018",32.093
"2429","F84021",28.375
"2430","F84022",30.466
"2431","F84025",37.28
"2432","F84030",29.805
"2433","F84031",38.077
"2434","F84033",29.291
"2435","F84034",28.674
"2436","F84035",28.529
"2437","F84036",29.72
"2438","F84038",28.973
"2439","F84039",31.131
"2440","F84044",29.435
"2441","F84047",32.939
"2442","F84050",34.207
"2443","F84051",30.607
"2444","F84052",32.818
"2445","F84053",33.78
"2446","F84054",32.286
"2447","F84055",26.838
"2448","F84060",29.55
"2449","F84062",38.658
"2450","F84063",31.348
"2451","F84069",33.322
"2452","F84070",34.859
"2453","F84072",24.806
"2454","F84074",33.066
"2455","F84077",30.755
"2456","F84079",16.687
"2457","F84080",37.124
"2458","F84081",31.946
"2459","F84083",34.699
"2460","F84086",30.74
"2461","F84087",36.913
"2462","F84088",32.812
"2463","F84092",35.191
"2464","F84093",29.733
"2465","F84096",27.157
"2466","F84097",32.598
"2467","F84105",33.517
"2468","F84111",31.422
"2469","F84114",38.211
"2470","F84115",22.233
"2471","F84117",27.865
"2472","F84118",32.54
"2473","F84119",29.129
"2474","F84121",36.271
"2475","F84122",36.756
"2476","F84123",30.652
"2477","F84124",32.947
"2478","F84601",35.272
"2479","F84619",37.916
"2480","F84620",36.183
"2481","F84621",32.491
"2482","F84632",30.287
"2483","F84635",26.357
"2484","F84636",28.428
"2485","F84640",12.921
"2486","F84641",33.223
"2487","F84642",31.574
"2488","F84647",23.447
"2489","F84656",20.214
"2490","F84658",35.933
"2491","F84660",32.497
"2492","F84666",28.786
"2493","F84668",42.964
"2494","F84669",32.772
"2495","F84670",34.587
"2496","F84672",30.902
"2497","F84677",30.901
"2498","F84681",33.946
"2499","F84686",46.881
"2500","F84692",24.397
"2501","F84694",27.526
"2502","F84696",26.454
"2503","F84698",28.042
"2504","F84710",21.499
"2505","F84716",33.425
"2506","F84717",27.07
"2507","F84718",35.925
"2508","F84719",33.397
"2509","F84720",44.49
"2510","F84724",34.217
"2511","F84729",39.931
"2512","F84730",31.056
"2513","F84731",10.869
"2514","F84733",35.888
"2515","F84735",33.749
"2516","F84739",31.289
"2517","F84740",35.018
"2518","F84741",33.376
"2519","F84747",19.69
"2520","F84749",28.547
"2521","F85002",33.09
"2522","F85004",38.524
"2523","F85007",37.687
"2524","F85008",36.304
"2525","F85010",37.753
"2526","F85013",39.48
"2527","F85014",11.772
"2528","F85016",13.208
"2529","F85017",43.86
"2530","F85019",42.519
"2531","F85020",15.879
"2532","F85023",39.547
"2533","F85025",18.816
"2534","F85028",42.299
"2535","F85029",18.595
"2536","F85030",47.051
"2537","F85031",37.246
"2538","F85032",15.964
"2539","F85033",13.483
"2540","F85034",30.26
"2541","F85035",12.143
"2542","F85039",43.758
"2543","F85044",43.427
"2544","F85046",32.024
"2545","F85058",39.554
"2546","F85060",33.268
"2547","F85061",20.258
"2548","F85063",10.915
"2549","F85064",35.276
"2550","F85065",38.176
"2551","F85066",23.001
"2552","F85067",28.066
"2553","F85069",16.081
"2554","F85071",45.269
"2555","F85072",22.254
"2556","F85615",47.442
"2557","F85623",39.873
"2558","F85625",14.449
"2559","F85628",35.316
"2560","F85634",39.636
"2561","F85640",29.211
"2562","F85642",20.663
"2563","F85650",34.664
"2564","F85663",41.011
"2565","F85666",45.798
"2566","F85669",31.664
"2567","F85675",20.079
"2568","F85676",41.46
"2569","F85678",21.791
"2570","F85682",45.277
"2571","F85687",16.645
"2572","F85688",15.498
"2573","F85697",29.414
"2574","F85700",23.891
"2575","F85701",22.396
"2576","F85705",41.588
"2577","F86001",24.206
"2578","F86004",15.351
"2579","F86005",21.423
"2580","F86006",26.979
"2581","F86007",22.336
"2582","F86008",15.901
"2583","F86009",18.053
"2584","F86010",17.099
"2585","F86011",29.883
"2586","F86012",11.707
"2587","F86013",10.036
"2588","F86018",21.807
"2589","F86020",10.326
"2590","F86022",30.222
"2591","F86023",10.274
"2592","F86025",24.893
"2593","F86026",21.696
"2594","F86028",22.146
"2595","F86030",24.022
"2596","F86032",10.414
"2597","F86034",26.722
"2598","F86036",21.536
"2599","F86038",29.343
"2600","F86040",29.073
"2601","F86042",27.211
"2602","F86044",26.129
"2603","F86045",28.931
"2604","F86057",20.272
"2605","F86058",25.132
"2606","F86060",17.577
"2607","F86062",24.953
"2608","F86064",11.463
"2609","F86066",11.981
"2610","F86074",26.271
"2611","F86078",17.159
"2612","F86081",14.791
"2613","F86082",31.769
"2614","F86083",15.88
"2615","F86085",18.733
"2616","F86086",27.158
"2617","F86087",26.337
"2618","F86088",26.116
"2619","F86607",23.712
"2620","F86612",17.642
"2621","F86616",18.68
"2622","F86621",20.409
"2623","F86624",12.266
"2624","F86625",28.466
"2625","F86626",24.314
"2626","F86627",21.528
"2627","F86637",24.636
"2628","F86638",20.555
"2629","F86641",12.011
"2630","F86644",26.45
"2631","F86650",26.624
"2632","F86652",21.999
"2633","F86657",31.936
"2634","F86658",12.52
"2635","F86664",19.253
"2636","F86666",27.101
"2637","F86679",25.16
"2638","F86689",22.946
"2639","F86691",14.211
"2640","F86692",31.529
"2641","F86696",22.049
"2642","F86698",17.506
"2643","F86700",18.823
"2644","F86701",28.505
"2645","F86702",24.341
"2646","F86705",27.706
"2647","F86707",17.146
"2648","F86708",25.646
"2649","F86712",19.675
"2650","F86731",15.8
"2651","G81001",19.445
"2652","G81002",24.909
"2653","G81003",26.666
"2654","G81004",12.781
"2655","G81006",31.334
"2656","G81008",16.677
"2657","G81011",27.783
"2658","G81012",19.594
"2659","G81014",16.09
"2660","G81016",28.14
"2661","G81017",31.254
"2662","G81018",14.385
"2663","G81019",8.712
"2664","G81021",15.037
"2665","G81022",21.639
"2666","G81023",19.257
"2667","G81024",11.751
"2668","G81028",25.315
"2669","G81029",13.842
"2670","G81030",14.576
"2671","G81031",31.24
"2672","G81032",20.076
"2673","G81034",14.964
"2674","G81036",10.913
"2675","G81037",10.971
"2676","G81038",18.888
"2677","G81039",19.308
"2678","G81040",9.866
"2679","G81041",29.083
"2680","G81042",10.356
"2681","G81043",9.974
"2682","G81044",19.274
"2683","G81046",21.654
"2684","G81047",15.721
"2685","G81048",34.889
"2686","G81049",17.476
"2687","G81050",19.493
"2688","G81051",28.763
"2689","G81052",17.088
"2690","G81054",29.327
"2691","G81055",8.784
"2692","G81057",23.452
"2693","G81059",21.008
"2694","G81061",27.668
"2695","G81065",18.776
"2696","G81070",16.15
"2697","G81071",20.432
"2698","G81073",19.948
"2699","G81074",33.668
"2700","G81075",37.548
"2701","G81076",11.184
"2702","G81077",23.387
"2703","G81082",18.523
"2704","G81083",15.688
"2705","G81085",30.871
"2706","G81086",10.914
"2707","G81087",18.417
"2708","G81088",11.295
"2709","G81089",30.63
"2710","G81095",40.212
"2711","G81096",32.476
"2712","G81098",16.32
"2713","G81099",13.531
"2714","G81100",20.2
"2715","G81102",12.302
"2716","G81104",27.787
"2717","G81613",29.251
"2718","G81614",10.84
"2719","G81634",16.534
"2720","G81638",21.13
"2721","G81641",40.839
"2722","G81646",11.783
"2723","G81656",31.37
"2724","G81658",43.206
"2725","G81663",21.707
"2726","G81669",43.095
"2727","G81689",34.988
"2728","G81694",26.592
"2729","G82002",30.618
"2730","G82006",19.456
"2731","G82007",27.273
"2732","G82013",7.788
"2733","G82014",24.212
"2734","G82015",36.304
"2735","G82016",9.419
"2736","G82018",19.338
"2737","G82019",17.672
"2738","G82020",33.659
"2739","G82021",21.533
"2740","G82022",15.63
"2741","G82023",41.462
"2742","G82024",17.742
"2743","G82025",12.634
"2744","G82026",21.435
"2745","G82027",21.667
"2746","G82028",21.568
"2747","G82031",14.764
"2748","G82032",27.381
"2749","G82035",24.5
"2750","G82036",20.233
"2751","G82037",11.957
"2752","G82038",20.693
"2753","G82039",20.323
"2754","G82041",12.464
"2755","G82042",12.507
"2756","G82044",26.979
"2757","G82046",38.07
"2758","G82048",20.673
"2759","G82050",23.709
"2760","G82051",21.182
"2761","G82052",44.299
"2762","G82053",21.043
"2763","G82055",18.183
"2764","G82056",14.12
"2765","G82057",43.425
"2766","G82058",15.364
"2767","G82059",12.285
"2768","G82060",25.954
"2769","G82062",32.06
"2770","G82063",18.958
"2771","G82066",38.275
"2772","G82067",21.59
"2773","G82069",20.188
"2774","G82071",15.561
"2775","G82073",11.005
"2776","G82074",9.055
"2777","G82076",21.412
"2778","G82077",23.548
"2779","G82079",22.487
"2780","G82080",23.13
"2781","G82082",22.552
"2782","G82083",15.618
"2783","G82085",18.277
"2784","G82086",32.919
"2785","G82087",17.952
"2786","G82089",19.963
"2787","G82090",20.469
"2788","G82091",38.056
"2789","G82092",14.365
"2790","G82093",19.597
"2791","G82094",20.113
"2792","G82095",22.667
"2793","G82097",13.565
"2794","G82098",13.938
"2795","G82099",21.507
"2796","G82100",15.802
"2797","G82105",41.473
"2798","G82106",14.331
"2799","G82107",21.189
"2800","G82108",22.515
"2801","G82110",7.172
"2802","G82111",19.571
"2803","G82113",27.425
"2804","G82114",18.389
"2805","G82115",23.427
"2806","G82117",29.678
"2807","G82118",15.306
"2808","G82119",20.453
"2809","G82120",11.501
"2810","G82121",19.92
"2811","G82122",20.721
"2812","G82125",11.602
"2813","G82126",31.505
"2814","G82129",29.25
"2815","G82135",9.806
"2816","G82137",13.21
"2817","G82138",19.79
"2818","G82139",23.276
"2819","G82140",15.358
"2820","G82141",18.114
"2821","G82142",14.187
"2822","G82143",21.58
"2823","G82147",25.581
"2824","G82150",42.461
"2825","G82152",13.947
"2826","G82154",13.064
"2827","G82155",12.398
"2828","G82158",15.652
"2829","G82160",17.491
"2830","G82161",21.355
"2831","G82162",15.984
"2832","G82164",16.079
"2833","G82165",17.285
"2834","G82170",15.227
"2835","G82180",13.981
"2836","G82184",26.81
"2837","G82185",12.681
"2838","G82186",21.756
"2839","G82200",12.474
"2840","G82203",28.317
"2841","G82205",10.379
"2842","G82211",24.045
"2843","G82212",19.501
"2844","G82215",19.027
"2845","G82217",36.533
"2846","G82218",17.693
"2847","G82219",18.528
"2848","G82224",18.392
"2849","G82226",9.346
"2850","G82227",15.119
"2851","G82228",18.47
"2852","G82229",19.694
"2853","G82231",20.929
"2854","G82232",31.629
"2855","G82233",25.776
"2856","G82234",17.006
"2857","G82235",19.561
"2858","G82600",22.768
"2859","G82604",19.847
"2860","G82631",41.685
"2861","G82634",21.734
"2862","G82635",14.209
"2863","G82641",30.484
"2864","G82647",19.573
"2865","G82648",26.503
"2866","G82650",19.807
"2867","G82652",17.81
"2868","G82658",18.789
"2869","G82665",28.903
"2870","G82666",25.317
"2871","G82679",23.015
"2872","G82682",37.591
"2873","G82684",16.031
"2874","G82687",40.64
"2875","G82691",19.716
"2876","G82693",21.359
"2877","G82696",21.249
"2878","G82697",30.896
"2879","G82698",24.059
"2880","G82700",31.243
"2881","G82702",24.137
"2882","G82708",26.562
"2883","G82711",19.654
"2884","G82719",25.692
"2885","G82721",12.564
"2886","G82729",33.335
"2887","G82730",12.721
"2888","G82733",18.264
"2889","G82737",14.095
"2890","G82741",28.563
"2891","G82744",26.709
"2892","G82753",45.5
"2893","G82754",16.947
"2894","G82763",31.165
"2895","G82768",10.468
"2896","G82780",32.059
"2897","G82790",20.834
"2898","G82796",18.819
"2899","G82799",32.479
"2900","G82802",19.657
"2901","G82808",25.758
"2902","G82809",10.237
"2903","G82888",6.929
"2904","G83001",19.537
"2905","G83002",9.32
"2906","G83004",11.817
"2907","G83006",11.932
"2908","G83009",11.524
"2909","G83010",22.083
"2910","G83012",27.476
"2911","G83013",19.109
"2912","G83015",24.832
"2913","G83016",21.534
"2914","G83018",28.795
"2915","G83019",26.878
"2916","G83021",17.216
"2917","G83024",9.119
"2918","G83025",12.869
"2919","G83026",29.952
"2920","G83027",21.785
"2921","G83028",16.233
"2922","G83029",6.063
"2923","G83030",25.85
"2924","G83031",30.231
"2925","G83033",8.373
"2926","G83039",26.646
"2927","G83044",25.485
"2928","G83046",13.167
"2929","G83047",10.686
"2930","G83049",12.54
"2931","G83052",19.554
"2932","G83053",15.744
"2933","G83057",9.45
"2934","G83058",20.383
"2935","G83060",30.871
"2936","G83062",26.274
"2937","G83065",17.784
"2938","G83066",13.207
"2939","G83067",28.487
"2940","G83628",12.168
"2941","G83630",26.718
"2942","G83631",26.339
"2943","G83633",25.128
"2944","G83635",24.825
"2945","G83641",23.584
"2946","G83642",18.813
"2947","G83647",28.79
"2948","G83651",19.71
"2949","G83654",28.578
"2950","G83673",23.971
"2951","G83680",20.087
"2952","G84001",9.818
"2953","G84002",9.288
"2954","G84003",26.595
"2955","G84004",11.603
"2956","G84005",23.111
"2957","G84006",6.608
"2958","G84007",19.179
"2959","G84008",9.022
"2960","G84009",6.873
"2961","G84010",10.542
"2962","G84011",10.522
"2963","G84013",29.002
"2964","G84015",5.936
"2965","G84016",14.009
"2966","G84017",6.467
"2967","G84018",6.704
"2968","G84019",28.02
"2969","G84020",8.192
"2970","G84023",11.151
"2971","G84024",13.388
"2972","G84025",25.426
"2973","G84027",10.009
"2974","G84028",12.298
"2975","G84029",24.442
"2976","G84030",5.553
"2977","G84032",10.65
"2978","G84033",5.815
"2979","G84035",5.917
"2980","G84039",11.518
"2981","G84040",10.503
"2982","G84041",24.623
"2983","G84604",11.621
"2984","G84607",12.156
"2985","G84609",10.321
"2986","G84621",6.462
"2987","G84624",25.73
"2988","G84625",26.202
"2989","G84627",8.098
"2990","G84629",15.285
"2991","G84630",21.841
"2992","G85001",15.539
"2993","G85002",23.055
"2994","G85004",28.725
"2995","G85006",30.062
"2996","G85011",19.223
"2997","G85013",26.392
"2998","G85014",21.44
"2999","G85015",25.918
"3000","G85016",19.366
"3001","G85019",29.233
"3002","G85020",23.491
"3003","G85021",24.36
"3004","G85022",24.78
"3005","G85023",22.362
"3006","G85024",26.57
"3007","G85025",22.887
"3008","G85026",27.289
"3009","G85028",25.625
"3010","G85029",21.816
"3011","G85030",27.104
"3012","G85031",21.561
"3013","G85032",25.927
"3014","G85034",24.417
"3015","G85038",21.528
"3016","G85039",22.709
"3017","G85040",28.831
"3018","G85041",25.607
"3019","G85042",24.861
"3020","G85044",21.292
"3021","G85045",21.745
"3022","G85046",14.755
"3023","G85047",24.527
"3024","G85051",12.921
"3025","G85052",28.761
"3026","G85053",21.828
"3027","G85054",25.338
"3028","G85057",26.537
"3029","G85061",24.343
"3030","G85073",26.331
"3031","G85076",27.413
"3032","G85083",23.643
"3033","G85084",26.31
"3034","G85085",20.818
"3035","G85086",22.235
"3036","G85087",27.79
"3037","G85091",16.16
"3038","G85096",23.05
"3039","G85100",24.666
"3040","G85102",23.828
"3041","G85104",31.03
"3042","G85105",20.494
"3043","G85109",16.236
"3044","G85114",23.979
"3045","G85119",25.547
"3046","G85120",28.075
"3047","G85121",29.627
"3048","G85123",24.51
"3049","G85125",29.098
"3050","G85127",26.94
"3051","G85129",24.227
"3052","G85130",21.777
"3053","G85132",20.378
"3054","G85134",27.692
"3055","G85135",29.467
"3056","G85136",19.381
"3057","G85137",21.415
"3058","G85138",18.328
"3059","G85623",26.924
"3060","G85632",29.15
"3061","G85633",30.252
"3062","G85642",19.24
"3063","G85644",17.11
"3064","G85647",22.951
"3065","G85651",16.944
"3066","G85662",21.868
"3067","G85673",24.623
"3068","G85674",16.823
"3069","G85681",20.633
"3070","G85685",25.236
"3071","G85690",28.202
"3072","G85695",27.007
"3073","G85696",23.796
"3074","G85698",25.724
"3075","G85705",14.409
"3076","G85706",15.99
"3077","G85708",19.622
"3078","G85711",24.361
"3079","G85715",27.475
"3080","G85716",32.546
"3081","G85721",30.246
"3082","G85722",26.085
"3083","G85724",21.918
"3084","G85726",25.162
"3085","G85727",20.602
"3086","G85736",26.492
"3087","H81002",13.167
"3088","H81003",13.826
"3089","H81004",10.803
"3090","H81005",20.944
"3091","H81006",6.877
"3092","H81009",14.166
"3093","H81010",11.149
"3094","H81011",5.434
"3095","H81013",9.325
"3096","H81015",8.97
"3097","H81016",7.503
"3098","H81017",8.822
"3099","H81019",11.909
"3100","H81020",9.123
"3101","H81021",8.4
"3102","H81022",11.267
"3103","H81023",14.561
"3104","H81024",12.558
"3105","H81025",9.281
"3106","H81026",9.749
"3107","H81027",8.182
"3108","H81028",10.622
"3109","H81029",11.637
"3110","H81030",13.424
"3111","H81031",10.66
"3112","H81032",10.623
"3113","H81033",15.115
"3114","H81034",7.992
"3115","H81035",6.19
"3116","H81036",9.119
"3117","H81038",5.499
"3118","H81039",9.709
"3119","H81040",7.688
"3120","H81041",12.973
"3121","H81042",14.552
"3122","H81043",7.372
"3123","H81044",11.467
"3124","H81045",11.823
"3125","H81046",12.201
"3126","H81047",11.706
"3127","H81048",11.129
"3128","H81050",8.273
"3129","H81051",9.316
"3130","H81052",9.206
"3131","H81053",10.882
"3132","H81055",11.057
"3133","H81056",10.929
"3134","H81057",13.861
"3135","H81058",11.366
"3136","H81061",11.359
"3137","H81062",8.241
"3138","H81064",10.976
"3139","H81065",9.454
"3140","H81066",11.943
"3141","H81067",9.714
"3142","H81068",12.363
"3143","H81069",8.839
"3144","H81070",7.819
"3145","H81071",10.015
"3146","H81072",9.974
"3147","H81073",6.952
"3148","H81074",4.88
"3149","H81075",9.361
"3150","H81076",8.383
"3151","H81077",10.519
"3152","H81078",9.079
"3153","H81080",6.547
"3154","H81081",12.379
"3155","H81082",11.304
"3156","H81084",4.891
"3157","H81085",6.366
"3158","H81086",5.661
"3159","H81087",25.58
"3160","H81088",7.987
"3161","H81089",8.262
"3162","H81090",10.75
"3163","H81091",6.66
"3164","H81094",11.013
"3165","H81095",12.162
"3166","H81099",7.388
"3167","H81103",6.45
"3168","H81104",15.425
"3169","H81107",4.813
"3170","H81109",4.986
"3171","H81110",6.452
"3172","H81111",6.714
"3173","H81113",13.451
"3174","H81116",9.06
"3175","H81119",10.586
"3176","H81122",13.889
"3177","H81123",23.741
"3178","H81126",7.469
"3179","H81128",8.55
"3180","H81129",6.243
"3181","H81130",5.421
"3182","H81131",11.922
"3183","H81133",8.111
"3184","H81134",12.729
"3185","H81615",6.845
"3186","H81618",11.817
"3187","H81632",13.182
"3188","H81638",12.763
"3189","H81641",21.472
"3190","H81642",15.006
"3191","H81643",21.325
"3192","H81644",8.677
"3193","H81656",5.578
"3194","H81658",10.619
"3195","H81663",10.187
"3196","H81672",5.019
"3197","H82003",9.222
"3198","H82004",13.132
"3199","H82005",9.607
"3200","H82006",17.957
"3201","H82007",15.938
"3202","H82009",12.527
"3203","H82011",16.784
"3204","H82012",22.741
"3205","H82013",14.719
"3206","H82014",15.006
"3207","H82016",22.919
"3208","H82017",9.106
"3209","H82020",34.933
"3210","H82021",16.486
"3211","H82022",9.955
"3212","H82023",13.104
"3213","H82025",17.337
"3214","H82026",17.616
"3215","H82027",10.741
"3216","H82028",8.939
"3217","H82030",12.422
"3218","H82031",13.699
"3219","H82032",14.054
"3220","H82033",22.283
"3221","H82034",12.799
"3222","H82035",7.186
"3223","H82036",8.763
"3224","H82037",19.343
"3225","H82038",13.926
"3226","H82039",26.262
"3227","H82040",8.983
"3228","H82041",20.507
"3229","H82042",17.32
"3230","H82043",13.927
"3231","H82044",7.467
"3232","H82045",20.49
"3233","H82046",12.855
"3234","H82047",17.599
"3235","H82048",17.406
"3236","H82049",15.853
"3237","H82050",21.183
"3238","H82051",15.893
"3239","H82052",10.763
"3240","H82053",17.434
"3241","H82055",11.105
"3242","H82056",7.822
"3243","H82057",8.327
"3244","H82058",23.228
"3245","H82059",14.016
"3246","H82060",11.933
"3247","H82061",20.136
"3248","H82063",8.561
"3249","H82064",24.182
"3250","H82065",17.346
"3251","H82066",28.884
"3252","H82067",19.1
"3253","H82070",10.543
"3254","H82072",8.017
"3255","H82076",9.355
"3256","H82077",16.36
"3257","H82078",12.724
"3258","H82084",9.493
"3259","H82087",9.404
"3260","H82088",27.17
"3261","H82089",8.967
"3262","H82091",17.552
"3263","H82092",7.258
"3264","H82095",14.732
"3265","H82096",18.044
"3266","H82098",29.209
"3267","H82099",18.507
"3268","H82100",8.863
"3269","H82615",12.207
"3270","H82640",7.675
"3271","H83001",26.759
"3272","H83004",11.698
"3273","H83005",21.219
"3274","H83006",37.301
"3275","H83007",26.383
"3276","H83008",21.875
"3277","H83009",22.307
"3278","H83010",25.262
"3279","H83011",32.843
"3280","H83012",32.6
"3281","H83013",11.52
"3282","H83014",10.766
"3283","H83015",14.581
"3284","H83016",13.76
"3285","H83017",28.596
"3286","H83018",10.087
"3287","H83019",25.917
"3288","H83020",32.927
"3289","H83021",31.842
"3290","H83022",32.054
"3291","H83023",25.598
"3292","H83024",10.593
"3293","H83028",33.13
"3294","H83029",9.182
"3295","H83030",31.285
"3296","H83031",22.508
"3297","H83033",26.824
"3298","H83034",34.851
"3299","H83037",19.994
"3300","H83039",18.332
"3301","H83042",24.588
"3302","H83043",11.743
"3303","H83044",22.393
"3304","H83049",38.114
"3305","H83051",27.603
"3306","H83052",10.713
"3307","H83053",29.389
"3308","H83608",28.572
"3309","H83609",25.882
"3310","H83611",30.82
"3311","H83624",22.829
"3312","H83627",19.693
"3313","H83631",33.378
"3314","H84002",7.028
"3315","H84005",10.086
"3316","H84006",10.69
"3317","H84007",9.209
"3318","H84010",11.29
"3319","H84012",8.69
"3320","H84014",9.348
"3321","H84015",9.903
"3322","H84016",10.465
"3323","H84017",11.086
"3324","H84018",11.406
"3325","H84020",13.101
"3326","H84023",11.505
"3327","H84025",11.925
"3328","H84027",11.672
"3329","H84030",9.486
"3330","H84031",12.895
"3331","H84032",8.695
"3332","H84033",7.855
"3333","H84034",11.09
"3334","H84039",7.677
"3335","H84040",11.952
"3336","H84041",8.805
"3337","H84042",12.657
"3338","H84044",16.423
"3339","H84048",6.502
"3340","H84050",11.7
"3341","H84051",13.31
"3342","H84053",9.947
"3343","H84054",12.695
"3344","H84055",9.92
"3345","H84057",14.249
"3346","H84059",6.807
"3347","H84060",13.577
"3348","H84061",10.959
"3349","H84062",10.076
"3350","H84618",12.527
"3351","H84619",9.161
"3352","H84623",9.379
"3353","H84625",16.729
"3354","H84630",19.337
"3355","H84635",8.531
"3356","H84639",11.115
"3357","H85001",14.063
"3358","H85002",19.414
"3359","H85003",21.804
"3360","H85006",25.526
"3361","H85007",7.471
"3362","H85008",22.997
"3363","H85009",12.197
"3364","H85011",17.911
"3365","H85012",13.17
"3366","H85018",10.631
"3367","H85020",8.735
"3368","H85021",20.348
"3369","H85022",14.734
"3370","H85023",25.021
"3371","H85024",22.883
"3372","H85025",14.961
"3373","H85026",7.759
"3374","H85027",6.58
"3375","H85028",8.395
"3376","H85029",22.707
"3377","H85030",14.031
"3378","H85031",14.325
"3379","H85033",21.405
"3380","H85037",16.071
"3381","H85038",25.373
"3382","H85041",11.693
"3383","H85045",15.424
"3384","H85047",15.267
"3385","H85048",13.517
"3386","H85049",10.378
"3387","H85051",8.492
"3388","H85052",21.309
"3389","H85053",13.629
"3390","H85055",8.751
"3391","H85057",7.962
"3392","H85061",10.329
"3393","H85063",7.56
"3394","H85065",28.727
"3395","H85066",11.09
"3396","H85067",29.395
"3397","H85069",16.041
"3398","H85070",18.576
"3399","H85075",13.145
"3400","H85076",11.292
"3401","H85077",12.21
"3402","H85078",22.211
"3403","H85082",14.94
"3404","H85087",19.031
"3405","H85088",21.026
"3406","H85090",22.784
"3407","H85092",13.451
"3408","H85095",13.393
"3409","H85100",17.566
"3410","H85101",8.036
"3411","H85103",16.211
"3412","H85105",7.609
"3413","H85110",21.241
"3414","H85111",19.442
"3415","H85112",9.202
"3416","H85113",13.615
"3417","H85114",7.92
"3418","H85115",13.646
"3419","H85116",22.671
"3420","H85618",9.203
"3421","H85634",15.66
"3422","H85637",15.343
"3423","H85649",18.016
"3424","H85653",13.537
"3425","H85656",11.936
"3426","H85659",13.129
"3427","H85662",7.248
"3428","H85664",13.723
"3429","H85680",19.141
"3430","H85682",20.291
"3431","H85683",22.648
"3432","H85686",9.938
"3433","H85693",25.195
"3434","J81002",10.642
"3435","J81006",18.988
"3436","J81009",26.178
"3437","J81010",17.446
"3438","J81011",15.783
"3439","J81012",16.66
"3440","J81013",15.135
"3441","J81014",15.062
"3442","J81016",13.479
"3443","J81017",17.398
"3444","J81018",15.429
"3445","J81019",15.372
"3446","J81020",18.749
"3447","J81021",26.82
"3448","J81022",14.774
"3449","J81025",17.7
"3450","J81027",20.694
"3451","J81028",10.307
"3452","J81029",15.133
"3453","J81030",9.254
"3454","J81033",23.316
"3455","J81034",12.036
"3456","J81035",17.705
"3457","J81036",21.264
"3458","J81039",12.623
"3459","J81041",7.707
"3460","J81042",16.911
"3461","J81045",29.836
"3462","J81046",8.293
"3463","J81047",14.21
"3464","J81049",12.493
"3465","J81051",21.146
"3466","J81053",16.84
"3467","J81056",17.139
"3468","J81057",18.62
"3469","J81058",13.255
"3470","J81059",15.046
"3471","J81061",10.725
"3472","J81062",15.799
"3473","J81064",18.007
"3474","J81066",13.857
"3475","J81067",10.367
"3476","J81068",16.187
"3477","J81070",18.682
"3478","J81072",23.237
"3479","J81073",26.94
"3480","J81074",20.622
"3481","J81075",20.438
"3482","J81076",18.922
"3483","J81077",11.484
"3484","J81078",15.168
"3485","J81081",14.575
"3486","J81082",14.827
"3487","J81086",14.022
"3488","J81087",14.097
"3489","J81609",16.575
"3490","J81612",15.972
"3491","J81616",15.572
"3492","J81620",16.131
"3493","J81621",13.672
"3494","J81625",16.038
"3495","J81626",16.055
"3496","J81631",15.111
"3497","J81633",24.684
"3498","J81634",31.189
"3499","J81646",13.31
"3500","J81647",16.66
"3501","J81648",17.317
"3502","J82001",20.893
"3503","J82002",22.249
"3504","J82005",11.158
"3505","J82007",12.77
"3506","J82009",11.949
"3507","J82010",26.141
"3508","J82012",10.798
"3509","J82015",14.376
"3510","J82016",13.607
"3511","J82017",12.826
"3512","J82018",8.955
"3513","J82019",5.892
"3514","J82020",16.896
"3515","J82021",16.992
"3516","J82022",25.449
"3517","J82024",33.285
"3518","J82025",13.074
"3519","J82026",11.956
"3520","J82028",20.925
"3521","J82033",10.746
"3522","J82034",13.633
"3523","J82035",13.09
"3524","J82036",14.035
"3525","J82039",11.958
"3526","J82040",31.092
"3527","J82042",12.573
"3528","J82049",6.076
"3529","J82050",9.695
"3530","J82051",11.39
"3531","J82053",15.864
"3532","J82054",11.91
"3533","J82055",20.436
"3534","J82056",17.366
"3535","J82058",15.419
"3536","J82059",8.273
"3537","J82060",31.015
"3538","J82061",7.744
"3539","J82062",32.539
"3540","J82064",9.523
"3541","J82066",15.909
"3542","J82067",11.083
"3543","J82069",14.428
"3544","J82071",17.729
"3545","J82072",13.09
"3546","J82073",21.325
"3547","J82074",9.794
"3548","J82075",12.218
"3549","J82076",21.779
"3550","J82079",10.436
"3551","J82080",18.889
"3552","J82081",25.779
"3553","J82082",19.831
"3554","J82083",25.436
"3555","J82084",22.951
"3556","J82085",32.761
"3557","J82087",24.297
"3558","J82088",23.226
"3559","J82092",20.341
"3560","J82094",10.338
"3561","J82098",10.616
"3562","J82099",4.766
"3563","J82101",25.866
"3564","J82102",15.365
"3565","J82103",14.829
"3566","J82104",5.33
"3567","J82106",12.469
"3568","J82110",4.602
"3569","J82112",13.493
"3570","J82115",24.065
"3571","J82116",7.068
"3572","J82119",12.265
"3573","J82120",9.672
"3574","J82121",9.445
"3575","J82122",27.161
"3576","J82124",9.975
"3577","J82125",14.241
"3578","J82126",15.166
"3579","J82128",23.802
"3580","J82129",8.252
"3581","J82130",8.874
"3582","J82131",12.416
"3583","J82132",14.44
"3584","J82134",17.6
"3585","J82136",9.592
"3586","J82138",7.848
"3587","J82139",9.537
"3588","J82142",14.699
"3589","J82143",4.756
"3590","J82144",14.952
"3591","J82145",9.55
"3592","J82146",11.599
"3593","J82147",7.203
"3594","J82149",24.977
"3595","J82150",10.182
"3596","J82151",11.636
"3597","J82152",25.667
"3598","J82154",8.62
"3599","J82155",30.235
"3600","J82156",15.63
"3601","J82157",11.612
"3602","J82161",8.871
"3603","J82163",13.41
"3604","J82169",14.409
"3605","J82174",5.168
"3606","J82178",19.518
"3607","J82181",23.462
"3608","J82184",13.686
"3609","J82194",21.485
"3610","J82196",32.354
"3611","J82198",16.024
"3612","J82199",32.166
"3613","J82201",10.802
"3614","J82207",17.85
"3615","J82208",24.881
"3616","J82210",17.149
"3617","J82213",30.101
"3618","J82214",10.823
"3619","J82215",12.652
"3620","J82216",6.815
"3621","J82218",10.154
"3622","J82605",19.284
"3623","J82622",19.006
"3624","J82625",8.008
"3625","J82628",7.71
"3626","J82630",11.628
"3627","J82639",10.184
"3628","J82640",9.291
"3629","J82646",34.17
"3630","J82669",27.716
"3631","J83001",13.444
"3632","J83002",13.896
"3633","J83003",14.318
"3634","J83004",10.795
"3635","J83005",14.028
"3636","J83006",10.662
"3637","J83007",12.525
"3638","J83008",16.357
"3639","J83009",11.721
"3640","J83010",12.386
"3641","J83011",15.655
"3642","J83013",9.819
"3643","J83014",15.778
"3644","J83016",16.593
"3645","J83018",14.322
"3646","J83019",16.398
"3647","J83021",16.211
"3648","J83022",12.167
"3649","J83023",14.61
"3650","J83024",31.666
"3651","J83026",13.867
"3652","J83027",25.631
"3653","J83029",10.866
"3654","J83030",10.07
"3655","J83033",19.113
"3656","J83034",15.691
"3657","J83035",23.184
"3658","J83036",16.568
"3659","J83037",13.914
"3660","J83038",26.772
"3661","J83039",14.661
"3662","J83040",14.797
"3663","J83041",10.498
"3664","J83042",12.491
"3665","J83043",10.282
"3666","J83045",10.327
"3667","J83046",15.104
"3668","J83047",17.846
"3669","J83048",14.638
"3670","J83049",15.202
"3671","J83050",13.03
"3672","J83052",15.205
"3673","J83053",15.331
"3674","J83055",10.186
"3675","J83056",14.669
"3676","J83057",14.84
"3677","J83058",17.637
"3678","J83059",12.266
"3679","J83060",17.246
"3680","J83064",12.585
"3681","J83601",14.586
"3682","J83603",12.576
"3683","J83609",12.27
"3684","J83615",15.236
"3685","J83618",13.468
"3686","J83619",14.754
"3687","J83625",9.317
"3688","J83629",15.946
"3689","J83630",19.098
"3690","J83633",16.779
"3691","J83645",22.55
"3692","J83646",18.916
"3693","J84003",31.969
"3694","J84004",24.221
"3695","J84005",27.731
"3696","J84007",15.73
"3697","J84008",27.131
"3698","J84011",26.424
"3699","J84012",28.38
"3700","J84013",26.418
"3701","J84015",15.513
"3702","J84016",24.581
"3703","J84017",23.208
"3704","J84019",24.173
"3705","K81001",10.837
"3706","K81002",12.197
"3707","K81003",8.952
"3708","K81004",14.605
"3709","K81007",18.958
"3710","K81010",5.052
"3711","K81012",8.247
"3712","K81014",8.074
"3713","K81015",10.129
"3714","K81017",10.681
"3715","K81018",7.469
"3716","K81019",12.631
"3717","K81020",9.457
"3718","K81021",13.672
"3719","K81022",6.805
"3720","K81024",19.228
"3721","K81025",6.862
"3722","K81026",20.825
"3723","K81027",10.862
"3724","K81028",4.863
"3725","K81030",9.455
"3726","K81034",25.257
"3727","K81036",10.993
"3728","K81040",22.957
"3729","K81041",6.687
"3730","K81042",6.414
"3731","K81043",25.157
"3732","K81045",8.884
"3733","K81046",9.028
"3734","K81047",4.723
"3735","K81048",26.504
"3736","K81050",11.617
"3737","K81051",7.899
"3738","K81052",16.438
"3739","K81055",7.677
"3740","K81056",13.198
"3741","K81057",15.066
"3742","K81060",7.173
"3743","K81062",20.797
"3744","K81063",13.247
"3745","K81066",7.465
"3746","K81068",8.905
"3747","K81069",6.187
"3748","K81070",4.629
"3749","K81073",10.971
"3750","K81074",8.711
"3751","K81075",24.626
"3752","K81076",6.173
"3753","K81077",12.153
"3754","K81078",20.237
"3755","K81080",5.837
"3756","K81081",20.58
"3757","K81082",19.007
"3758","K81083",24.334
"3759","K81084",6.456
"3760","K81085",24.185
"3761","K81086",24.476
"3762","K81087",14.639
"3763","K81092",4.044
"3764","K81094",14.057
"3765","K81097",8.443
"3766","K81100",15.238
"3767","K81102",8.397
"3768","K81103",11.029
"3769","K81605",15.705
"3770","K81607",11.795
"3771","K81608",23.562
"3772","K81610",11.231
"3773","K81616",22.128
"3774","K81630",11.635
"3775","K81633",16.287
"3776","K81636",18.713
"3777","K81644",13.594
"3778","K81645",23.55
"3779","K81651",17.279
"3780","K81655",6.534
"3781","K81656",11.933
"3782","K81657",15.392
"3783","K82001",6.681
"3784","K82003",27.862
"3785","K82004",6.519
"3786","K82006",14.583
"3787","K82007",11.886
"3788","K82008",5.609
"3789","K82009",12.559
"3790","K82010",18.538
"3791","K82011",6.851
"3792","K82012",5.73
"3793","K82013",19.401
"3794","K82014",12.743
"3795","K82015",18.154
"3796","K82016",12.067
"3797","K82017",16.038
"3798","K82019",19.926
"3799","K82020",15.97
"3800","K82021",10.032
"3801","K82022",18.319
"3802","K82023",9.878
"3803","K82024",14.918
"3804","K82025",18.673
"3805","K82026",22.046
"3806","K82027",26.155
"3807","K82028",7.635
"3808","K82030",19.863
"3809","K82031",10.446
"3810","K82032",23.288
"3811","K82033",13.161
"3812","K82035",8.468
"3813","K82036",20.085
"3814","K82037",13.464
"3815","K82038",14.865
"3816","K82039",18.481
"3817","K82040",17.626
"3818","K82044",15.953
"3819","K82045",8.704
"3820","K82046",5.603
"3821","K82047",9.812
"3822","K82048",15.951
"3823","K82049",7.183
"3824","K82051",5.101
"3825","K82053",16.854
"3826","K82054",36.407
"3827","K82055",14.232
"3828","K82057",9.057
"3829","K82058",15.759
"3830","K82059",23.331
"3831","K82061",11.181
"3832","K82064",28.645
"3833","K82065",24.917
"3834","K82066",8.482
"3835","K82068",13.028
"3836","K82070",12.322
"3837","K82073",8.647
"3838","K82078",5.777
"3839","K82079",13.467
"3840","K82603",18.058
"3841","K82610",38.278
"3842","K82615",14.802
"3843","K82617",13.321
"3844","K82618",8.083
"3845","K82621",7.815
"3846","K82631",10.591
"3847","K82633",11.255
"3848","K83002",23.263
"3849","K83003",21.713
"3850","K83005",25.287
"3851","K83006",19.042
"3852","K83007",15.647
"3853","K83008",13.553
"3854","K83009",11.688
"3855","K83010",17.593
"3856","K83011",17.765
"3857","K83012",19.765
"3858","K83013",21.047
"3859","K83014",24.671
"3860","K83015",17.856
"3861","K83017",12.896
"3862","K83018",9.004
"3863","K83019",11.041
"3864","K83021",16.364
"3865","K83022",8.997
"3866","K83023",9.536
"3867","K83024",17.066
"3868","K83025",27.943
"3869","K83026",24.667
"3870","K83027",24.674
"3871","K83028",17.679
"3872","K83029",18.703
"3873","K83030",13.934
"3874","K83031",13.97
"3875","K83032",17.596
"3876","K83035",20.903
"3877","K83036",18.805
"3878","K83037",14.016
"3879","K83039",20.569
"3880","K83040",25.825
"3881","K83041",15.595
"3882","K83042",24.532
"3883","K83043",20.197
"3884","K83044",15.132
"3885","K83047",20.667
"3886","K83048",28.77
"3887","K83049",9.268
"3888","K83050",24.157
"3889","K83051",18.651
"3890","K83052",10.299
"3891","K83053",11.644
"3892","K83055",8.135
"3893","K83056",22.435
"3894","K83059",21.809
"3895","K83064",10.29
"3896","K83065",12.149
"3897","K83066",12.091
"3898","K83068",11.331
"3899","K83069",13.893
"3900","K83070",11.958
"3901","K83076",25.38
"3902","K83077",19.577
"3903","K83080",11.892
"3904","K83081",20.076
"3905","K83601",11.513
"3906","K83610",13.374
"3907","K83614",21.499
"3908","K83616",12.416
"3909","K83618",25.703
"3910","K83620",9.51
"3911","K83621",27.394
"3912","K83622",18.321
"3913","K84001",7.289
"3914","K84002",9.319
"3915","K84003",11.795
"3916","K84004",20.237
"3917","K84006",8.332
"3918","K84007",20.04
"3919","K84008",10.736
"3920","K84009",12.553
"3921","K84010",10.889
"3922","K84011",7.496
"3923","K84012",9.89
"3924","K84013",15.161
"3925","K84014",9.125
"3926","K84015",11.355
"3927","K84016",7.817
"3928","K84017",10.796
"3929","K84019",10.778
"3930","K84020",6.22
"3931","K84021",6.804
"3932","K84023",14.928
"3933","K84024",17.156
"3934","K84026",7.436
"3935","K84027",10.376
"3936","K84028",16.857
"3937","K84030",13.77
"3938","K84031",30.01
"3939","K84032",16.799
"3940","K84033",10.904
"3941","K84034",9.761
"3942","K84035",7.183
"3943","K84036",8.478
"3944","K84037",8.482
"3945","K84038",11.371
"3946","K84041",9.852
"3947","K84042",8.051
"3948","K84043",8.998
"3949","K84044",10.484
"3950","K84045",7.873
"3951","K84046",9.929
"3952","K84047",12.098
"3953","K84050",7.346
"3954","K84051",11.395
"3955","K84052",11.501
"3956","K84054",10.276
"3957","K84055",9.848
"3958","K84056",13.418
"3959","K84058",10.482
"3960","K84059",12.323
"3961","K84060",14.072
"3962","K84062",15.981
"3963","K84063",17.955
"3964","K84065",13.79
"3965","K84071",6.76
"3966","K84072",10.806
"3967","K84075",8.684
"3968","K84078",8.761
"3969","K84079",5.9
"3970","K84080",9.911
"3971","K84082",8.779
"3972","K84605",10.122
"3973","K84610",10.463
"3974","K84613",10.082
"3975","K84618",9.151
"3976","K84624",7.251
"3977","L81004",7.224
"3978","L81007",19.824
"3979","L81008",30.205
"3980","L81009",21.893
"3981","L81010",16.979
"3982","L81012",24.644
"3983","L81013",20.717
"3984","L81014",9.586
"3985","L81015",34.707
"3986","L81016",33.654
"3987","L81017",8.061
"3988","L81018",10.737
"3989","L81019",11.914
"3990","L81020",11.729
"3991","L81021",13.112
"3992","L81022",23.134
"3993","L81023",29.298
"3994","L81024",12.456
"3995","L81025",13.12
"3996","L81026",12.468
"3997","L81027",8.608
"3998","L81029",12.172
"3999","L81030",10.928
"4000","L81031",20.175
"4001","L81033",18.312
"4002","L81034",6.902
"4003","L81037",31.826
"4004","L81038",19.41
"4005","L81039",12.441
"4006","L81040",10.743
"4007","L81041",56.483
"4008","L81042",12.561
"4009","L81044",26.459
"4010","L81045",10.143
"4011","L81046",9.54
"4012","L81047",12.272
"4013","L81050",9.661
"4014","L81051",26.733
"4015","L81053",22.201
"4016","L81054",39.4
"4017","L81055",16.859
"4018","L81058",18.313
"4019","L81059",11.827
"4020","L81061",33.388
"4021","L81062",20.552
"4022","L81063",17.373
"4023","L81065",12.337
"4024","L81066",18.939
"4025","L81068",12.324
"4026","L81069",28.031
"4027","L81070",9.485
"4028","L81071",11.109
"4029","L81072",10.395
"4030","L81073",12.059
"4031","L81075",17.144
"4032","L81078",10.516
"4033","L81079",9.798
"4034","L81081",7.864
"4035","L81082",23.089
"4036","L81083",56.291
"4037","L81084",19.958
"4038","L81085",12.474
"4039","L81086",12.117
"4040","L81087",22.187
"4041","L81089",37.68
"4042","L81090",10.359
"4043","L81091",8.845
"4044","L81095",42.676
"4045","L81098",25.386
"4046","L81103",11.958
"4047","L81106",10.97
"4048","L81118",10.094
"4049","L81120",17.636
"4050","L81122",11.118
"4051","L81123",13.569
"4052","L81125",16.863
"4053","L81127",13.495
"4054","L81130",10.818
"4055","L81131",5.342
"4056","L81132",14.439
"4057","L81133",11.877
"4058","L81600",7.03
"4059","L81617",9.778
"4060","L81632",9.573
"4061","L81642",12.203
"4062","L81643",17.919
"4063","L81644",12.408
"4064","L81669",22.803
"4065","L81670",53.727
"4066","L82001",17.158
"4067","L82003",20.53
"4068","L82004",18.121
"4069","L82006",16.187
"4070","L82007",28.276
"4071","L82008",23.428
"4072","L82010",26.768
"4073","L82011",29.066
"4074","L82012",22.132
"4075","L82013",20.058
"4076","L82015",19.809
"4077","L82016",25.211
"4078","L82018",20.033
"4079","L82022",25.126
"4080","L82023",22.569
"4081","L82025",20.609
"4082","L82026",24.335
"4083","L82028",17.321
"4084","L82029",18.308
"4085","L82030",25.022
"4086","L82035",20.333
"4087","L82036",21.147
"4088","L82038",28
"4089","L82039",22.089
"4090","L82041",27.05
"4091","L82042",24.673
"4092","L82043",20.908
"4093","L82044",28.812
"4094","L82045",17.842
"4095","L82046",15.418
"4096","L82047",23.499
"4097","L82048",20.333
"4098","L82049",16.714
"4099","L82050",27.384
"4100","L82051",33.702
"4101","L82052",15.696
"4102","L82054",18.351
"4103","L82056",22.746
"4104","L82057",28.241
"4105","L82058",25.52
"4106","L82059",18.58
"4107","L82061",13.941
"4108","L82066",15.758
"4109","L82068",22.536
"4110","L82070",28.752
"4111","L82620",24.364
"4112","L82622",13.083
"4113","L83002",15.639
"4114","L83003",26.061
"4115","L83004",14.736
"4116","L83005",20.142
"4117","L83006",29.427
"4118","L83007",12.16
"4119","L83008",25.6
"4120","L83010",19.753
"4121","L83011",12.788
"4122","L83012",25.148
"4123","L83013",25.473
"4124","L83014",24.012
"4125","L83015",34.902
"4126","L83016",15.089
"4127","L83019",18.804
"4128","L83020",18.491
"4129","L83021",10.325
"4130","L83023",21.818
"4131","L83024",17.121
"4132","L83025",25.088
"4133","L83026",21.46
"4134","L83027",38.781
"4135","L83028",31.117
"4136","L83029",30.382
"4137","L83030",35.702
"4138","L83031",14.215
"4139","L83034",18.966
"4140","L83035",21.013
"4141","L83036",14.215
"4142","L83038",18.34
"4143","L83039",28.337
"4144","L83040",14.356
"4145","L83041",14.692
"4146","L83042",16.63
"4147","L83043",17.561
"4148","L83044",16.978
"4149","L83045",15.24
"4150","L83046",18.097
"4151","L83048",15.495
"4152","L83049",18.14
"4153","L83050",20.17
"4154","L83051",17.942
"4155","L83052",20.813
"4156","L83054",13.528
"4157","L83055",21.723
"4158","L83056",15.718
"4159","L83057",17.081
"4160","L83058",18.975
"4161","L83059",15.963
"4162","L83064",10.12
"4163","L83066",15.083
"4164","L83067",11.713
"4165","L83069",26.806
"4166","L83070",22.093
"4167","L83071",32.038
"4168","L83072",27.447
"4169","L83073",24.008
"4170","L83075",17.894
"4171","L83076",25.156
"4172","L83077",13.942
"4173","L83079",12.627
"4174","L83081",13.372
"4175","L83082",19.339
"4176","L83083",23.654
"4177","L83084",15.359
"4178","L83085",22.116
"4179","L83086",15.104
"4180","L83087",21.077
"4181","L83088",15.514
"4182","L83089",17.235
"4183","L83092",15.489
"4184","L83094",19.083
"4185","L83095",12.616
"4186","L83096",27.481
"4187","L83097",12.603
"4188","L83098",20.921
"4189","L83099",15.294
"4190","L83100",11.273
"4191","L83101",17.643
"4192","L83102",15.13
"4193","L83103",28.171
"4194","L83105",22.161
"4195","L83106",25.19
"4196","L83111",28.012
"4197","L83112",29.699
"4198","L83113",36.931
"4199","L83115",21.277
"4200","L83116",11.723
"4201","L83118",28.181
"4202","L83120",16.195
"4203","L83127",19.069
"4204","L83128",15.844
"4205","L83129",26.679
"4206","L83131",25.186
"4207","L83134",16.402
"4208","L83136",18.196
"4209","L83137",22.787
"4210","L83143",12.814
"4211","L83146",17.487
"4212","L83147",19.703
"4213","L83148",17.772
"4214","L83607",28.803
"4215","L83616",15.489
"4216","L83624",42.079
"4217","L83628",18.598
"4218","L83639",8.345
"4219","L83646",33.657
"4220","L83648",19.533
"4221","L83651",51.029
"4222","L83655",22.846
"4223","L83663",25.786
"4224","L83666",24.855
"4225","L84003",13.825
"4226","L84004",10.562
"4227","L84005",10.689
"4228","L84006",16.162
"4229","L84007",13.816
"4230","L84008",16.436
"4231","L84009",14.847
"4232","L84010",11.297
"4233","L84011",19.851
"4234","L84012",11.313
"4235","L84014",7.95
"4236","L84015",6.101
"4237","L84016",8.358
"4238","L84018",12.121
"4239","L84021",19.72
"4240","L84022",15.736
"4241","L84023",15.048
"4242","L84024",20.651
"4243","L84025",12.148
"4244","L84026",22.02
"4245","L84027",12.19
"4246","L84028",22.069
"4247","L84029",20.344
"4248","L84030",11.589
"4249","L84031",12.731
"4250","L84033",13.544
"4251","L84034",20.525
"4252","L84036",8.12
"4253","L84037",17.417
"4254","L84038",13.074
"4255","L84039",13.837
"4256","L84040",5.117
"4257","L84041",12.399
"4258","L84043",11.992
"4259","L84045",16.706
"4260","L84046",22.974
"4261","L84047",10.032
"4262","L84048",7.815
"4263","L84049",16.227
"4264","L84050",24.774
"4265","L84051",10.14
"4266","L84052",34.195
"4267","L84053",10.219
"4268","L84054",14.029
"4269","L84058",19.338
"4270","L84059",14.133
"4271","L84060",12.503
"4272","L84063",13.833
"4273","L84065",11.833
"4274","L84067",7.605
"4275","L84068",12.631
"4276","L84069",20.471
"4277","L84072",12.56
"4278","L84075",14.399
"4279","L84077",14.686
"4280","L84080",14.349
"4281","L84081",29.628
"4282","L84084",14.768
"4283","L84085",21.178
"4284","L84606",13.6
"4285","L84613",14.889
"4286","L84617",14.286
"4287","L85001",17.194
"4288","L85002",15.276
"4289","L85003",27.121
"4290","L85004",17.494
"4291","L85006",17.496
"4292","L85007",20.706
"4293","L85008",17.084
"4294","L85009",26.467
"4295","L85010",28.585
"4296","L85011",12.089
"4297","L85012",16.83
"4298","L85013",19.684
"4299","L85014",24.928
"4300","L85015",17.179
"4301","L85016",23.253
"4302","L85017",20.52
"4303","L85018",18.801
"4304","L85019",24.861
"4305","L85020",14.341
"4306","L85021",9.458
"4307","L85022",17.804
"4308","L85023",19.627
"4309","L85024",20.234
"4310","L85025",25.603
"4311","L85026",19.03
"4312","L85027",18.596
"4313","L85029",15.643
"4314","L85030",21.69
"4315","L85031",17.316
"4316","L85032",17.93
"4317","L85033",17.651
"4318","L85034",15.341
"4319","L85035",22.646
"4320","L85036",16.906
"4321","L85037",19.081
"4322","L85038",17.497
"4323","L85039",18.2
"4324","L85040",17.277
"4325","L85042",26.141
"4326","L85043",18.069
"4327","L85044",16.662
"4328","L85046",17.758
"4329","L85047",21.599
"4330","L85048",15.382
"4331","L85051",26.084
"4332","L85052",18.56
"4333","L85053",17.603
"4334","L85054",17.783
"4335","L85055",12.925
"4336","L85056",18.427
"4337","L85061",17.816
"4338","L85062",24.938
"4339","L85064",22.05
"4340","L85065",25.897
"4341","L85066",16.977
"4342","L85601",17.492
"4343","L85607",22.97
"4344","L85609",13.832
"4345","L85611",15.287
"4346","L85624",17.663
"4347","M81001",22.819
"4348","M81002",24.216
"4349","M81004",16.318
"4350","M81005",26.593
"4351","M81006",12.11
"4352","M81007",11.737
"4353","M81008",22.812
"4354","M81009",22.247
"4355","M81010",26.377
"4356","M81011",16.93
"4357","M81012",16.253
"4358","M81015",18.977
"4359","M81016",23.711
"4360","M81017",31.159
"4361","M81018",20.875
"4362","M81019",21.942
"4363","M81020",24.159
"4364","M81021",11.04
"4365","M81022",19.76
"4366","M81024",18.334
"4367","M81025",16.734
"4368","M81026",17.914
"4369","M81027",5.486
"4370","M81029",12.747
"4371","M81032",14.213
"4372","M81033",15.473
"4373","M81034",18.316
"4374","M81035",16.052
"4375","M81037",16.355
"4376","M81038",16.552
"4377","M81039",15.871
"4378","M81040",21.466
"4379","M81041",18.528
"4380","M81042",19.118
"4381","M81043",19.329
"4382","M81044",16.887
"4383","M81045",17.243
"4384","M81046",16.722
"4385","M81047",18.415
"4386","M81048",22.148
"4387","M81049",15.494
"4388","M81054",23.209
"4389","M81055",26.623
"4390","M81056",25.556
"4391","M81057",19.128
"4392","M81058",17.969
"4393","M81061",16.345
"4394","M81063",15.995
"4395","M81064",11.682
"4396","M81066",18.287
"4397","M81067",20.567
"4398","M81068",21.995
"4399","M81069",13.704
"4400","M81070",14.911
"4401","M81072",18.269
"4402","M81074",17.196
"4403","M81075",18.295
"4404","M81076",12.191
"4405","M81077",8.71
"4406","M81078",5.299
"4407","M81081",16.188
"4408","M81082",14.53
"4409","M81083",9.116
"4410","M81084",13.891
"4411","M81090",14.813
"4412","M81091",13.578
"4413","M81092",17.6
"4414","M81093",22.885
"4415","M81094",17.992
"4416","M81600",15.605
"4417","M81604",16.358
"4418","M81605",10.944
"4419","M81608",18.572
"4420","M81616",19.144
"4421","M81617",16.111
"4422","M81627",16.889
"4423","M81629",15.972
"4424","M82002",11.111
"4425","M82003",35.832
"4426","M82004",16.707
"4427","M82005",19.218
"4428","M82006",18.816
"4429","M82007",22.979
"4430","M82008",14.977
"4431","M82009",31.13
"4432","M82010",18.409
"4433","M82011",18.616
"4434","M82012",26.523
"4435","M82013",18.9
"4436","M82014",20.19
"4437","M82016",9.441
"4438","M82017",16.386
"4439","M82018",11.593
"4440","M82019",17.857
"4441","M82020",16.75
"4442","M82021",12.614
"4443","M82022",20.606
"4444","M82023",14.722
"4445","M82024",20.493
"4446","M82025",18.012
"4447","M82026",18.993
"4448","M82028",11.014
"4449","M82030",18.222
"4450","M82032",23.313
"4451","M82033",23.817
"4452","M82034",15.033
"4453","M82035",20.547
"4454","M82038",12.337
"4455","M82039",25.874
"4456","M82040",16.78
"4457","M82041",21.022
"4458","M82042",46.627
"4459","M82043",20.298
"4460","M82046",25.712
"4461","M82047",13.901
"4462","M82048",18.054
"4463","M82051",20.044
"4464","M82056",12.449
"4465","M82057",22.125
"4466","M82058",20.178
"4467","M82059",13.673
"4468","M82060",14.406
"4469","M82601",17.679
"4470","M82606",19.117
"4471","M82616",36.922
"4472","M82620",22.35
"4473","M83001",17.3
"4474","M83004",27.563
"4475","M83005",28.729
"4476","M83006",10.587
"4477","M83007",21.499
"4478","M83009",16.354
"4479","M83010",30.512
"4480","M83011",11.461
"4481","M83012",17.561
"4482","M83013",10.709
"4483","M83014",25.959
"4484","M83015",13.381
"4485","M83016",13.813
"4486","M83017",13.086
"4487","M83018",11.824
"4488","M83020",11.945
"4489","M83021",39.345
"4490","M83022",9.234
"4491","M83023",19.641
"4492","M83024",17.105
"4493","M83025",18.787
"4494","M83026",25.207
"4495","M83027",10.907
"4496","M83028",37.983
"4497","M83030",13.652
"4498","M83031",10.697
"4499","M83032",19.089
"4500","M83033",19.553
"4501","M83034",23.471
"4502","M83035",9.95
"4503","M83036",21.298
"4504","M83037",10.499
"4505","M83038",24.252
"4506","M83042",17.776
"4507","M83044",17.631
"4508","M83045",12.096
"4509","M83046",15.379
"4510","M83047",25.124
"4511","M83048",16.638
"4512","M83049",14.197
"4513","M83050",17.263
"4514","M83051",21.909
"4515","M83052",10.195
"4516","M83054",17.673
"4517","M83056",15.982
"4518","M83057",18.212
"4519","M83059",10.804
"4520","M83061",21.55
"4521","M83062",19.354
"4522","M83063",19.666
"4523","M83065",7.885
"4524","M83066",19.551
"4525","M83067",20.088
"4526","M83068",33.44
"4527","M83069",11.951
"4528","M83070",11.246
"4529","M83071",17.811
"4530","M83072",14.872
"4531","M83073",22.955
"4532","M83074",13.751
"4533","M83075",39.586
"4534","M83076",39.55
"4535","M83079",17.587
"4536","M83084",18.566
"4537","M83088",19.104
"4538","M83089",15.679
"4539","M83090",31.494
"4540","M83092",12.274
"4541","M83093",12.378
"4542","M83094",31.581
"4543","M83096",16.104
"4544","M83097",14.786
"4545","M83100",27.797
"4546","M83102",44.032
"4547","M83103",15.735
"4548","M83107",22.685
"4549","M83108",16.547
"4550","M83109",18.116
"4551","M83110",22.11
"4552","M83111",23.01
"4553","M83113",25.362
"4554","M83117",21.311
"4555","M83121",11.706
"4556","M83122",17.675
"4557","M83123",31.093
"4558","M83125",19.246
"4559","M83126",31.804
"4560","M83127",43.938
"4561","M83129",16.794
"4562","M83130",21.952
"4563","M83132",10.956
"4564","M83138",13.998
"4565","M83139",26.721
"4566","M83140",18.763
"4567","M83141",12.093
"4568","M83143",33.368
"4569","M83146",42.662
"4570","M83148",20.674
"4571","M83601",10.648
"4572","M83608",15.187
"4573","M83616",22.325
"4574","M83617",14.337
"4575","M83619",28.208
"4576","M83624",39.302
"4577","M83625",38.257
"4578","M83627",42.398
"4579","M83632",13.183
"4580","M83637",25.837
"4581","M83638",21.312
"4582","M83640",12.176
"4583","M83641",19.414
"4584","M83650",35.358
"4585","M83661",35.138
"4586","M83668",12.925
"4587","M83670",13.888
"4588","M83680",13.473
"4589","M83681",29.036
"4590","M83682",41.768
"4591","M83691",10.373
"4592","M83693",21.027
"4593","M83697",27.755
"4594","M83698",16.194
"4595","M83701",23.001
"4596","M83703",17.46
"4597","M83709",15.581
"4598","M83711",8.732
"4599","M83713",33.355
"4600","M83715",21.58
"4601","M83717",18.166
"4602","M83718",31.813
"4603","M83719",16.05
"4604","M83723",32.687
"4605","M83725",43.273
"4606","M83727",17.272
"4607","M83738",17.921
"4608","M84001",25.191
"4609","M84002",12.789
"4610","M84003",27.38
"4611","M84004",13.06
"4612","M84005",28.066
"4613","M84006",17.85
"4614","M84007",17.753
"4615","M84008",25.178
"4616","M84009",13.929
"4617","M84010",12.05
"4618","M84011",26.776
"4619","M84012",21.998
"4620","M84013",5.616
"4621","M84014",10.364
"4622","M84015",14.936
"4623","M84016",13.341
"4624","M84017",9.812
"4625","M84018",13.037
"4626","M84019",23.013
"4627","M84020",14.233
"4628","M84021",11.61
"4629","M84022",29.344
"4630","M84023",15.44
"4631","M84024",11.927
"4632","M84025",12.475
"4633","M84026",10
"4634","M84028",11.645
"4635","M84029",10.953
"4636","M84030",12.44
"4637","M84031",14.385
"4638","M84032",14.621
"4639","M84034",14.103
"4640","M84035",16.488
"4641","M84036",5.633
"4642","M84037",11.694
"4643","M84040",11.709
"4644","M84041",27.044
"4645","M84042",14.358
"4646","M84043",11.257
"4647","M84044",10.858
"4648","M84046",8.754
"4649","M84047",9.607
"4650","M84049",11.744
"4651","M84050",15.938
"4652","M84051",24.536
"4653","M84055",25.253
"4654","M84059",14.607
"4655","M84060",12.125
"4656","M84061",15.044
"4657","M84062",13.967
"4658","M84063",10.262
"4659","M84064",10.802
"4660","M84065",16.762
"4661","M84066",15.405
"4662","M84067",15.277
"4663","M84069",9.949
"4664","M84070",10.957
"4665","M84609",23.828
"4666","M84612",18.527
"4667","M84615",24.879
"4668","M84616",13.119
"4669","M84618",22.338
"4670","M84620",13.88
"4671","M84621",30.481
"4672","M84627",27.645
"4673","M84629",10.664
"4674","M85001",50.577
"4675","M85005",53.299
"4676","M85006",36.089
"4677","M85007",34.729
"4678","M85009",38.225
"4679","M85011",42.518
"4680","M85013",51.22
"4681","M85014",44.276
"4682","M85016",43.188
"4683","M85018",31.387
"4684","M85019",24.22
"4685","M85020",55.147
"4686","M85021",34.594
"4687","M85023",41.551
"4688","M85024",55.616
"4689","M85025",26.643
"4690","M85026",10.425
"4691","M85027",32.602
"4692","M85028",25.484
"4693","M85029",25.958
"4694","M85030",35.939
"4695","M85031",43.778
"4696","M85033",12.191
"4697","M85034",51.9
"4698","M85035",41.781
"4699","M85037",19.748
"4700","M85041",20.004
"4701","M85042",21.522
"4702","M85043",50.323
"4703","M85046",9.59
"4704","M85047",30.813
"4705","M85048",33.502
"4706","M85051",51.104
"4707","M85053",52.722
"4708","M85055",20.843
"4709","M85056",31.386
"4710","M85058",23.142
"4711","M85060",21.337
"4712","M85061",51.17
"4713","M85062",35.509
"4714","M85063",35.953
"4715","M85065",32.823
"4716","M85066",47.75
"4717","M85070",45.661
"4718","M85071",31.422
"4719","M85074",31.411
"4720","M85076",43.466
"4721","M85077",17.287
"4722","M85078",43.694
"4723","M85079",47.013
"4724","M85081",39.704
"4725","M85082",49.304
"4726","M85084",52.602
"4727","M85086",27.045
"4728","M85087",41.497
"4729","M85088",33.942
"4730","M85094",51.227
"4731","M85097",27.469
"4732","M85098",36.879
"4733","M85105",39.185
"4734","M85107",48.806
"4735","M85108",59.315
"4736","M85110",53.075
"4737","M85113",38.675
"4738","M85115",30.453
"4739","M85116",49.036
"4740","M85117",43.522
"4741","M85118",15.336
"4742","M85123",53.832
"4743","M85124",33.811
"4744","M85128",54.496
"4745","M85136",47.348
"4746","M85139",54.122
"4747","M85141",47.744
"4748","M85143",40.795
"4749","M85145",30.611
"4750","M85146",53.646
"4751","M85149",52.633
"4752","M85153",54.402
"4753","M85154",53.392
"4754","M85155",39.426
"4755","M85156",25.422
"4756","M85158",27.8
"4757","M85164",52.408
"4758","M85167",14.363
"4759","M85170",55.061
"4760","M85171",31.511
"4761","M85172",24.048
"4762","M85174",54.296
"4763","M85175",10.95
"4764","M85176",52.823
"4765","M85177",35.511
"4766","M85178",49.943
"4767","M85179",35.558
"4768","M85600",30.381
"4769","M85624",36.136
"4770","M85634",52.441
"4771","M85642",45.072
"4772","M85669",47.237
"4773","M85670",54.985
"4774","M85676",55.174
"4775","M85679",54.086
"4776","M85680",54.635
"4777","M85684",41.365
"4778","M85686",50.876
"4779","M85693",24.901
"4780","M85694",34.767
"4781","M85697",54.605
"4782","M85699",54.818
"4783","M85701",56.435
"4784","M85706",48.136
"4785","M85711",34.122
"4786","M85713",50.244
"4787","M85715",53.452
"4788","M85716",48.042
"4789","M85717",45.589
"4790","M85721",52.521
"4791","M85722",50.763
"4792","M85730",33.882
"4793","M85732",51.135
"4794","M85733",28.304
"4795","M85735",50.164
"4796","M85736",44.417
"4797","M85739",54.66
"4798","M85746",51.252
"4799","M85749",51.879
"4800","M85756",47.703
"4801","M85757",53.535
"4802","M85759",53.103
"4803","M85766",52.509
"4804","M85770",32.311
"4805","M85774",44.027
"4806","M85778",20.906
"4807","M85779",42.595
"4808","M85781",55.57
"4809","M85783",48.106
"4810","M85792",24.28
"4811","M85794",55.874
"4812","M85797",32.502
"4813","M85803",53.779
"4814","M86001",42.15
"4815","M86002",39.7
"4816","M86003",25.07
"4817","M86004",12.277
"4818","M86005",37.2
"4819","M86006",20.439
"4820","M86007",12.646
"4821","M86008",28.689
"4822","M86009",29.723
"4823","M86010",22.363
"4824","M86012",38.159
"4825","M86014",22.251
"4826","M86015",25.07
"4827","M86016",32.866
"4828","M86017",26.932
"4829","M86018",21.063
"4830","M86019",20.939
"4831","M86020",46.021
"4832","M86021",21.033
"4833","M86027",19.722
"4834","M86028",39.468
"4835","M86029",16.022
"4836","M86030",17.29
"4837","M86032",29.183
"4838","M86033",38.343
"4839","M86034",23.185
"4840","M86035",41.753
"4841","M86037",19.217
"4842","M86038",19.564
"4843","M86039",11.753
"4844","M86040",21.614
"4845","M86041",33.262
"4846","M86044",29.332
"4847","M86045",38.085
"4848","M86046",20.548
"4849","M86048",32.917
"4850","M86605",23.255
"4851","M86610",30.483
"4852","M86612",40.728
"4853","M86617",36.331
"4854","M86622",14.926
"4855","M86624",34.272
"4856","M86627",36.578
"4857","M86633",43.999
"4858","M86638",24.84
"4859","M87001",13.265
"4860","M87003",9.913
"4861","M87005",16.198
"4862","M87006",32.244
"4863","M87007",20.752
"4864","M87008",16.483
"4865","M87009",25.288
"4866","M87010",34.663
"4867","M87011",14.127
"4868","M87012",38.027
"4869","M87013",30.908
"4870","M87014",12.362
"4871","M87015",19.571
"4872","M87016",22.863
"4873","M87017",41.729
"4874","M87018",13.656
"4875","M87019",31.176
"4876","M87020",16.41
"4877","M87021",31.137
"4878","M87023",15.618
"4879","M87024",25.789
"4880","M87025",39.334
"4881","M87026",34.91
"4882","M87027",26.682
"4883","M87028",32.981
"4884","M87030",28.277
"4885","M87034",26.714
"4886","M87036",41.35
"4887","M87037",14.489
"4888","M87041",18.023
"4889","M87601",40.518
"4890","M87602",15.494
"4891","M87605",40.842
"4892","M87612",34.842
"4893","M87617",35.99
"4894","M87618",13.757
"4895","M87620",20.329
"4896","M87621",27.789
"4897","M87623",24.865
"4898","M87628",34.166
"4899","M87638",23.691
"4900","M88001",39.11
"4901","M88002",36.488
"4902","M88003",24.149
"4903","M88004",32.024
"4904","M88006",40.262
"4905","M88007",34.916
"4906","M88008",33.276
"4907","M88009",35.851
"4908","M88010",45.558
"4909","M88013",37.077
"4910","M88014",34.098
"4911","M88015",19.786
"4912","M88016",33.274
"4913","M88018",32.726
"4914","M88019",36.95
"4915","M88020",26.019
"4916","M88021",17.26
"4917","M88022",35.027
"4918","M88023",38.919
"4919","M88026",30.997
"4920","M88030",31.301
"4921","M88035",33.78
"4922","M88038",38.026
"4923","M88040",38.23
"4924","M88041",41.901
"4925","M88042",28.394
"4926","M88043",26.62
"4927","M88600",37.611
"4928","M88610",38.352
"4929","M88612",40.819
"4930","M88616",37.387
"4931","M88618",34.807
"4932","M88619",36.619
"4933","M88620",30.639
"4934","M88625",38.115
"4935","M88626",38.521
"4936","M88628",35.413
"4937","M88630",36.504
"4938","M88633",36.722
"4939","M88635",32.483
"4940","M88639",38.667
"4941","M88640",33.237
"4942","M88643",35.925
"4943","M88645",27.766
"4944","M88646",37.475
"4945","M88647",37.384
"4946","M89001",25.439
"4947","M89002",42.543
"4948","M89003",11.727
"4949","M89005",11.323
"4950","M89007",17.556
"4951","M89008",43.347
"4952","M89009",26.83
"4953","M89010",5.096
"4954","M89012",45.713
"4955","M89013",43.785
"4956","M89015",14.286
"4957","M89016",9.846
"4958","M89017",8.822
"4959","M89019",17.556
"4960","M89021",20.224
"4961","M89024",28.062
"4962","M89026",30.146
"4963","M89027",42.06
"4964","M89030",4.91
"4965","M89608",8.866
"4966","M91003",23.083
"4967","M91004",45.873
"4968","M91006",28.655
"4969","M91007",22.434
"4970","M91008",42.194
"4971","M91009",22.876
"4972","M91010",13.186
"4973","M91013",33.54
"4974","M91014",44.149
"4975","M91015",29.279
"4976","M91016",27.258
"4977","M91017",13.863
"4978","M91018",40.55
"4979","M91019",23.123
"4980","M91021",33.714
"4981","M91024",19.544
"4982","M91026",39.794
"4983","M91028",35.651
"4984","M91029",41.756
"4985","M91032",14.818
"4986","M91033",33.401
"4987","M91034",34.433
"4988","M91036",47.72
"4989","M91602",43.626
"4990","M91609",28.055
"4991","M91611",49.967
"4992","M91612",42.295
"4993","M91613",43.414
"4994","M91614",31.457
"4995","M91616",41.305
"4996","M91619",31.102
"4997","M91621",44.255
"4998","M91623",28.666
"4999","M91624",38.931
"5000","M91626",28.207
"5001","M91628",39.886
"5002","M91629",46.899
"5003","M91637",4.95
"5004","M91639",26.314
"5005","M91640",42.893
"5006","M91641",40.906
"5007","M91642",18.809
"5008","M91647",41.27
"5009","M91650",39.952
"5010","M91654",22.753
"5011","M91659",46.224
"5012","M92001",40.391
"5013","M92004",36.368
"5014","M92006",20.785
"5015","M92008",16.539
"5016","M92009",29.261
"5017","M92010",14.227
"5018","M92011",27.583
"5019","M92012",35.852
"5020","M92013",45.505
"5021","M92015",38.006
"5022","M92016",42.683
"5023","M92019",39.878
"5024","M92022",30.423
"5025","M92026",29.403
"5026","M92028",42.986
"5027","M92029",21.505
"5028","M92039",31.129
"5029","M92040",35.853
"5030","M92041",29.176
"5031","M92043",19.301
"5032","M92607",37.757
"5033","M92609",29.108
"5034","M92612",35.639
"5035","M92627",37.52
"5036","M92629",31.621
"5037","M92630",41.244
"5038","M92649",37.549
"5039","M92654",41.786
"5040","N81001",13.095
"5041","N81002",5.485
"5042","N81005",13.376
"5043","N81006",14.748
"5044","N81007",15.094
"5045","N81008",10.537
"5046","N81009",8.846
"5047","N81010",12.46
"5048","N81011",23.096
"5049","N81012",20.771
"5050","N81013",17.016
"5051","N81014",6.906
"5052","N81016",28.854
"5053","N81018",9.593
"5054","N81019",40.953
"5055","N81020",7.365
"5056","N81022",6.923
"5057","N81024",28.982
"5058","N81025",13.083
"5059","N81027",13.366
"5060","N81028",15.81
"5061","N81029",16.277
"5062","N81030",11.68
"5063","N81031",10.504
"5064","N81032",10.27
"5065","N81033",6.188
"5066","N81034",12.595
"5067","N81035",21.469
"5068","N81036",22.42
"5069","N81037",32.995
"5070","N81038",14.952
"5071","N81039",14.386
"5072","N81040",28.668
"5073","N81041",21.707
"5074","N81043",8.6
"5075","N81044",21.229
"5076","N81045",28.494
"5077","N81046",13.511
"5078","N81047",12.173
"5079","N81048",28.732
"5080","N81049",12.185
"5081","N81050",19.758
"5082","N81051",14.615
"5083","N81052",14.454
"5084","N81053",27.594
"5085","N81054",39.708
"5086","N81055",15.956
"5087","N81056",27.655
"5088","N81057",29.807
"5089","N81059",11.369
"5090","N81060",11.577
"5091","N81061",19.17
"5092","N81062",15.629
"5093","N81063",32.612
"5094","N81064",36.918
"5095","N81065",22.971
"5096","N81066",32.032
"5097","N81067",15.235
"5098","N81068",28.276
"5099","N81069",9.208
"5100","N81070",15.784
"5101","N81071",13.065
"5102","N81072",34.246
"5103","N81074",32.646
"5104","N81075",8.151
"5105","N81077",7.791
"5106","N81079",20.605
"5107","N81080",19.958
"5108","N81081",16.508
"5109","N81082",18.329
"5110","N81083",23.891
"5111","N81084",10.363
"5112","N81085",15.882
"5113","N81086",7.603
"5114","N81087",12.803
"5115","N81088",16.637
"5116","N81089",21.786
"5117","N81090",12.479
"5118","N81092",18.438
"5119","N81093",22.062
"5120","N81096",37.844
"5121","N81097",25.948
"5122","N81100",10.388
"5123","N81101",11.624
"5124","N81102",17.431
"5125","N81107",20.937
"5126","N81108",6.817
"5127","N81109",17.705
"5128","N81111",11.601
"5129","N81113",20.345
"5130","N81114",21.794
"5131","N81115",24.251
"5132","N81117",30.415
"5133","N81118",13.311
"5134","N81119",37.355
"5135","N81120",9.395
"5136","N81121",18.958
"5137","N81122",8.321
"5138","N81123",31.539
"5139","N81125",12.733
"5140","N81127",27.437
"5141","N81607",37.903
"5142","N81614",15.303
"5143","N81619",39.344
"5144","N81623",6.442
"5145","N81624",11.373
"5146","N81626",40.001
"5147","N81628",29.028
"5148","N81632",15.54
"5149","N81637",31.561
"5150","N81642",13.748
"5151","N81645",33.304
"5152","N81651",21.576
"5153","N82001",48.998
"5154","N82002",48.052
"5155","N82003",44.283
"5156","N82004",37.801
"5157","N82009",15.783
"5158","N82011",56.899
"5159","N82014",22.845
"5160","N82018",46.195
"5161","N82019",44.834
"5162","N82022",46.327
"5163","N82024",23.54
"5164","N82026",15.216
"5165","N82033",44.857
"5166","N82034",33.884
"5167","N82035",19.973
"5168","N82036",50.978
"5169","N82037",32.249
"5170","N82039",12.871
"5171","N82041",17.663
"5172","N82046",37.761
"5173","N82048",57.812
"5174","N82049",59.029
"5175","N82050",32.698
"5176","N82052",50.005
"5177","N82053",25.144
"5178","N82054",40.167
"5179","N82058",42.8
"5180","N82059",26.224
"5181","N82062",17.416
"5182","N82065",49.603
"5183","N82066",16.521
"5184","N82067",57.643
"5185","N82070",39.339
"5186","N82073",17.132
"5187","N82074",40.447
"5188","N82076",50.935
"5189","N82077",53.45
"5190","N82078",53.826
"5191","N82079",19.415
"5192","N82081",50.262
"5193","N82082",26.709
"5194","N82083",37.058
"5195","N82084",22.843
"5196","N82086",47.496
"5197","N82087",47.688
"5198","N82089",52.089
"5199","N82090",42.72
"5200","N82091",46.278
"5201","N82092",19.873
"5202","N82093",37.72
"5203","N82094",37.656
"5204","N82095",54.396
"5205","N82097",54.023
"5206","N82099",60.815
"5207","N82101",59.066
"5208","N82103",53.838
"5209","N82104",33.171
"5210","N82106",18.009
"5211","N82107",15.076
"5212","N82108",12.761
"5213","N82109",45.723
"5214","N82110",45.987
"5215","N82113",54.417
"5216","N82115",51.627
"5217","N82116",25.028
"5218","N82117",26.06
"5219","N82617",23.1
"5220","N82633",34.927
"5221","N82641",34.771
"5222","N82645",46.4
"5223","N82646",48.926
"5224","N82648",34.367
"5225","N82650",49.177
"5226","N82651",57.935
"5227","N82655",49.061
"5228","N82662",50.215
"5229","N82663",29.959
"5230","N82664",17.831
"5231","N82668",55.68
"5232","N82669",56.45
"5233","N82671",54.276
"5234","N82676",19.694
"5235","N82678",43.932
"5236","N83001",33.629
"5237","N83002",25.571
"5238","N83003",33.806
"5239","N83005",26.886
"5240","N83006",34.633
"5241","N83007",34.793
"5242","N83008",45.598
"5243","N83009",47.64
"5244","N83010",14.485
"5245","N83012",31.185
"5246","N83013",29.441
"5247","N83014",33.945
"5248","N83017",40.033
"5249","N83018",55.374
"5250","N83019",12.572
"5251","N83020",29.362
"5252","N83021",36.081
"5253","N83023",42.843
"5254","N83024",27.976
"5255","N83025",47.539
"5256","N83026",34.384
"5257","N83027",30.746
"5258","N83028",32.378
"5259","N83030",28.884
"5260","N83031",32.776
"5261","N83032",40.586
"5262","N83033",46.523
"5263","N83035",30.417
"5264","N83041",11.723
"5265","N83043",38.253
"5266","N83045",27.281
"5267","N83047",23.201
"5268","N83049",12.634
"5269","N83050",32.6
"5270","N83053",17.649
"5271","N83054",28.793
"5272","N83601",45.335
"5273","N83603",28.488
"5274","N83605",23.17
"5275","N83608",38.133
"5276","N83609",34.674
"5277","N83610",40.695
"5278","N83614",17.32
"5279","N83619",25.961
"5280","N83620",36.992
"5281","N83621",44.571
"5282","N83622",48.276
"5283","N83633",35.511
"5284","N83637",34.866
"5285","N84001",17.691
"5286","N84002",44.281
"5287","N84003",10.854
"5288","N84004",39.237
"5289","N84005",25.686
"5290","N84006",8.91
"5291","N84007",26.647
"5292","N84008",20.636
"5293","N84010",12.946
"5294","N84011",22.041
"5295","N84012",15.186
"5296","N84013",23.254
"5297","N84014",17.818
"5298","N84015",48.028
"5299","N84016",53.804
"5300","N84017",18.561
"5301","N84018",8.85
"5302","N84019",49.031
"5303","N84020",14.024
"5304","N84021",32.155
"5305","N84023",43.292
"5306","N84024",15.535
"5307","N84025",11.859
"5308","N84027",35.872
"5309","N84028",51.632
"5310","N84029",41.501
"5311","N84034",49.791
"5312","N84035",32.845
"5313","N84038",43.518
"5314","N84041",18.392
"5315","N84605",41.124
"5316","N84613",16.713
"5317","N84614",17.664
"5318","N84615",43.268
"5319","N84617",19.815
"5320","N84621",21.549
"5321","N84625",17.93
"5322","N84626",9.953
"5323","N85002",10.775
"5324","N85005",14.385
"5325","N85006",16.067
"5326","N85007",13.091
"5327","N85008",9.482
"5328","N85012",31.147
"5329","N85013",18.107
"5330","N85015",35.292
"5331","N85016",44.45
"5332","N85017",48.605
"5333","N85018",19.057
"5334","N85019",51.177
"5335","N85020",40.25
"5336","N85021",54.736
"5337","N85022",21.443
"5338","N85023",35.239
"5339","N85024",45.232
"5340","N85025",24.573
"5341","N85027",41.613
"5342","N85028",28.606
"5343","N85031",48.459
"5344","N85032",7.698
"5345","N85037",37.484
"5346","N85038",56.285
"5347","N85044",32.028
"5348","N85046",20.971
"5349","N85047",16.924
"5350","N85048",26.341
"5351","N85051",28.707
"5352","N85052",23.371
"5353","N85054",16.837
"5354","N85057",21.274
"5355","N85059",11.482
"5356","N85616",39.776
"5357","N85617",9.659
"5358","N85620",24.475
"5359","N85625",44.072
"5360","N85629",53.855
"5361","N85633",18.917
"5362","N85634",54.568
"5363","N85640",49.542
"5364","N85643",28.704
"5365","N85648",30.979
"5366","P81002",18.551
"5367","P81003",18.456
"5368","P81005",33.032
"5369","P81006",11.025
"5370","P81008",39.44
"5371","P81010",11.751
"5372","P81013",16.459
"5373","P81014",11.423
"5374","P81015",14.347
"5375","P81016",51.415
"5376","P81017",7.685
"5377","P81018",9.217
"5378","P81020",39.037
"5379","P81022",32.601
"5380","P81025",35.423
"5381","P81027",32.863
"5382","P81029",11.263
"5383","P81031",20.823
"5384","P81032",39.521
"5385","P81033",18.819
"5386","P81035",49.283
"5387","P81036",36.965
"5388","P81037",15.168
"5389","P81038",22.745
"5390","P81039",35.767
"5391","P81040",7.04
"5392","P81041",11.058
"5393","P81042",59.907
"5394","P81043",63.51
"5395","P81044",21.44
"5396","P81045",10.975
"5397","P81046",36.95
"5398","P81047",37.921
"5399","P81051",29.546
"5400","P81053",27.115
"5401","P81054",36.911
"5402","P81055",11.468
"5403","P81057",20.228
"5404","P81058",35.731
"5405","P81059",12.759
"5406","P81061",36.732
"5407","P81062",20.184
"5408","P81063",56.869
"5409","P81065",28.916
"5410","P81066",44.474
"5411","P81067",17.774
"5412","P81069",11.209
"5413","P81070",38.257
"5414","P81071",47.486
"5415","P81072",33.607
"5416","P81073",23.099
"5417","P81074",33.686
"5418","P81076",16.547
"5419","P81077",12.244
"5420","P81078",22.327
"5421","P81079",15.209
"5422","P81081",35.422
"5423","P81082",15.817
"5424","P81083",15.624
"5425","P81084",14.15
"5426","P81086",37.719
"5427","P81087",19.626
"5428","P81088",26.444
"5429","P81089",44.841
"5430","P81092",22.93
"5431","P81095",39.903
"5432","P81096",7.888
"5433","P81099",22.263
"5434","P81100",11.451
"5435","P81103",18.311
"5436","P81107",10.95
"5437","P81112",25.267
"5438","P81113",11.639
"5439","P81115",57.078
"5440","P81117",18.026
"5441","P81118",23.887
"5442","P81119",28.361
"5443","P81123",44.024
"5444","P81125",32.213
"5445","P81127",19.818
"5446","P81128",14.781
"5447","P81129",14.635
"5448","P81130",31.652
"5449","P81132",30.02
"5450","P81133",16.766
"5451","P81136",27.088
"5452","P81137",40.675
"5453","P81138",12.568
"5454","P81140",30.832
"5455","P81143",9.535
"5456","P81147",42.769
"5457","P81149",12.209
"5458","P81150",21.028
"5459","P81154",12.887
"5460","P81155",17.249
"5461","P81157",13.469
"5462","P81159",35.996
"5463","P81160",40.301
"5464","P81165",37.642
"5465","P81166",37.399
"5466","P81167",43.24
"5467","P81169",30.388
"5468","P81170",50.062
"5469","P81171",8.945
"5470","P81172",35.294
"5471","P81179",14.14
"5472","P81180",32.17
"5473","P81181",17.83
"5474","P81182",50.17
"5475","P81184",41.462
"5476","P81185",12.13
"5477","P81186",20.919
"5478","P81191",12.197
"5479","P81196",31.153
"5480","P81197",35.382
"5481","P81201",27.68
"5482","P81208",34.732
"5483","P81212",27.262
"5484","P81213",23.283
"5485","P81214",32.627
"5486","P81218",32.726
"5487","P81620",16.691
"5488","P81622",38.802
"5489","P81633",23.181
"5490","P81646",11.999
"5491","P81647",37.791
"5492","P81655",9.761
"5493","P81664",30.299
"5494","P81668",39.715
"5495","P81674",11.968
"5496","P81681",31.289
"5497","P81683",38.425
"5498","P81685",38.672
"5499","P81686",27.145
"5500","P81687",7.005
"5501","P81692",8.653
"5502","P81694",47.519
"5503","P81695",8.123
"5504","P81699",30.224
"5505","P81701",24.684
"5506","P81704",35.46
"5507","P81707",45.4
"5508","P81709",46.081
"5509","P81710",9.72
"5510","P81711",36.371
"5511","P81714",33.568
"5512","P81721",36.086
"5513","P81724",45.497
"5514","P81726",42.903
"5515","P81730",29.725
"5516","P81731",47.256
"5517","P81732",22.127
"5518","P81734",41.827
"5519","P81735",44.605
"5520","P81736",46.675
"5521","P81740",16.889
"5522","P81741",18.104
"5523","P81742",17.157
"5524","P81748",22.663
"5525","P81755",30.719
"5526","P81757",18.185
"5527","P81770",37.684
"5528","P81771",37.113
"5529","P81780",49.433
"5530","P82001",37.805
"5531","P82002",40.686
"5532","P82003",19.422
"5533","P82004",41.867
"5534","P82005",18.978
"5535","P82006",21.647
"5536","P82007",29.683
"5537","P82008",41.805
"5538","P82009",32.852
"5539","P82010",40.774
"5540","P82011",36.388
"5541","P82012",44.031
"5542","P82013",44.578
"5543","P82014",23.994
"5544","P82015",16.213
"5545","P82016",23.969
"5546","P82018",42.192
"5547","P82020",31.415
"5548","P82021",27.444
"5549","P82022",41.68
"5550","P82023",13.141
"5551","P82025",28.344
"5552","P82029",43.276
"5553","P82030",44.239
"5554","P82031",20.577
"5555","P82033",43.472
"5556","P82034",12.257
"5557","P82036",24.68
"5558","P82037",41.479
"5559","P82607",31.879
"5560","P82609",41.703
"5561","P82613",25.155
"5562","P82616",42.004
"5563","P82624",39.771
"5564","P82625",39.935
"5565","P82626",46.285
"5566","P82627",28.528
"5567","P82629",44.008
"5568","P82633",44.525
"5569","P82634",38.494
"5570","P82640",42.896
"5571","P82643",9.582
"5572","P82652",41.775
"5573","P82660",41.39
"5574","P83001",20.221
"5575","P83004",22.315
"5576","P83005",29.165
"5577","P83006",15.933
"5578","P83007",31.37
"5579","P83009",17.061
"5580","P83010",29.724
"5581","P83011",21.513
"5582","P83012",22.917
"5583","P83015",28.045
"5584","P83017",22.103
"5585","P83021",32.518
"5586","P83024",33.214
"5587","P83025",25.447
"5588","P83027",20.145
"5589","P83603",27.209
"5590","P83605",22.106
"5591","P83608",22.986
"5592","P83609",19.933
"5593","P83611",39.999
"5594","P83612",14.159
"5595","P83620",13.122
"5596","P83621",44.475
"5597","P83623",21.646
"5598","P84004",47.54
"5599","P84005",27.317
"5600","P84009",44.653
"5601","P84010",28.289
"5602","P84012",25.715
"5603","P84014",49.038
"5604","P84016",41.324
"5605","P84017",32.566
"5606","P84018",26.205
"5607","P84019",48.677
"5608","P84020",46.002
"5609","P84021",37.497
"5610","P84022",29.012
"5611","P84023",35.032
"5612","P84024",38.119
"5613","P84025",47.949
"5614","P84026",49.585
"5615","P84027",38.791
"5616","P84028",58.046
"5617","P84029",50.672
"5618","P84030",47.198
"5619","P84032",46.79
"5620","P84033",45.573
"5621","P84034",12.026
"5622","P84035",26.886
"5623","P84037",42.326
"5624","P84038",26.557
"5625","P84039",34.696
"5626","P84040",55.825
"5627","P84041",43.12
"5628","P84042",46.519
"5629","P84043",46.65
"5630","P84045",39.098
"5631","P84046",46.713
"5632","P84047",51.599
"5633","P84048",43.124
"5634","P84049",44.445
"5635","P84050",58.439
"5636","P84051",46.514
"5637","P84052",51.226
"5638","P84053",40.878
"5639","P84054",54.489
"5640","P84056",39.462
"5641","P84059",42.892
"5642","P84061",30.757
"5643","P84064",28.145
"5644","P84065",54.953
"5645","P84066",35.226
"5646","P84067",31.056
"5647","P84068",20.183
"5648","P84070",52.756
"5649","P84071",19.392
"5650","P84072",34.48
"5651","P84074",49.097
"5652","P84605",61.584
"5653","P84611",37.247
"5654","P84626",37.762
"5655","P84630",25.409
"5656","P84635",43.889
"5657","P84637",46.168
"5658","P84639",28.909
"5659","P84644",53.758
"5660","P84645",45.361
"5661","P84650",28.956
"5662","P84651",33.291
"5663","P84663",43.487
"5664","P84665",27.262
"5665","P84669",28.838
"5666","P84672",20.507
"5667","P84673",28.549
"5668","P84678",12.945
"5669","P84679",54.144
"5670","P84683",18.515
"5671","P84684",44.844
"5672","P84689",45.329
"5673","P84690",46.204
"5674","P85002",51.657
"5675","P85003",55.864
"5676","P85004",40.066
"5677","P85005",20.684
"5678","P85007",50.102
"5679","P85010",27.586
"5680","P85011",34.816
"5681","P85012",53.31
"5682","P85013",22.303
"5683","P85014",47.039
"5684","P85015",51.748
"5685","P85016",13.534
"5686","P85017",24.791
"5687","P85018",43.465
"5688","P85019",25.781
"5689","P85020",43.981
"5690","P85021",52.486
"5691","P85022",36.78
"5692","P85026",28.714
"5693","P85601",50.546
"5694","P85605",44.77
"5695","P85606",33.115
"5696","P85608",51.363
"5697","P85610",31.366
"5698","P85612",51.287
"5699","P85614",27.333
"5700","P85615",49.563
"5701","P85622",54.943
"5702","P86001",26.099
"5703","P86002",46.36
"5704","P86003",19.628
"5705","P86004",29.011
"5706","P86005",41.626
"5707","P86006",36.253
"5708","P86007",41.662
"5709","P86008",44.218
"5710","P86009",33.811
"5711","P86010",23.203
"5712","P86011",32.998
"5713","P86012",39.881
"5714","P86013",29.095
"5715","P86014",48.893
"5716","P86015",33.561
"5717","P86016",38.198
"5718","P86017",51.003
"5719","P86018",24.441
"5720","P86019",30.537
"5721","P86021",24.265
"5722","P86022",26.512
"5723","P86023",27.553
"5724","P86026",37.158
"5725","P86602",36.68
"5726","P86606",45.776
"5727","P86608",24.75
"5728","P86609",48.922
"5729","P86614",49.77
"5730","P86619",48.158
"5731","P86620",39.338
"5732","P86624",24.71
"5733","P87002",27.348
"5734","P87004",26.508
"5735","P87008",28.188
"5736","P87015",40.63
"5737","P87016",12.533
"5738","P87017",27.923
"5739","P87019",34.391
"5740","P87020",33.877
"5741","P87022",40.542
"5742","P87024",38.467
"5743","P87025",28.386
"5744","P87026",44.731
"5745","P87027",35.502
"5746","P87028",31.735
"5747","P87032",22.498
"5748","P87035",25.084
"5749","P87040",32.821
"5750","P87610",28.353
"5751","P87613",53.051
"5752","P87620",26.597
"5753","P87624",10.67
"5754","P87625",50.213
"5755","P87627",12.914
"5756","P87630",52.813
"5757","P87634",37.396
"5758","P87639",34.532
"5759","P87648",43.227
"5760","P87649",28.911
"5761","P87654",41.916
"5762","P87657",30.046
"5763","P87658",36.516
"5764","P87661",46.71
"5765","P88002",7.795
"5766","P88003",31.112
"5767","P88005",27.076
"5768","P88006",14.278
"5769","P88007",7.227
"5770","P88008",11.007
"5771","P88009",20.8
"5772","P88011",34.41
"5773","P88012",11.95
"5774","P88013",20.535
"5775","P88014",22.008
"5776","P88015",5.032
"5777","P88016",19.923
"5778","P88017",16.506
"5779","P88018",27.773
"5780","P88019",22.935
"5781","P88020",15.022
"5782","P88021",12.515
"5783","P88023",13.184
"5784","P88024",9.257
"5785","P88025",9.153
"5786","P88026",19.197
"5787","P88031",17.189
"5788","P88041",3.982
"5789","P88042",13.436
"5790","P88043",55.877
"5791","P88044",25.463
"5792","P88606",16.069
"5793","P88615",35.271
"5794","P88623",8.826
"5795","P88625",21.408
"5796","P88632",28.522
"5797","P89002",30.355
"5798","P89003",36.336
"5799","P89004",27.154
"5800","P89005",24.411
"5801","P89006",18.898
"5802","P89007",29.079
"5803","P89008",36.514
"5804","P89010",22.754
"5805","P89011",38.376
"5806","P89012",30.799
"5807","P89013",47.789
"5808","P89014",31.241
"5809","P89015",26.202
"5810","P89016",30.679
"5811","P89018",28.722
"5812","P89020",41.208
"5813","P89021",29.043
"5814","P89022",37.929
"5815","P89023",28.321
"5816","P89025",34.524
"5817","P89026",26.839
"5818","P89029",25.889
"5819","P89030",43.13
"5820","P89602",22.362
"5821","P89609",36.218
"5822","P89612",23.727
"5823","P89613",32.589
"5824","P89618",25.167
"5825","P91003",9.011
"5826","P91004",7.678
"5827","P91006",13.008
"5828","P91007",10.095
"5829","P91008",6.174
"5830","P91009",11.543
"5831","P91011",5.803
"5832","P91012",13.004
"5833","P91013",23.332
"5834","P91014",11.922
"5835","P91016",8.488
"5836","P91017",15.22
"5837","P91018",22.172
"5838","P91019",42.817
"5839","P91020",36.088
"5840","P91021",16.271
"5841","P91026",42.477
"5842","P91029",13.115
"5843","P91035",10.375
"5844","P91603",7.514
"5845","P91604",6.976
"5846","P91617",9.436
"5847","P91623",7.266
"5848","P91627",21.295
"5849","P91629",26.05
"5850","P91631",4.611
"5851","P92001",18.38
"5852","P92002",15.225
"5853","P92003",29.858
"5854","P92004",27.169
"5855","P92005",21.617
"5856","P92006",33.235
"5857","P92007",32.888
"5858","P92008",25.503
"5859","P92010",24.174
"5860","P92011",33.871
"5861","P92012",23.091
"5862","P92014",9.763
"5863","P92015",20.123
"5864","P92016",26.482
"5865","P92017",9.602
"5866","P92019",36.916
"5867","P92020",13.774
"5868","P92021",34.064
"5869","P92023",29.269
"5870","P92024",22.099
"5871","P92026",33.8
"5872","P92028",23.611
"5873","P92029",34.056
"5874","P92030",24.949
"5875","P92031",33.745
"5876","P92033",25.427
"5877","P92034",19.759
"5878","P92038",10.195
"5879","P92041",20.422
"5880","P92042",29.317
"5881","P92602",31.579
"5882","P92605",12.799
"5883","P92607",28.875
"5884","P92615",32.47
"5885","P92620",39.849
"5886","P92621",30.219
"5887","P92626",29.624
"5888","P92630",23.32
"5889","P92633",26.346
"5890","P92634",26.422
"5891","P92635",29.674
"5892","P92637",17.216
"5893","P92639",22.697
"5894","P92642",20.128
"5895","P92646",12.733
"5896","P92647",22.371
"5897","P92648",17.024
"5898","P92651",26.939
"5899","Y00020",23.989
"5900","Y00026",23.526
"5901","Y00033",26.459
"5902","Y00050",32.861
"5903","Y00057",44.398
"5904","Y00078",25.05
"5905","Y00080",19.837
"5906","Y00090",24.979
"5907","Y00137",28.502
"5908","Y00140",26.212
"5909","Y00155",22.88
"5910","Y00159",32.881
"5911","Y00184",43.856
"5912","Y00185",8.751
"5913","Y00186",46.901
"5914","Y00200",26.286
"5915","Y00206",39.181
"5916","Y00228",43.018
"5917","Y00252",10.941
"5918","Y00265",25.052
"5919","Y00278",39.153
"5920","Y00286",31.277
"5921","Y00293",16.386
"5922","Y00297",20.574
"5923","Y00312",30.091
"5924","Y00316",18.693
"5925","Y00344",35.447
"5926","Y00347",21.316
"5927","Y00351",20.358
"5928","Y00352",28.847
"5929","Y00399",15.71
"5930","Y00403",30.168
"5931","Y00411",42.198
"5932","Y00412",52.677
"5933","Y00437",16.684
"5934","Y00445",45.657
"5935","Y00446",12.253
"5936","Y00469",35.765
"5937","Y00471",39.213
"5938","Y00475",15.492
"5939","Y00486",21.481
"5940","Y00492",50.428
"5941","Y00507",28.72
"5942","Y00560",14.409
"5943","Y00568",18.569
"5944","Y00612",42.155
"5945","Y00726",30.263
"5946","Y00758",36.233
"5947","Y00774",23.859
"5948","Y00902",37.77
"5949","Y00918",26.048
"5950","Y00969",21.098
"5951","Y00996",37.525
"5952","Y00999",20.318
"5953","Y01008",33.704
"5954","Y01011",31.547
"5955","Y01050",29.307
"5956","Y01051",30.648
"5957","Y01057",43.051
"5958","Y01066",31.291
"5959","Y01068",56.018
"5960","Y01090",26.179
"5961","Y01108",19.953
"5962","Y01118",37.095
"5963","Y01127",22.537
"5964","Y01132",15.001
"5965","Y01163",16.816
"5966","Y01206",10.259
"5967","Y01221",27.756
"5968","Y01280",32.459
"5969","Y01281",9.729
"5970","Y01291",20.218
"5971","Y01652",20.031
"5972","Y01655",18.038
"5973","Y01690",26.528
"5974","Y01695",50.333
"5975","Y01719",30.936
"5976","Y01756",20.337
"5977","Y01794",22.643
"5978","Y01795",29.447
"5979","Y01812",20.057
"5980","Y01839",24.996
"5981","Y01922",20.246
"5982","Y01929",25.195
"5983","Y01948",61.255
"5984","Y01964",17.522
"5985","Y02002",20.757
"5986","Y02117",36.622
"5987","Y02177",41.374
"5988","Y02212",29.376
"5989","Y02274",38.218
"5990","Y02319",50.761
"5991","Y02321",30.142
"5992","Y02322",36.863
"5993","Y02325",47.166
"5994","Y02332",31.136
"5995","Y02342",36.3
"5996","Y02354",18.192
"5997","Y02378",20.252
"5998","Y02423",17.811
"5999","Y02463",36.386
"6000","Y02466",11.864
"6001","Y02469",39.606
"6002","Y02476",19.568
"6003","Y02494",39.471
"6004","Y02510",33.955
"6005","Y02517",20.275
"6006","Y02519",34.961
"6007","Y02520",48.888
"6008","Y02521",33.678
"6009","Y02567",46.161
"6010","Y02571",25.261
"6011","Y02575",31.984
"6012","Y02578",22.526
"6013","Y02586",51.169
"6014","Y02589",24.743
"6015","Y02594",19.07
"6016","Y02605",37.996
"6017","Y02606",40.025
"6018","Y02611",11.349
"6019","Y02622",21.752
"6020","Y02625",37.274
"6021","Y02626",34.737
"6022","Y02627",47.904
"6023","Y02633",20.361
"6024","Y02636",41.435
"6025","Y02639",15.469
"6026","Y02646",17.258
"6027","Y02653",35.348
"6028","Y02657",39.928
"6029","Y02663",26.955
"6030","Y02669",45.332
"6031","Y02671",28.055
"6032","Y02672",26.112
"6033","Y02676",24.031
"6034","Y02684",58.273
"6035","Y02686",33.62
"6036","Y02692",26.809
"6037","Y02701",36.04
"6038","Y02707",34.571
"6039","Y02713",29.485
"6040","Y02718",36.782
"6041","Y02720",45.541
"6042","Y02721",48.808
"6043","Y02736",42.589
"6044","Y02751",24.235
"6045","Y02753",53.793
"6046","Y02755",36.069
"6047","Y02757",37.03
"6048","Y02767",29.557
"6049","Y02769",13.943
"6050","Y02787",41.142
"6051","Y02790",45.07
"6052","Y02794",54.791
"6053","Y02795",35.512
"6054","Y02807",22.996
"6055","Y02811",14.954
"6056","Y02827",54.362
"6057","Y02842",34.544
"6058","Y02847",28.066
"6059","Y02849",20.393
"6060","Y02867",48.789
"6061","Y02875",54.351
"6062","Y02885",46.606
"6063","Y02886",25.401
"6064","Y02890",34.048
"6065","Y02893",47.851
"6066","Y02900",14.364
"6067","Y02906",28.406
"6068","Y02928",21.194
"6069","Y02933",47.087
"6070","Y02936",24.55
"6071","Y02946",19.431
"6072","Y02960",50.292
"6073","Y02973",18.005
"6074","Y02974",26.164
"6075","Y02986",32.848
"6076","Y02987",31.143
"6077","Y03023",34.68
"6078","Y03035",18.282
"6079","Y03049",41.07
"6080","Y03052",21.75
"6081","Y03063",27.077
"6082","Y03079",26.567
"6083","Y03124",38.116
"6084","Y03135",27.517
"6085","Y03222",28.687
"6086","Y03366",46.752
"6087","Y03402",46.739
"6088","Y03441",19.861
"6089","Y03595",20.43
"6090","Y03597",53.06
"6091","Y03602",11.887
"6092","Y03663",25.793
"6093","Y03664",24.558
"6094","Y03755",17.429
"6095","Y04225",26.962
"6096","Y04266",36.392
"6097","Y04273",20.632
"6098","Y04662",15.647
"6099","Y04664",9.691
"6100","Y04809",39.794
"6101","Y04882",23.184
"6102","Y04884",12.703
"6103","Y04925",7.29
"6104","Y04957",23.322
"6105","Y04965",34.437
"6106","Y04969",36.508
"6107","Y04977",35.133
"6108","Y04995",32.355
"6109","Y05023",19.132
"6110","Y05080",17.232
"6111","Y05167",49.569
"6112","Y05212",23.543
"6113","Y05248",33.924
"6114","Y05286",27.26
"6115","Y05317",26.904
"6116","Y05318",26.862
"6117","Y05330",28.456
"6118","Y05346",37.229
"6119","Y05349",28.654
"6120","Y05363",32.742
"6121","Y05364",40.183
"6122","Y05369",14.884
"6123","Y05622",41.82
"6124","Y05690",26.575
"6125","Y05733",32.517
"6126","Y05826",48.112
"6127","Y06007",40.39
"6128","Y06218",13.713
"6129","Y06275",52.121
"6130","Y06345",12.866
"6131","Y06356",37.247
"6132","Y06378",50.119
"6133","Y06443",22.281
"6134","Y06659",14.626
"6135","Y06792",49.33
"6136","Y06810",15.127
"6137","Y07014",19.836
"6138","Y07025",33.42
"6139","Y07057",31.509
"6140","Y07059",24.002
"6141","Y07060",33.753
"6142","Y07275",33.884
"6143","Y08371",27.909
